fix_id|fault_id|fix_title|probability_rank|difficulty_level|est_parts_cost_min_usd|est_parts_cost_max_usd|est_labor_hours|step_by_step_instructions
1|1|Verify the auxiliary output's parameter assignment with a diagnostic tool|1|Dealer / specialist|0.0|150.0|0.8|1. Connect a dealer-level diagnostic tool and read the auxiliary output configuration • 2. Confirm it matches the solenoid actually wired on the truck • 3. Correct the parameter and clear codes
2|1|Replace the assigned solenoid valve|2|Fleet technician|60.0|300.0|1.3|1. Tag and disconnect the air line and electrical connector • 2. Remove and replace the diff lock, transfer case, trailer or 3/2 valve solenoid • 3. Leak-check, clear codes and function-test
3|1|Identify the assigned solenoid and inspect its connector|3|Fleet technician|0.0|15.0|0.5|1. Use the diagnostic tool to read which function (diff lock, transfer case, trailer, 3/2 valve) the output is configured for • 2. Locate and inspect that solenoid's connector for corrosion • 3. Clean, reconnect and clear codes
4|1|Test the auxiliary output driver circuit for a short or open|4|Fleet technician|5.0|70.0|1.2|1. Back-probe the output pin at the ECU and measure resistance to the solenoid coil • 2. Check for a short to ground or voltage along the harness • 3. Repair the wiring and re-test
169|43|Read and clear codes, then cycle ignition and re-scan for a repeat fault|1|Fleet technician|0.0|0.0|0.4|1. Record all active and stored codes • 2. Clear codes and cycle ignition off/on • 3. Re-scan and road-test to see if the fault re-sets
170|43|Update the ECU software to the latest calibration|2|Dealer / specialist|0.0|200.0|1.0|1. Connect the dealer diagnostic tool and check the current software level • 2. Apply the latest released calibration/update • 3. Clear codes and road-test
171|43|Replace the ABS/ESC ECU|3|Dealer / specialist|900.0|2500.0|2.0|1. Confirm the internal fault repeats after a software update and power-supply check • 2. Replace the ECU with the correct part number for the vehicle configuration • 3. Complete dealer end-of-line programming and configuration
172|43|Verify the connection between the main ECU and any add-on ESC/safety module|4|Dealer / specialist|0.0|100.0|1.0|1. Inspect the harness/connector linking the main ABS ECU and the ESC module • 2. Check for corrosion, an open pin, or a loose connector • 3. Repair and clear codes
349|85|Verify wheel-speed sensor wiring matches the correct wheel position|1|Fleet technician|0.0|0.0|0.5|1. Confirm each sensor connector is routed to its labeled ECU pin • 2. Correct any swapped or reversed left/right connections • 3. Clear codes and road-test
350|85|Replace a worn or damaged tone ring|2|Fleet technician|60.0|220.0|1.5|1. Access and remove the damaged tone ring • 2. Press on the replacement ring • 3. Reassemble, set the air gap and road-test
351|85|Clean the tone ring and check sensor mounting security|3|Fleet technician|0.0|40.0|0.8|1. Remove debris and metal fines from the tone ring teeth • 2. Confirm the sensor is fully seated and not vibrating loose • 3. Clear codes and road-test through a speed range
352|85|Replace a mismatched tire so the axle set matches|4|Fleet technician|400.0|900.0|1.5|1. Identify the tire(s) that do not match the axle set • 2. Replace with a correctly sized/matched tire • 3. Re-verify sizes and pressures, then clear codes
353|85|Verify matched tire sizes and pressures across the axle|5|Driver check|0.0|0.0|0.3|1. Measure rolling circumference or check size/load ratings on each tire of the axle • 2. Correct pressure to spec on all positions • 3. Note any mismatched tire for replacement
547|127|Replace a worn or damaged tone ring|1|Fleet technician|60.0|220.0|1.5|1. Access and remove the damaged tone ring • 2. Press on the replacement ring • 3. Reassemble, set the air gap and road-test
548|127|Clean the tone ring and check sensor mounting security|2|Fleet technician|0.0|40.0|0.8|1. Remove debris and metal fines from the tone ring teeth • 2. Confirm the sensor is fully seated and not vibrating loose • 3. Clear codes and road-test through a speed range
549|127|Replace a mismatched tire so the axle set matches|3|Fleet technician|400.0|900.0|1.5|1. Identify the tire(s) that do not match the axle set • 2. Replace with a correctly sized/matched tire • 3. Re-verify sizes and pressures, then clear codes
550|127|Verify wheel-speed sensor wiring matches the correct wheel position|4|Fleet technician|0.0|0.0|0.5|1. Confirm each sensor connector is routed to its labeled ECU pin • 2. Correct any swapped or reversed left/right connections • 3. Clear codes and road-test
551|127|Verify matched tire sizes and pressures across the axle|5|Driver check|0.0|0.0|0.3|1. Measure rolling circumference or check size/load ratings on each tire of the axle • 2. Correct pressure to spec on all positions • 3. Note any mismatched tire for replacement
726|169|Inspect and clean the modulator valve connector|1|Fleet technician|0.0|15.0|0.4|1. Key off, unplug the valve connector • 2. Check pins for corrosion and spread terminals • 3. Clean, apply dielectric grease, reconnect and clear codes
727|169|Test the hold/release solenoid coil resistance and wiring|2|Fleet technician|5.0|60.0|1.0|1. Back-probe the hold and release coil pins and measure resistance against spec • 2. Check for a short to ground or to voltage on the harness • 3. Repair or replace the wiring as needed
728|169|Replace the ABS pressure modulator valve|3|Fleet technician|250.0|600.0|1.8|1. Tag and disconnect the air lines and electrical connector • 2. Remove and replace the modulator valve, torquing fittings per spec • 3. Leak-check, clear codes and road-test
729|169|Check the modulator for a sticking spool or internal air leak|4|Fleet technician|0.0|350.0|1.2|1. Listen and feel for continuous air flow or chatter at the valve • 2. Cycle the valve with a diagnostic tool and observe exhaust/response • 3. Replace the valve if it sticks or leaks internally
880|211|Inspect and clean the modulator valve connector|1|Fleet technician|0.0|15.0|0.4|1. Key off, unplug the valve connector • 2. Check pins for corrosion and spread terminals • 3. Clean, apply dielectric grease, reconnect and clear codes
881|211|Test the hold/release solenoid coil resistance and wiring|2|Fleet technician|5.0|60.0|1.0|1. Back-probe the hold and release coil pins and measure resistance against spec • 2. Check for a short to ground or to voltage on the harness • 3. Repair or replace the wiring as needed
882|211|Replace the ABS pressure modulator valve|3|Fleet technician|250.0|600.0|1.8|1. Tag and disconnect the air lines and electrical connector • 2. Remove and replace the modulator valve, torquing fittings per spec • 3. Leak-check, clear codes and road-test
883|211|Check the modulator for a sticking spool or internal air leak|4|Fleet technician|0.0|350.0|1.2|1. Listen and feel for continuous air flow or chatter at the valve • 2. Cycle the valve with a diagnostic tool and observe exhaust/response • 3. Replace the valve if it sticks or leaks internally
1046|253|Run the steering angle sensor calibration procedure with a diagnostic tool|1|Dealer / specialist|0.0|120.0|0.5|1. Center the steering wheel, wheels straight, vehicle on level ground • 2. Run the SAS calibration in the diagnostic tool • 3. Verify the learned zero point and clear codes
1047|253|Replace the steering angle sensor|2|Fleet technician|100.0|350.0|1.0|1. Remove the steering column trim and disconnect the sensor • 2. Install the replacement sensor • 3. Reassemble and run the calibration procedure
1048|253|Inspect and reseat the steering angle sensor connector|3|Fleet technician|0.0|15.0|0.4|1. Key off, unplug the SAS connector under the steering column • 2. Check pins for corrosion and spread terminals • 3. Clean, reconnect and clear codes
1049|253|Verify the SAS is correctly centered and securely mounted on the column|4|Fleet technician|0.0|60.0|0.8|1. Check the sensor housing for secure mounting and correct orientation • 2. Confirm the steering wheel is centered with the wheels straight ahead • 3. Re-seat or re-align as needed
1206|295|Verify the underlying system condition the sensor is reporting|1|Fleet technician|0.0|400.0|1.0|1. Confirm whether the out-of-range reading reflects a real system fault or a bad sensor • 2. Inspect the related system for the root physical cause • 3. Repair as needed, then clear codes and re-verify
1207|295|Replace the fuel temperature sensor|2|Fleet technician|25.0|150.0|0.7|1. Confirm the sensor's live reading against a known-good reference (scan tool or hand-held meter) • 2. Remove and replace the sensor, torque per OEM spec • 3. Clear codes and verify the new reading tracks correctly
1208|295|Inspect and clean the fuel temperature sensor connector|3|Fleet technician|0.0|15.0|0.5|1. Key off, unplug the sensor connector • 2. Check pins for corrosion, bent terminals or moisture intrusion • 3. Apply dielectric grease, reseat the connector, clear codes and recheck live data
1209|295|Test the fuel temperature sensor signal, ground and reference circuits|4|Fleet technician|5.0|60.0|1.2|1. Back-probe the signal, ground and 5V/8V reference pins at the ECU connector • 2. Check for opens, shorts to ground/battery and resistance in range • 3. Repair chafed or corroded wiring, reseal splices, clear codes
1369|337|Inspect and clean the accelerator pedal position sensor connector|1|Fleet technician|0.0|15.0|0.5|1. Key off, unplug the sensor connector • 2. Check pins for corrosion, bent terminals or oil/coolant intrusion • 3. Apply dielectric grease, reseat, clear codes
1370|337|Test the accelerator pedal position sensor signal and supply circuits|2|Fleet technician|5.0|60.0|1.3|1. Back-probe signal, ground and supply-voltage pins at the ECU connector • 2. Check for opens, shorts and correct reference voltage • 3. Repair chafed wiring or corroded splices, clear codes
1371|337|Replace the accelerator pedal position sensor|3|Fleet technician|30.0|220.0|0.9|1. Verify sensor air-gap or mounting per OEM spec • 2. Remove and replace the sensor and O-ring/seal • 3. Set the correct gap or torque, clear codes and verify signal quality on a scan tool
1372|337|Check the sensed target (gear teeth, reluctor ring, linkage) for damage|4|Dealer / specialist|0.0|600.0|1.5|1. Inspect the reluctor wheel, gear teeth or mechanical linkage the sensor reads for damage, debris or wear • 2. Repair or replace the damaged component • 3. Reinstall the sensor, clear codes and verify
1536|379|Inspect and clean the engine coolant temperature sensor connector|1|Fleet technician|0.0|15.0|0.5|1. Key off, unplug the sensor connector • 2. Check pins for corrosion, bent terminals or moisture intrusion • 3. Apply dielectric grease, reseat the connector, clear codes and recheck live data
1537|379|Test the engine coolant temperature sensor signal, ground and reference circuits|2|Fleet technician|5.0|60.0|1.2|1. Back-probe the signal, ground and 5V/8V reference pins at the ECU connector • 2. Check for opens, shorts to ground/battery and resistance in range • 3. Repair chafed or corroded wiring, reseal splices, clear codes
1538|379|Replace the engine coolant temperature sensor|3|Fleet technician|25.0|150.0|0.7|1. Confirm the sensor's live reading against a known-good reference (scan tool or hand-held meter) • 2. Remove and replace the sensor, torque per OEM spec • 3. Clear codes and verify the new reading tracks correctly
1539|379|Verify the underlying system condition the sensor is reporting|4|Fleet technician|0.0|400.0|1.0|1. Confirm whether the out-of-range reading reflects a real system fault or a bad sensor • 2. Inspect the related system for the root physical cause • 3. Repair as needed, then clear codes and re-verify
1702|421|Check ECU power, ground and case-connector integrity|1|Fleet technician|0.0|40.0|0.8|1. Key off, inspect the main ECU harness connectors for corrosion, bent pins or moisture intrusion • 2. Check the ECU's power and ground straps for a clean, tight connection • 3. Reseat, clear codes
1703|421|Test ECU supply and ground circuit wiring for the affected channel|2|Fleet technician|5.0|80.0|1.2|1. Verify battery voltage reaches the ECU's power pins with the key on • 2. Check chassis ground points for corrosion or a poor connection • 3. Repair as needed, clear codes
1704|421|Replace the engine control unit (ECU) (or the affected internal module)|3|Dealer / specialist|400.0|3500.0|3.0|1. Confirm the fault persists after a reflash and clean power/ground • 2. Replace the ECU/module and transfer or re-program its configuration data • 3. Clear codes and verify with a full system scan
1705|421|Reflash/reprogram the engine control unit (ECU) with the latest calibration|4|Dealer / specialist|0.0|300.0|1.5|1. Connect the OEM diagnostic tool and check for a newer software/calibration release • 2. Reflash the ECU per the OEM procedure • 3. Clear codes, run a full DTC scan and road-test
1866|463|Test the fuel injector driver circuit resistance and wiring|1|Fleet technician|5.0|70.0|1.3|1. Measure coil/solenoid resistance at the connector against OEM spec • 2. Check the harness back to the ECU/injector driver for opens or shorts • 3. Repair or replace the harness section as needed, clear codes
1867|463|Inspect and clean the fuel injector connector|2|Fleet technician|0.0|20.0|0.5|1. Key off, unplug the injector connector • 2. Check pins for corrosion, heat damage or a loose crimp • 3. Apply dielectric grease, reseat, clear codes
1868|463|Replace the fuel injector|3|Dealer / specialist|120.0|650.0|1.8|1. Confirm which cylinder/position is faulted from live data or cylinder cutout test • 2. Remove and replace the injector, use new seals/washers per OEM spec • 3. Torque to spec, prime the fuel system, clear codes and road-test
1869|463|Perform injector trim/coding reset after service|4|Dealer / specialist|0.0|150.0|0.8|1. Enter the injector serial/trim code from the new injector into the ECU (or reset adaptive trims) using the OEM diagnostic tool • 2. Clear codes • 3. Verify smooth idle and no misfire/imbalance codes return
2014|505|Free and clean the cylinder misfire/power-balance monitor|1|Fleet technician|10.0|80.0|0.9|1. Remove the valve and inspect for sticking, varnish or debris • 2. Clean and free the moving element, or replace if seized • 3. Reinstall, clear codes and verify
2015|505|Check the related system pressure and condition|2|Fleet technician|0.0|300.0|1.0|1. Verify the system pressure the valve regulates is within spec with a gauge • 2. Address any upstream cause (restriction, pump wear, contamination) • 3. Clear codes and re-verify
2016|505|Replace the cylinder misfire/power-balance monitor|3|Fleet technician|40.0|300.0|1.0|1. Remove the valve/assembly • 2. Fit the replacement with new seals per OEM spec • 3. Clear codes and verify correct operation
2153|547|Free and clean the cylinder misfire/power-balance monitor|1|Fleet technician|10.0|80.0|0.9|1. Remove the valve and inspect for sticking, varnish or debris • 2. Clean and free the moving element, or replace if seized • 3. Reinstall, clear codes and verify
2154|547|Check the related system pressure and condition|2|Fleet technician|0.0|300.0|1.0|1. Verify the system pressure the valve regulates is within spec with a gauge • 2. Address any upstream cause (restriction, pump wear, contamination) • 3. Clear codes and re-verify
2155|547|Replace the cylinder misfire/power-balance monitor|3|Fleet technician|40.0|300.0|1.0|1. Remove the valve/assembly • 2. Fit the replacement with new seals per OEM spec • 3. Clear codes and verify correct operation
2320|589|Test the LCA position sensor and drive circuits|1|Fleet technician|5.0|60.0|1.0|1. Back-probe the LCA signal, return and drive circuits at the TECU connector • 2. Check for the reference voltage and continuity to the actuator • 3. Repair chafed or open conductors and reseal any splices
2321|589|Inspect and clean the LCA wiring connector|2|Fleet technician|0.0|20.0|0.5|1. Key off, disconnect the LCA connector • 2. Check pins for corrosion, spread terminals and moisture intrusion • 3. Apply dielectric grease, reconnect, clear codes and cycle the clutch
2322|589|Replace the Linear Clutch Actuator (LCA) assembly|3|Dealer / specialist|1500.0|3500.0|3.0|1. Support the transmission and disconnect the air supply to the actuator • 2. Remove the LCA assembly and transfer or replace the mounting hardware • 3. Fit the new LCA, reconnect wiring and air lines, then run the clutch touch-point learn
2323|589|Relearn the clutch touch-point with ServiceRanger|4|Dealer / specialist|0.0|0.0|0.8|1. Connect ServiceRanger and select the clutch calibration routine • 2. Follow the guided touch-point learn sequence with the engine at operating temperature • 3. Verify the learned values fall within Eaton's expected range and clear codes
2324|589|Inspect the clutch linkage, release bearing and pressure plate|5|Fleet technician|40.0|600.0|2.0|1. Remove the inspection cover and check linkage travel and free play • 2. Inspect the release bearing and pressure plate fingers for wear or damage • 3. Adjust or repair as needed and re-verify LCA travel
2512|631|Verify supply air is at or above 100 psi and check the air dryer/regulator/lines|1|Fleet technician|30.0|400.0|1.5|1. Check gauge pressure at the TECU air pack with the engine running and air system charged • 2. Inspect the air dryer, governor and supply lines for restriction, leaks or moisture • 3. Repair the air system and re-verify pressure at the pack
2513|631|Replace the air supply pressure sensor|2|Fleet technician|50.0|150.0|0.8|1. Isolate and bleed the air supply line to the sensor • 2. Remove and replace the sensor • 3. Restore air supply, leak-check the fitting, clear codes and verify live pressure data
2514|631|Inspect and clean the air supply pressure sensor connector|3|Fleet technician|0.0|15.0|0.5|1. Key off, disconnect the sensor connector • 2. Check pins for corrosion and spread terminals • 3. Apply dielectric grease, reconnect and clear codes
2515|631|Test the sensor signal circuit|4|Fleet technician|5.0|60.0|1.0|1. Back-probe the signal and return pins at the TECU connector • 2. Check for reference voltage and continuity to the sensor • 3. Repair chafed or open conductors
2683|673|Check fluid level/condition, filter and lube pump for a genuine low-pressure condition|1|Dealer / specialist|100.0|900.0|2.5|1. Check fluid level and condition with the vehicle level and at operating temperature • 2. Inspect and replace the transmission filter if restricted • 3. If pressure remains low with a known-good sensor, inspect the lube pump and pickup screen
2684|673|Replace the transmission oil pressure sensor|2|Fleet technician|40.0|150.0|0.8|1. Drain fluid below the sensor location if required • 2. Remove and replace the sensor with the correct thread sealant • 3. Refill, clear codes and verify live pressure data
2685|673|Recalibrate the pressure sensor scaling with ServiceRanger|3|Dealer / specialist|0.0|0.0|0.5|1. Connect ServiceRanger and compare the live reading to a shop pressure gauge at the test port • 2. Run the sensor scaling/calibration routine if available • 3. Clear codes and re-verify
2686|673|Inspect and clean the oil pressure sensor connector|4|Fleet technician|0.0|15.0|0.5|1. Key off, disconnect the sensor connector • 2. Check pins for corrosion and spread terminals • 3. Apply dielectric grease, reconnect and clear codes
2687|673|Test the pressure sensor signal circuit|5|Fleet technician|5.0|60.0|1.0|1. Back-probe the signal and return pins at the TECU connector • 2. Check for reference voltage and continuity to the sensor • 3. Repair chafed or open conductors
2867|715|Replace the countershaft speed sensor|1|Fleet technician|60.0|200.0|0.8|1. Remove the sensor from its bore • 2. Fit the new sensor, setting the air gap or torque per the Eaton service manual • 3. Reconnect, clear codes and verify live speed data
2868|715|Check the sensor air gap and tone ring/gear for damage or debris|2|Fleet technician|20.0|150.0|1.0|1. Remove the sensor and inspect the tip for metal debris or damage • 2. Inspect the tone ring/gear teeth for wear or damage • 3. Clean debris, reset the air gap and reinstall
2869|715|Inspect and clean the countershaft speed sensor connector|3|Fleet technician|0.0|15.0|0.5|1. Key off, disconnect the sensor connector • 2. Check pins for corrosion and spread terminals • 3. Apply dielectric grease, reconnect and clear codes
2870|715|Test the countershaft speed sensor signal circuit|4|Fleet technician|5.0|60.0|1.0|1. Back-probe the signal and return pins at the TECU connector • 2. Check for chafed or open conductors between the sensor and the TECU • 3. Repair or reseal as needed
3035|757|Test the sensor signal and return circuits|1|Fleet technician|5.0|60.0|1.0|1. Back-probe the signal and return pins at the TECU connector • 2. Check for the reference voltage and resistance to ground • 3. Repair chafed or open conductors
3036|757|Inspect and clean the oil temperature sensor connector|2|Fleet technician|0.0|15.0|0.5|1. Key off, unplug the sensor • 2. Check pins for corrosion, spread terminals and fluid intrusion • 3. Apply dielectric grease, reconnect and clear codes
3037|757|Replace the transmission oil temperature sensor|3|Fleet technician|25.0|120.0|0.8|1. Drain fluid below the sensor location • 2. Remove the sensor and fit the new one with sealant per Eaton spec • 3. Refill, clear codes and verify live data against an infrared reading
3038|757|Diagnose a genuine overheating condition (fluid level, cooler, duty cycle)|4|Fleet technician|40.0|700.0|2.0|1. Confirm the reading with an infrared thermometer at the pan or housing • 2. Check fluid level/condition and cooler airflow or coolant flow • 3. Repair the cause, then clear and re-check under load
3203|799|Replace the output shaft speed sensor|1|Fleet technician|60.0|200.0|0.8|1. Remove the sensor from its bore • 2. Fit the new sensor, setting the air gap or torque per the Eaton service manual • 3. Reconnect, clear codes and verify live speed data
3204|799|Check the sensor air gap and tone ring/gear for damage or debris|2|Fleet technician|20.0|150.0|1.0|1. Remove the sensor and inspect the tip for metal debris or damage • 2. Inspect the tone ring/gear teeth for wear or damage • 3. Clean debris, reset the air gap and reinstall
3205|799|Inspect and clean the output shaft speed sensor connector|3|Fleet technician|0.0|15.0|0.5|1. Key off, disconnect the sensor connector • 2. Check pins for corrosion and spread terminals • 3. Apply dielectric grease, reconnect and clear codes
3206|799|Test the output shaft speed sensor signal circuit|4|Fleet technician|5.0|60.0|1.0|1. Back-probe the signal and return pins at the TECU connector • 2. Check for chafed or open conductors between the sensor and the TECU • 3. Repair or reseal as needed
3366|841|Replace the LCA or position sensor if confirmation never matches actuator position|1|Dealer / specialist|1500.0|3500.0|3.0|1. Confirm the discrepancy is not mechanical (previous fix) • 2. Replace the Linear Clutch Actuator assembly • 3. Run the clutch touch-point learn and re-verify engagement confirmation
3367|841|Inspect the clutch disc, pressure plate and release mechanism for slippage or wear|2|Dealer / specialist|200.0|1800.0|3.0|1. Remove the inspection cover • 2. Check disc lining thickness, pressure plate finger travel and the release bearing • 3. Repair or replace worn components and re-verify engagement
3368|841|Update the TECU calibration/software to the current Eaton release|3|Dealer / specialist|0.0|150.0|1.0|1. Connect ServiceRanger and check the installed calibration level against Eaton's current release • 2. Apply the update if available • 3. Clear codes and re-verify engagement logic
3369|841|Verify actual clutch engagement with a road test and live data|4|Fleet technician|0.0|0.0|1.0|1. Connect ServiceRanger and monitor LCA position, engine speed and input shaft speed together • 2. Drive through launch and shift events • 3. Confirm whether the engagement state matches the commanded state or lags/never matches
3554|883|Run the grade sensor calibration/relearn with ServiceRanger|1|Dealer / specialist|0.0|0.0|0.8|1. Park the vehicle on a known-level surface • 2. Connect ServiceRanger and run the grade sensor calibration/relearn routine • 3. Verify the learned zero-point and clear codes
3555|883|Replace the grade/inclination sensor|2|Fleet technician|80.0|250.0|1.0|1. Remove the sensor from its mount • 2. Fit the replacement sensor at the correct orientation • 3. Reconnect, clear codes and verify live data on level ground
3556|883|Inspect and clean the grade sensor connector|3|Fleet technician|0.0|20.0|0.5|1. Key off, disconnect the grade sensor connector • 2. Check pins for corrosion and spread terminals • 3. Apply dielectric grease, reconnect and clear codes
3557|883|Test the grade sensor signal circuit|4|Fleet technician|5.0|60.0|1.0|1. Back-probe the signal and return pins at the TECU connector • 2. Check for reference voltage and continuity to the sensor • 3. Repair chafed or open conductors
3558|883|Verify grade sensor mounting and orientation|5|Fleet technician|0.0|80.0|0.8|1. Confirm the sensor is mounted at the chassis location and orientation the OEM specifies • 2. Check for a loose, shifted or incorrectly oriented mount that would skew the reading • 3. Re-torque or re-orient the sensor and re-check the reading against a level reference
3559|883|Verify the grade sensor value is arriving on the J1939 bus without a flagged error|6|Fleet technician|0.0|0.0|0.5|1. Connect ServiceRanger or a bus analyzer and confirm the grade/inclination message is present and not flagged invalid • 2. Check the sending module's own status and the network wiring/termination if the value is flagged invalid • 3. Only replace the sensor if the network path checks out but the value remains implausible
3734|925|Verify the TECU is receiving valid J1939 network traffic before treating this as an internal fault|1|Fleet technician|0.0|0.0|0.5|1. Connect ServiceRanger or a bus analyzer and confirm J1939 traffic is present with no bus-off condition • 2. Check for other active network faults (see the network group) that could explain the update-rate/network-error reading • 3. Only proceed to a software update or TECU replacement once the network itself checks out
3735|925|Update the TECU software/calibration to the current Eaton release|2|Dealer / specialist|0.0|150.0|1.0|1. Connect ServiceRanger and check the installed software/calibration level • 2. Apply Eaton's current release if available • 3. Clear codes and monitor for recurrence
3736|925|Replace the TECU if the internal fault persists after a software update|3|Dealer / specialist|1200.0|2800.0|3.0|1. Confirm power, ground, network and software have all been ruled out • 2. Replace the TECU and transfer the vehicle configuration with ServiceRanger • 3. Run the required calibrations and clear codes
3737|925|Verify TECU power, ground and network wiring are within spec|4|Fleet technician|10.0|80.0|1.0|1. Check TECU battery/ignition supply voltage per the TECU power supply family • 2. Check J1939 network wiring per the network group's diagnosis • 3. Repair any fault found before proceeding
3738|925|Cycle key power and confirm the fault does not immediately return|5|Fleet technician|0.0|0.0|0.3|1. Clear codes with ServiceRanger • 2. Cycle the ignition key off and on • 3. Recheck for the active fault before further diagnosis
3908|967|Cycle key power and confirm the fault does not immediately return|1|Fleet technician|0.0|0.0|0.3|1. Clear codes with ServiceRanger • 2. Cycle the ignition key off and on • 3. Recheck for the active fault before further diagnosis
3909|967|Replace the TECU if the internal fault persists after a software update|2|Dealer / specialist|1200.0|2800.0|3.0|1. Confirm power, ground, network and software have all been ruled out • 2. Replace the TECU and transfer the vehicle configuration with ServiceRanger • 3. Run the required calibrations and clear codes
3910|967|Verify TECU power, ground and network wiring are within spec|3|Fleet technician|10.0|80.0|1.0|1. Check TECU battery/ignition supply voltage per the TECU power supply family • 2. Check J1939 network wiring per the network group's diagnosis • 3. Repair any fault found before proceeding
3911|967|Update the TECU software/calibration to the current Eaton release|4|Dealer / specialist|0.0|150.0|1.0|1. Connect ServiceRanger and check the installed software/calibration level • 2. Apply Eaton's current release if available • 3. Clear codes and monitor for recurrence
3912|967|Verify the TECU is receiving valid J1939 network traffic before treating this as an internal fault|5|Fleet technician|0.0|0.0|0.5|1. Connect ServiceRanger or a bus analyzer and confirm J1939 traffic is present with no bus-off condition • 2. Check for other active network faults (see the network group) that could explain the update-rate/network-error reading • 3. Only proceed to a software update or TECU replacement once the network itself checks out
4082|1009|Inspect and clean the shift selector connector and wiring|1|Fleet technician|0.0|20.0|0.5|1. Key off, disconnect the shift selector connector • 2. Check pins for corrosion and spread terminals • 3. Apply dielectric grease, reconnect and clear codes
4083|1009|Test the shift selector signal circuit and its network wiring for opens/shorts|2|Fleet technician|10.0|80.0|1.0|1. Back-probe the selector signal circuit at the TECU connector • 2. On a multiplexed selector, check the CAN/PWM wiring pair for proper termination and continuity • 3. Repair chafed or open conductors
4084|1009|Replace the shift lever, shift pad or selector module|3|Dealer / specialist|250.0|900.0|1.5|1. Remove the console/dash trim to access the selector • 2. Disconnect and replace the shift lever, pad or selector module • 3. Reinstall, clear codes and verify shift requests in ServiceRanger live data
4085|1009|Update the TECU software and verify the configured selector type|4|Dealer / specialist|0.0|150.0|1.0|1. Connect ServiceRanger and check the configured shift-device type against the installed hardware • 2. Correct the configuration if mismatched • 3. Update TECU software if a related bulletin exists, then clear codes
4086|1009|Verify the shift device message or PWM signal is present and updating at the expected rate|5|Fleet technician|0.0|0.0|0.5|1. Connect ServiceRanger (or a bus analyzer for the J1939 primary shift device) and confirm the shift request message or PWM signal is present and updating • 2. Check the J1939/PWM wiring, termination and the sending module's own status before assuming the selector itself is at fault • 3. Only replace the shift lever, pad or selector module if the link checks out but the request is still missing or invalid
4250|1051|Check supply air pressure and inspect the rail for mechanical binding|1|Fleet technician|20.0|150.0|1.5|1. Verify supply air is at or above 100 psi at the shifter air pack • 2. Cycle the rail by hand (transmission in neutral, air removed) and check for binding or debris • 3. Clean or repair as needed
4251|1051|Replace the faulty X-Y shift rail solenoid or shifter module|2|Dealer / specialist|1200.0|2500.0|3.0|1. Tag and disconnect air lines and wiring from the shifter/solenoid assembly • 2. Remove and replace the faulty solenoid or the full XY shifter module • 3. Reconnect, leak-check fittings, clear codes and run the rail calibration
4252|1051|Inspect and clean the rail solenoid connector|3|Fleet technician|0.0|20.0|0.5|1. Key off, disconnect the rail solenoid connector • 2. Check pins for corrosion and spread terminals • 3. Apply dielectric grease, reconnect and clear codes
4253|1051|Test the rail solenoid coil and drive circuit|4|Fleet technician|5.0|60.0|1.0|1. Measure coil resistance against spec with the connector disconnected • 2. Back-probe the drive circuit for opens or shorts to power/ground • 3. Repair chafed wiring or a failed TECU driver
4418|1093|Replace the inertia brake solenoid|1|Dealer / specialist|200.0|500.0|1.5|1. Tag and disconnect the air line and wiring • 2. Remove and replace the solenoid • 3. Reconnect, leak-check the fitting and clear codes
4419|1093|Run the inertia brake relearn procedure with ServiceRanger|2|Dealer / specialist|0.0|0.0|0.8|1. Connect ServiceRanger and select the inertia brake calibration routine • 2. Follow the guided sequence with the engine running • 3. Verify learned values are within spec and clear codes
4420|1093|Inspect and clean the inertia brake solenoid connector|3|Fleet technician|0.0|20.0|0.5|1. Key off, disconnect the solenoid connector • 2. Check pins for corrosion and spread terminals • 3. Apply dielectric grease, reconnect and clear codes
4421|1093|Test the solenoid coil and drive circuit|4|Fleet technician|5.0|60.0|1.0|1. Measure coil resistance against spec with the connector disconnected • 2. Back-probe the drive circuit for opens or shorts • 3. Repair chafed wiring or a failed TECU driver
4590|1135|Reconfigure the receiving controller's expected-source parameters|1|Dealer / specialist|0.0|150.0|1.0|1. Connect the OEM service tool to the receiving controller • 2. Check its expected-source and parameter configuration against the OEM specification for this chassis • 3. Reprogram or update as needed, clear codes, and confirm the value now arrives at the expected rate
4591|1135|Inspect connectors on the ABS/ESC controller and the shared backbone|2|Fleet technician|0.0|20.0|0.5|1. Key off, inspect the ABS/ESC controller's main connector and the nearest backbone/drop-line or wheel-speed connector • 2. Check for corrosion, bent pins or a partially seated connector • 3. Clean, reseat, clear codes and retest
4592|1135|Verify ABS/ESC power/ground and backbone termination|3|Fleet technician|5.0|40.0|1.0|1. Back-probe the ABS/ESC controller's power and ground pins and confirm battery voltage and a clean ground • 2. With the bus powered down, measure 60 ohms across CAN H/CAN L to confirm backbone termination is intact • 3. Repair any open, shorted or corroded wiring found
4593|1135|Confirm the brake/ABS controller is transmitting and check its own active codes|4|Fleet technician|0.0|0.0|0.8|1. Connect a J1939 scan tool and confirm the ABS/ESC controller is present on the bus and broadcasting the expected PGN • 2. Read the ABS/ESC controller's own fault codes; an active brake-side fault often explains why the value is missing or invalid downstream • 3. If the ABS/ESC controller shows no fault and is transmitting normally, proceed to the link and receiving-controller checks
4756|1177|Reconfigure the receiving controller's expected-source parameters|1|Dealer / specialist|0.0|150.0|1.0|1. Connect the OEM service tool to the receiving controller • 2. Check its expected-source and parameter configuration against the OEM specification for this chassis • 3. Reprogram or update as needed, clear codes, and confirm the value now arrives at the expected rate
4757|1177|Inspect connectors on the engine ECU and the shared backbone|2|Fleet technician|0.0|20.0|0.5|1. Key off, inspect the engine ECU's main connector and the nearest backbone/drop-line connector • 2. Check for corrosion, bent pins or a partially seated connector • 3. Clean, reseat, clear codes and retest
4758|1177|Verify engine ECU power/ground and backbone termination|3|Fleet technician|5.0|40.0|1.0|1. Back-probe the engine ECU's power and ground pins and confirm battery voltage and a clean ground • 2. With the bus powered down, measure 60 ohms across CAN H/CAN L to confirm backbone termination is intact • 3. Repair any open, shorted or corroded wiring found
4759|1177|Confirm the engine ECU is transmitting and check its own active codes|4|Fleet technician|0.0|0.0|0.8|1. Connect a J1939 scan tool and confirm the engine ECU is present on the bus and broadcasting the expected PGN • 2. Read the engine ECU's own fault codes; an active engine-side fault often explains why the value is missing or invalid downstream • 3. If the engine ECU shows no fault and is transmitting normally, proceed to the link and receiving-controller checks
4933|1219|Replace the PTO request switch|1|Fleet technician|30.0|120.0|0.8|1. Remove the dash trim to access the switch • 2. Disconnect and replace the switch • 3. Reinstall, clear codes and verify the request in ServiceRanger live data
4934|1219|Verify PTO configuration parameters in ServiceRanger match the installed PTO|2|Dealer / specialist|0.0|150.0|1.0|1. Connect ServiceRanger and open the PTO configuration screen • 2. Compare enabled PTO type/position against the installed hardware • 3. Correct and reprogram if mismatched
4935|1219|Inspect and clean the PTO request switch connector|3|Fleet technician|0.0|20.0|0.5|1. Key off, disconnect the switch connector • 2. Check pins for corrosion and spread terminals • 3. Apply dielectric grease, reconnect and clear codes
4936|1219|Test the PTO request switch signal circuit for a short to ground or intermittent contact|4|Fleet technician|5.0|60.0|1.0|1. Back-probe the request signal circuit at the TECU connector • 2. Operate the switch while monitoring the signal for a clean transition • 3. Repair chafed wiring or replace an intermittent switch
4937|1219|Verify the PTO request message is present and updating at the expected rate|5|Fleet technician|0.0|0.0|0.5|1. Connect ServiceRanger and confirm the PTO request message is present and updating at the expected rate • 2. Check the request circuit's network wiring and termination before assuming a hardware fault • 3. Only replace the switch if the message stays absent or corrupted after the wiring check
5136|1261|Test the PTO engage solenoid coil and drive circuit|1|Fleet technician|5.0|60.0|1.0|1. Measure coil resistance against spec with the connector disconnected • 2. Back-probe the drive circuit for opens or shorts • 3. Repair chafed wiring or a failed TECU driver
5137|1261|Inspect and clean the PTO engage solenoid connector|2|Fleet technician|0.0|20.0|0.5|1. Key off, disconnect the solenoid connector • 2. Check pins for corrosion and spread terminals • 3. Apply dielectric grease, reconnect and clear codes
5138|1261|Replace the PTO engage solenoid|3|Fleet technician|150.0|400.0|1.2|1. Tag and disconnect the air line and wiring from the solenoid • 2. Remove and replace the solenoid • 3. Reconnect, leak-check the fitting and clear codes
5139|1261|Check PTO gear engagement, air supply pressure and the shift fork for binding|4|Dealer / specialist|100.0|800.0|2.0|1. Verify supply air is at or above 100 psi at the PTO solenoid • 2. With the PTO disengaged and safe to access, check gear engagement and shift fork travel for binding • 3. Clear binding, repair the fork if worn and re-verify engagement
5309|1303|Verify the PTO confirmation message is present and updating at the expected rate|1|Fleet technician|0.0|0.0|0.5|1. Connect ServiceRanger and confirm the PTO confirmation message is present and updating at the expected rate • 2. Check the sensor circuit's network wiring and termination before assuming a hardware fault • 3. Only replace the sensor/switch if the message stays absent or corrupted after the wiring check
5310|1303|Inspect and clean the PTO confirmation sensor connector|2|Fleet technician|0.0|20.0|0.5|1. Key off, disconnect the sensor connector • 2. Check pins for corrosion and spread terminals • 3. Apply dielectric grease, reconnect and clear codes
5311|1303|Replace the PTO confirmation sensor/switch|3|Fleet technician|40.0|150.0|0.8|1. Remove the sensor/switch from its mounting • 2. Fit the new sensor/switch, setting the air gap or torque per spec • 3. Reconnect, clear codes and verify live data
5312|1303|Test the confirmation sensor signal circuit for a short or open|4|Fleet technician|5.0|60.0|1.0|1. Back-probe the sensor signal circuit at the TECU connector • 2. Check for continuity and reference voltage • 3. Repair chafed or open conductors
5313|1303|Verify the PTO fully engages mechanically; adjust or repair the engagement linkage|5|Dealer / specialist|100.0|800.0|2.0|1. Command PTO engagement and visually/manually verify the shift fork and gear reach full engagement • 2. Adjust linkage travel or repair a worn fork if the PTO does not fully engage • 3. Re-verify the confirmation signal matches actual engagement
5513|1345|Confirm the ADS/cruise source controller is transmitting and check its own active codes|1|Fleet technician|0.0|0.0|0.8|1. Connect a J1939 scan tool and confirm the ADS or cruise-control source controller is present on the bus and broadcasting the expected PGN • 2. Read that controller's own fault codes; an active source-side fault often explains why the command/status is missing or invalid downstream • 3. If the source controller shows no fault and is transmitting normally, proceed to the link and receiving-controller checks
5514|1345|Inspect connectors on the source controller and the shared backbone|2|Fleet technician|0.0|20.0|0.5|1. Key off, inspect the ADS/cruise source controller's connector and the nearest backbone/drop-line connector • 2. Check for corrosion, bent pins or a partially seated connector • 3. Clean, reseat, clear codes and retest
5515|1345|Reconfigure the receiving controller's expected-source parameters|3|Dealer / specialist|0.0|150.0|1.0|1. Connect the OEM service tool to the receiving controller • 2. Check its expected-source and parameter configuration against the OEM specification for this chassis • 3. Reprogram or update as needed, clear codes, and confirm the value now arrives at the expected rate
5516|1345|Verify source controller power/ground and backbone termination|4|Fleet technician|5.0|40.0|1.0|1. Back-probe the source controller's power and ground pins and confirm battery voltage and a clean ground • 2. With the bus powered down, measure 60 ohms across CAN H/CAN L to confirm backbone termination is intact • 3. Repair any open, shorted or corroded wiring found
5697|1387|Inspect and clean the shift selector connector and wiring|1|Fleet technician|0.0|20.0|0.5|1. Key off, disconnect the shift selector connector • 2. Check pins for corrosion and spread terminals • 3. Apply dielectric grease, reconnect and clear codes
5698|1387|Test the shift selector signal circuit and its network wiring for opens/shorts|2|Fleet technician|10.0|80.0|1.0|1. Back-probe the selector signal circuit at the TECU connector • 2. On a multiplexed selector, check the CAN/PWM wiring pair for proper termination and continuity • 3. Repair chafed or open conductors
5699|1387|Replace the shift lever, shift pad or selector module|3|Dealer / specialist|250.0|900.0|1.5|1. Remove the console/dash trim to access the selector • 2. Disconnect and replace the shift lever, pad or selector module • 3. Reinstall, clear codes and verify shift requests in ServiceRanger live data
5700|1387|Verify the shift device message or PWM signal is present and updating at the expected rate|4|Fleet technician|0.0|0.0|0.5|1. Connect ServiceRanger (or a bus analyzer for the J1939 primary shift device) and confirm the shift request message or PWM signal is present and updating • 2. Check the J1939/PWM wiring, termination and the sending module's own status before assuming the selector itself is at fault • 3. Only replace the shift lever, pad or selector module if the link checks out but the request is still missing or invalid
5701|1387|Update the TECU software and verify the configured selector type|5|Dealer / specialist|0.0|150.0|1.0|1. Connect ServiceRanger and check the configured shift-device type against the installed hardware • 2. Correct the configuration if mismatched • 3. Update TECU software if a related bulletin exists, then clear codes
5892|1429|Verify the two-speed axle configuration in ServiceRanger and update if needed|1|Dealer / specialist|0.0|150.0|1.0|1. Connect ServiceRanger and check whether the two-speed axle option is enabled in the vehicle configuration • 2. Correct any mismatch • 3. Update TECU software if a related bulletin exists
5893|1429|Replace the two-speed axle switch|2|Fleet technician|30.0|120.0|0.8|1. Remove the dash/console trim to access the switch • 2. Disconnect and replace the switch • 3. Reinstall, clear codes and verify operation in ServiceRanger live data
5894|1429|Inspect and clean the two-speed axle switch connector|3|Fleet technician|0.0|20.0|0.5|1. Key off, disconnect the switch connector • 2. Check pins for corrosion and spread terminals • 3. Apply dielectric grease, reconnect and clear codes
5895|1429|Test the switch signal circuit for a short to ground|4|Fleet technician|5.0|60.0|1.0|1. Back-probe the switch signal circuit at the TECU connector • 2. Operate the switch through its positions while monitoring the signal • 3. Repair chafed wiring or replace a contact that does not toggle cleanly
5896|1429|Verify the two-speed axle status message is present and updating at the expected rate|5|Fleet technician|0.0|0.0|0.5|1. Connect ServiceRanger and confirm the two-speed axle status message is present and updating at the expected rate • 2. Check the switch circuit's network wiring and termination before assuming a hardware fault • 3. Only replace the switch if the message stays absent or corrupted after the wiring check
6063|1471|Inspect and clean the rail position sensor connector|1|Fleet technician|0.0|20.0|0.5|1. Key off, disconnect the sensor connector • 2. Check pins for corrosion and spread terminals • 3. Apply dielectric grease, reconnect and clear codes
6064|1471|Replace the rail position sensor|2|Fleet technician|60.0|200.0|1.0|1. Remove the cover over the affected rail • 2. Remove and replace the position sensor, following Eaton's air-gap or torque spec • 3. Reinstall the cover, clear codes and verify live data
6065|1471|Test the position sensor signal and return circuits|3|Fleet technician|5.0|60.0|1.0|1. Back-probe the signal and return pins at the TECU connector • 2. Check for reference voltage and continuity to the sensor • 3. Repair chafed or open conductors
6066|1471|Inspect the shift fork, rail and synchronizer for wear or binding|4|Dealer / specialist|300.0|2000.0|3.0|1. Remove the housing cover for the affected rail • 2. Check the shift fork, rail bore and synchronizer for wear, scoring or binding • 3. Repair or replace worn components and re-verify rail travel
6231|1513|Replace the rail position sensor|1|Fleet technician|60.0|200.0|1.0|1. Remove the cover over the affected rail • 2. Remove and replace the position sensor, following Eaton's air-gap or torque spec • 3. Reinstall the cover, clear codes and verify live data
6232|1513|Inspect the shift fork, rail and synchronizer for wear or binding|2|Dealer / specialist|300.0|2000.0|3.0|1. Remove the housing cover for the affected rail • 2. Check the shift fork, rail bore and synchronizer for wear, scoring or binding • 3. Repair or replace worn components and re-verify rail travel
6233|1513|Inspect and clean the rail position sensor connector|3|Fleet technician|0.0|20.0|0.5|1. Key off, disconnect the sensor connector • 2. Check pins for corrosion and spread terminals • 3. Apply dielectric grease, reconnect and clear codes
6234|1513|Test the position sensor signal and return circuits|4|Fleet technician|5.0|60.0|1.0|1. Back-probe the signal and return pins at the TECU connector • 2. Check for reference voltage and continuity to the sensor • 3. Repair chafed or open conductors
6399|1555|Replace the rail position sensor|1|Fleet technician|60.0|200.0|1.0|1. Remove the cover over the affected rail • 2. Remove and replace the position sensor, following Eaton's air-gap or torque spec • 3. Reinstall the cover, clear codes and verify live data
6400|1555|Inspect the shift fork, rail and synchronizer for wear or binding|2|Dealer / specialist|300.0|2000.0|3.0|1. Remove the housing cover for the affected rail • 2. Check the shift fork, rail bore and synchronizer for wear, scoring or binding • 3. Repair or replace worn components and re-verify rail travel
6401|1555|Inspect and clean the rail position sensor connector|3|Fleet technician|0.0|20.0|0.5|1. Key off, disconnect the sensor connector • 2. Check pins for corrosion and spread terminals • 3. Apply dielectric grease, reconnect and clear codes
6402|1555|Test the position sensor signal and return circuits|4|Fleet technician|5.0|60.0|1.0|1. Back-probe the signal and return pins at the TECU connector • 2. Check for reference voltage and continuity to the sensor • 3. Repair chafed or open conductors
6567|1597|Replace the faulty clutch engage/release solenoid|1|Dealer / specialist|150.0|450.0|1.5|1. Tag and disconnect the air line and wiring from the faulty solenoid • 2. Remove and replace the solenoid, matching the correct engage or release position • 3. Reconnect, leak-check the air fitting and clear codes
6568|1597|Check the air supply pressure and filter screen feeding the solenoid|2|Fleet technician|20.0|150.0|1.0|1. Verify supply air is at or above 100 psi at the actuator air pack • 2. Inspect and clean or replace the inline filter screen • 3. Re-test solenoid response
6569|1597|Inspect and clean the solenoid connector and terminals|3|Fleet technician|0.0|20.0|0.5|1. Key off, disconnect the solenoid connector • 2. Check pins for corrosion and spread terminals • 3. Apply dielectric grease, reconnect and clear codes
6570|1597|Measure solenoid coil resistance and test the drive circuit|4|Fleet technician|5.0|60.0|1.0|1. Measure coil resistance against the Eaton spec with the connector disconnected • 2. Back-probe the drive circuit for opens or shorts to power/ground • 3. Repair chafed wiring or a failed TECU driver
6735|1639|Check the air supply pressure and filter screen feeding the solenoid|1|Fleet technician|20.0|150.0|1.0|1. Verify supply air is at or above 100 psi at the actuator air pack • 2. Inspect and clean or replace the inline filter screen • 3. Re-test solenoid response
6736|1639|Replace the faulty clutch engage/release solenoid|2|Dealer / specialist|150.0|450.0|1.5|1. Tag and disconnect the air line and wiring from the faulty solenoid • 2. Remove and replace the solenoid, matching the correct engage or release position • 3. Reconnect, leak-check the air fitting and clear codes
6737|1639|Inspect and clean the solenoid connector and terminals|3|Fleet technician|0.0|20.0|0.5|1. Key off, disconnect the solenoid connector • 2. Check pins for corrosion and spread terminals • 3. Apply dielectric grease, reconnect and clear codes
6738|1639|Measure solenoid coil resistance and test the drive circuit|4|Fleet technician|5.0|60.0|1.0|1. Measure coil resistance against the Eaton spec with the connector disconnected • 2. Back-probe the drive circuit for opens or shorts to power/ground • 3. Repair chafed wiring or a failed TECU driver
6903|1681|Check supply air pressure and inspect the rail for mechanical binding|1|Fleet technician|20.0|150.0|1.5|1. Verify supply air is at or above 100 psi at the shifter air pack • 2. Cycle the rail by hand (transmission in neutral, air removed) and check for binding or debris • 3. Clean or repair as needed
6904|1681|Replace the faulty X-Y shift rail solenoid or shifter module|2|Dealer / specialist|1200.0|2500.0|3.0|1. Tag and disconnect air lines and wiring from the shifter/solenoid assembly • 2. Remove and replace the faulty solenoid or the full XY shifter module • 3. Reconnect, leak-check fittings, clear codes and run the rail calibration
6905|1681|Inspect and clean the rail solenoid connector|3|Fleet technician|0.0|20.0|0.5|1. Key off, disconnect the rail solenoid connector • 2. Check pins for corrosion and spread terminals • 3. Apply dielectric grease, reconnect and clear codes
6906|1681|Test the rail solenoid coil and drive circuit|4|Fleet technician|5.0|60.0|1.0|1. Measure coil resistance against spec with the connector disconnected • 2. Back-probe the drive circuit for opens or shorts to power/ground • 3. Repair chafed wiring or a failed TECU driver
7071|1723|Check supply air pressure and inspect the rail for mechanical binding|1|Fleet technician|20.0|150.0|1.5|1. Verify supply air is at or above 100 psi at the shifter air pack • 2. Cycle the rail by hand (transmission in neutral, air removed) and check for binding or debris • 3. Clean or repair as needed
7072|1723|Replace the faulty X-Y shift rail solenoid or shifter module|2|Dealer / specialist|1200.0|2500.0|3.0|1. Tag and disconnect air lines and wiring from the shifter/solenoid assembly • 2. Remove and replace the faulty solenoid or the full XY shifter module • 3. Reconnect, leak-check fittings, clear codes and run the rail calibration
7073|1723|Inspect and clean the rail solenoid connector|3|Fleet technician|0.0|20.0|0.5|1. Key off, disconnect the rail solenoid connector • 2. Check pins for corrosion and spread terminals • 3. Apply dielectric grease, reconnect and clear codes
7074|1723|Test the rail solenoid coil and drive circuit|4|Fleet technician|5.0|60.0|1.0|1. Measure coil resistance against spec with the connector disconnected • 2. Back-probe the drive circuit for opens or shorts to power/ground • 3. Repair chafed wiring or a failed TECU driver
7239|1765|Check supply air pressure and inspect the rail for mechanical binding|1|Fleet technician|20.0|150.0|1.5|1. Verify supply air is at or above 100 psi at the shifter air pack • 2. Cycle the rail by hand (transmission in neutral, air removed) and check for binding or debris • 3. Clean or repair as needed
7240|1765|Replace the faulty X-Y shift rail solenoid or shifter module|2|Dealer / specialist|1200.0|2500.0|3.0|1. Tag and disconnect air lines and wiring from the shifter/solenoid assembly • 2. Remove and replace the faulty solenoid or the full XY shifter module • 3. Reconnect, leak-check fittings, clear codes and run the rail calibration
7241|1765|Inspect and clean the rail solenoid connector|3|Fleet technician|0.0|20.0|0.5|1. Key off, disconnect the rail solenoid connector • 2. Check pins for corrosion and spread terminals • 3. Apply dielectric grease, reconnect and clear codes
7242|1765|Test the rail solenoid coil and drive circuit|4|Fleet technician|5.0|60.0|1.0|1. Measure coil resistance against spec with the connector disconnected • 2. Back-probe the drive circuit for opens or shorts to power/ground • 3. Repair chafed wiring or a failed TECU driver
7407|1807|Check supply air pressure and inspect the rail for mechanical binding|1|Fleet technician|20.0|150.0|1.5|1. Verify supply air is at or above 100 psi at the shifter air pack • 2. Cycle the rail by hand (transmission in neutral, air removed) and check for binding or debris • 3. Clean or repair as needed
7408|1807|Replace the faulty X-Y shift rail solenoid or shifter module|2|Dealer / specialist|1200.0|2500.0|3.0|1. Tag and disconnect air lines and wiring from the shifter/solenoid assembly • 2. Remove and replace the faulty solenoid or the full XY shifter module • 3. Reconnect, leak-check fittings, clear codes and run the rail calibration
7409|1807|Inspect and clean the rail solenoid connector|3|Fleet technician|0.0|20.0|0.5|1. Key off, disconnect the rail solenoid connector • 2. Check pins for corrosion and spread terminals • 3. Apply dielectric grease, reconnect and clear codes
7410|1807|Test the rail solenoid coil and drive circuit|4|Fleet technician|5.0|60.0|1.0|1. Measure coil resistance against spec with the connector disconnected • 2. Back-probe the drive circuit for opens or shorts to power/ground • 3. Repair chafed wiring or a failed TECU driver
7569|1849|Inspect and clean the rail position sensor connector|1|Fleet technician|0.0|20.0|0.5|1. Key off, disconnect the sensor connector • 2. Check pins for corrosion and spread terminals • 3. Apply dielectric grease, reconnect and clear codes
7570|1849|Test the position sensor signal and return circuits|2|Fleet technician|5.0|60.0|1.0|1. Back-probe the signal and return pins at the TECU connector • 2. Check for reference voltage and continuity to the sensor • 3. Repair chafed or open conductors
7571|1849|Replace the rail position sensor|3|Fleet technician|60.0|200.0|1.0|1. Remove the cover over the affected rail • 2. Remove and replace the position sensor, following Eaton's air-gap or torque spec • 3. Reinstall the cover, clear codes and verify live data
7572|1849|Inspect the shift fork, rail and synchronizer for wear or binding|4|Dealer / specialist|300.0|2000.0|3.0|1. Remove the housing cover for the affected rail • 2. Check the shift fork, rail bore and synchronizer for wear, scoring or binding • 3. Repair or replace worn components and re-verify rail travel
7737|1891|Inspect and clean the rail position sensor connector|1|Fleet technician|0.0|20.0|0.5|1. Key off, disconnect the sensor connector • 2. Check pins for corrosion and spread terminals • 3. Apply dielectric grease, reconnect and clear codes
7738|1891|Test the position sensor signal and return circuits|2|Fleet technician|5.0|60.0|1.0|1. Back-probe the signal and return pins at the TECU connector • 2. Check for reference voltage and continuity to the sensor • 3. Repair chafed or open conductors
7739|1891|Replace the rail position sensor|3|Fleet technician|60.0|200.0|1.0|1. Remove the cover over the affected rail • 2. Remove and replace the position sensor, following Eaton's air-gap or torque spec • 3. Reinstall the cover, clear codes and verify live data
7740|1891|Inspect the shift fork, rail and synchronizer for wear or binding|4|Dealer / specialist|300.0|2000.0|3.0|1. Remove the housing cover for the affected rail • 2. Check the shift fork, rail bore and synchronizer for wear, scoring or binding • 3. Repair or replace worn components and re-verify rail travel
7886|1933|Confirm the rail moves freely through its full travel before recalibrating|1|Fleet technician|0.0|50.0|0.8|1. Place the transmission in neutral with the parking brake set • 2. Cycle the affected rail by hand or with ServiceRanger's manual actuation test • 3. Clear any binding or debris found before proceeding to calibration
7887|1933|Run the rail calibration procedure with ServiceRanger|2|Dealer / specialist|0.0|0.0|1.0|1. Connect ServiceRanger and select the rail calibration routine for the affected rail • 2. Follow the guided end-point learn sequence • 3. Verify the learned values are within Eaton's expected range and clear codes
7888|1933|Reflash the TECU if calibration will not complete or hold|3|Dealer / specialist|0.0|150.0|1.0|1. Check the installed TECU calibration level against Eaton's current release • 2. Apply the update if available • 3. Repeat the rail calibration and confirm the values hold across key cycles
8038|1975|Inspect the shift fork, synchronizer and rail bore for wear, binding or debris|1|Dealer / specialist|300.0|2200.0|3.5|1. Remove the housing cover for the affected rail • 2. Inspect the shift fork, synchronizer rings and rail bore for wear, scoring, binding or metal debris • 3. Clean out debris and confirm free rail travel
8039|1975|Reproduce the shift and record a ServiceRanger rail position trace|2|Fleet technician|0.0|0.0|1.0|1. Connect ServiceRanger and select live rail position data for the affected rail • 2. Reproduce the shift that set the fault • 3. Compare the commanded vs. actual position trace to confirm a mechanical mis-shift
8040|1975|Replace the worn shift fork, synchronizer or rail assembly|3|Dealer / specialist|400.0|2500.0|4.0|1. Remove the affected rail assembly per the Eaton service manual sequence • 2. Replace the worn fork, synchronizer rings or rail • 3. Reassemble to torque spec and verify free travel before returning to service
8041|1975|Re-run the rail calibration/learn procedure after mechanical repair|4|Dealer / specialist|0.0|0.0|0.8|1. Connect ServiceRanger and select the rail calibration routine for the repaired rail • 2. Follow the guided learn sequence • 3. Verify the learned end-points and clear codes
8206|2017|Inspect the shift fork, synchronizer and rail bore for wear, binding or debris|1|Dealer / specialist|300.0|2200.0|3.5|1. Remove the housing cover for the affected rail • 2. Inspect the shift fork, synchronizer rings and rail bore for wear, scoring, binding or metal debris • 3. Clean out debris and confirm free rail travel
8207|2017|Reproduce the shift and record a ServiceRanger rail position trace|2|Fleet technician|0.0|0.0|1.0|1. Connect ServiceRanger and select live rail position data for the affected rail • 2. Reproduce the shift that set the fault • 3. Compare the commanded vs. actual position trace to confirm a mechanical mis-shift
8208|2017|Replace the worn shift fork, synchronizer or rail assembly|3|Dealer / specialist|400.0|2500.0|4.0|1. Remove the affected rail assembly per the Eaton service manual sequence • 2. Replace the worn fork, synchronizer rings or rail • 3. Reassemble to torque spec and verify free travel before returning to service
8209|2017|Re-run the rail calibration/learn procedure after mechanical repair|4|Dealer / specialist|0.0|0.0|0.8|1. Connect ServiceRanger and select the rail calibration routine for the repaired rail • 2. Follow the guided learn sequence • 3. Verify the learned end-points and clear codes
8380|2059|Replace the Linear Clutch Actuator (LCA) assembly|1|Dealer / specialist|1500.0|3500.0|3.0|1. Support the transmission and disconnect the air supply to the actuator • 2. Remove the LCA assembly and transfer or replace the mounting hardware • 3. Fit the new LCA, reconnect wiring and air lines, then run the clutch touch-point learn
8381|2059|Inspect and clean the LCA wiring connector|2|Fleet technician|0.0|20.0|0.5|1. Key off, disconnect the LCA connector • 2. Check pins for corrosion, spread terminals and moisture intrusion • 3. Apply dielectric grease, reconnect, clear codes and cycle the clutch
8382|2059|Test the LCA position sensor and drive circuits|3|Fleet technician|5.0|60.0|1.0|1. Back-probe the LCA signal, return and drive circuits at the TECU connector • 2. Check for the reference voltage and continuity to the actuator • 3. Repair chafed or open conductors and reseal any splices
8383|2059|Relearn the clutch touch-point with ServiceRanger|4|Dealer / specialist|0.0|0.0|0.8|1. Connect ServiceRanger and select the clutch calibration routine • 2. Follow the guided touch-point learn sequence with the engine at operating temperature • 3. Verify the learned values fall within Eaton's expected range and clear codes
8384|2059|Inspect the clutch linkage, release bearing and pressure plate|5|Fleet technician|40.0|600.0|2.0|1. Remove the inspection cover and check linkage travel and free play • 2. Inspect the release bearing and pressure plate fingers for wear or damage • 3. Adjust or repair as needed and re-verify LCA travel
8584|2101|Inspect and clean the force-hold-neutral switch/circuit connector|1|Fleet technician|0.0|20.0|0.5|1. Key off, disconnect the relevant connector • 2. Check pins for corrosion and spread terminals • 3. Apply dielectric grease, reconnect and clear codes
8585|2101|Replace the force-hold-neutral switch or relay|2|Fleet technician|30.0|150.0|0.8|1. Locate and access the switch or relay in the request circuit • 2. Disconnect and replace it • 3. Reconnect, clear codes and verify operation in ServiceRanger live data
8586|2101|Test the request circuit for an open, short or stuck contact|3|Fleet technician|5.0|60.0|1.0|1. Back-probe the request signal circuit at the TECU connector • 2. Operate the switch/request while monitoring the signal • 3. Repair chafed wiring or a contact that does not toggle cleanly
8587|2101|Verify the TECU configuration enables force-hold-neutral for the installed PTO|4|Dealer / specialist|0.0|150.0|1.0|1. Connect ServiceRanger and check whether the feature is enabled for the installed PTO configuration • 2. Correct the configuration if the request is rejected • 3. Update TECU software if a related bulletin exists
8588|2101|Verify the force-hold-neutral request message is present and updating at the expected rate|5|Fleet technician|0.0|0.0|0.5|1. Connect ServiceRanger and confirm the force-hold-neutral request message is present and updating at the expected rate • 2. Check the request circuit's network/PWM wiring and termination before assuming a hardware fault • 3. Only replace the switch or relay if the message stays absent or corrupted after the wiring check
8768|2143|Scan for duplicate or unclaimed source addresses|1|Fleet technician|0.0|0.0|0.8|1. Connect a J1939 scan tool at the diagnostic connector • 2. List all active source addresses and compare against the vehicle's expected device list • 3. Identify any address claimed by more than one node, or the expected controlling device's address missing entirely
8769|2143|Inspect the conflicting or unconfigured device's connector|2|Fleet technician|0.0|20.0|0.5|1. Key off, inspect the connector of the device identified as unconfigured or in conflict • 2. Check for corrosion or a partially seated connector that could cause intermittent address claims • 3. Clean, reseat, clear codes and retest
8770|2143|Reprogram the source address / parameter file on the affected device|3|Dealer / specialist|0.0|200.0|1.2|1. Connect the OEM service tool to the device with the wrong or unconfigured source address • 2. Set the correct source address per the OEM's device configuration table for this chassis • 3. Clear codes on all affected controllers and confirm no address-claim conflict remains
8771|2143|Verify any recently added aftermarket J1939 device for an address conflict|4|Fleet technician|0.0|0.0|0.5|1. Review any telematics gateway, PTO controller or other aftermarket device installed since the fault began • 2. Temporarily disconnect it and recheck for the source-address conflict • 3. If the conflict clears, reconfigure the aftermarket device's address per its installation manual before reconnecting
8965|2185|Confirm the ADS/cruise source controller is transmitting and check its own active codes|1|Fleet technician|0.0|0.0|0.8|1. Connect a J1939 scan tool and confirm the ADS or cruise-control source controller is present on the bus and broadcasting the expected PGN • 2. Read that controller's own fault codes; an active source-side fault often explains why the command/status is missing or invalid downstream • 3. If the source controller shows no fault and is transmitting normally, proceed to the link and receiving-controller checks
8966|2185|Inspect connectors on the source controller and the shared backbone|2|Fleet technician|0.0|20.0|0.5|1. Key off, inspect the ADS/cruise source controller's connector and the nearest backbone/drop-line connector • 2. Check for corrosion, bent pins or a partially seated connector • 3. Clean, reseat, clear codes and retest
8967|2185|Reconfigure the receiving controller's expected-source parameters|3|Dealer / specialist|0.0|150.0|1.0|1. Connect the OEM service tool to the receiving controller • 2. Check its expected-source and parameter configuration against the OEM specification for this chassis • 3. Reprogram or update as needed, clear codes, and confirm the value now arrives at the expected rate
8968|2185|Verify source controller power/ground and backbone termination|4|Fleet technician|5.0|40.0|1.0|1. Back-probe the source controller's power and ground pins and confirm battery voltage and a clean ground • 2. With the bus powered down, measure 60 ohms across CAN H/CAN L to confirm backbone termination is intact • 3. Repair any open, shorted or corroded wiring found
9133|2227|Verify the underlying system condition the sensor is reporting|1|Fleet technician|0.0|400.0|1.0|1. Confirm whether the out-of-range reading reflects a real system fault or a bad sensor • 2. Inspect the related system for the root physical cause • 3. Repair as needed, then clear codes and re-verify
9134|2227|Replace the fuel delivery (low-side) pressure sensor|2|Fleet technician|25.0|150.0|0.7|1. Confirm the sensor's live reading against a known-good reference (scan tool or hand-held meter) • 2. Remove and replace the sensor, torque per OEM spec • 3. Clear codes and verify the new reading tracks correctly
9135|2227|Inspect and clean the fuel delivery (low-side) pressure sensor connector|3|Fleet technician|0.0|15.0|0.5|1. Key off, unplug the sensor connector • 2. Check pins for corrosion, bent terminals or moisture intrusion • 3. Apply dielectric grease, reseat the connector, clear codes and recheck live data
9136|2227|Test the fuel delivery (low-side) pressure sensor signal, ground and reference circuits|4|Fleet technician|5.0|60.0|1.2|1. Back-probe the signal, ground and 5V/8V reference pins at the ECU connector • 2. Check for opens, shorts to ground/battery and resistance in range • 3. Repair chafed or corroded wiring, reseal splices, clear codes
9300|2269|Inspect for the cause of premature restriction|1|Fleet technician|0.0|200.0|0.8|1. Check for an abnormal contamination source (dust, oil carryover, damaged housing seal) • 2. Correct the cause • 3. Clear codes and monitor
9301|2269|Replace the intake air filter|2|Driver check|10.0|80.0|0.4|1. Locate and remove the filter element • 2. Fit a new filter and gasket/seal per OEM interval • 3. Clear codes and verify the differential-pressure reading returns to normal
9302|2269|Replace the differential-pressure sensor if the filter is not restricted|3|Fleet technician|20.0|120.0|0.6|1. Confirm the filter element itself is within service life and not actually restricted • 2. Replace the differential-pressure sensor • 3. Clear codes and verify
9466|2311|Inspect the tone wheel / reluctor ring for damage|1|Dealer / specialist|0.0|500.0|1.5|1. Inspect the toothed wheel the sensor reads for missing teeth, debris or run-out • 2. Repair or replace as needed • 3. Clear codes and verify
9467|2311|Replace the engine speed (overspeed protection) monitor|2|Fleet technician|25.0|200.0|0.8|1. Verify the sensor's air gap to the tone wheel/reluctor per OEM spec • 2. Remove and replace the sensor • 3. Set the gap, clear codes and verify signal quality
9468|2311|Inspect and clean the engine speed (overspeed protection) monitor connector|3|Fleet technician|0.0|15.0|0.5|1. Key off, unplug the sensor connector • 2. Check pins for corrosion or debris intrusion • 3. Apply dielectric grease, reseat, clear codes
9469|2311|Test the engine speed (overspeed protection) monitor signal circuit|4|Fleet technician|5.0|60.0|1.1|1. Back-probe the signal and ground/shield pins • 2. Check for opens, shorts or excessive resistance • 3. Repair chafed wiring, clear codes
9627|2353|Inspect and clean the crankshaft or camshaft position sensor connector|1|Fleet technician|0.0|15.0|0.5|1. Key off, unplug the sensor connector • 2. Check pins for corrosion, bent terminals or oil/coolant intrusion • 3. Apply dielectric grease, reseat, clear codes
9628|2353|Replace the crankshaft or camshaft position sensor|2|Fleet technician|30.0|220.0|0.9|1. Verify sensor air-gap or mounting per OEM spec • 2. Remove and replace the sensor and O-ring/seal • 3. Set the correct gap or torque, clear codes and verify signal quality on a scan tool
9629|2353|Test the crankshaft or camshaft position sensor signal and supply circuits|3|Fleet technician|5.0|60.0|1.3|1. Back-probe signal, ground and supply-voltage pins at the ECU connector • 2. Check for opens, shorts and correct reference voltage • 3. Repair chafed wiring or corroded splices, clear codes
9630|2353|Check the sensed target (gear teeth, reluctor ring, linkage) for damage|4|Dealer / specialist|0.0|600.0|1.5|1. Inspect the reluctor wheel, gear teeth or mechanical linkage the sensor reads for damage, debris or wear • 2. Repair or replace the damaged component • 3. Reinstall the sensor, clear codes and verify
9795|2395|Inspect and clean the fuel injector connector|1|Fleet technician|0.0|20.0|0.5|1. Key off, unplug the injector connector • 2. Check pins for corrosion, heat damage or a loose crimp • 3. Apply dielectric grease, reseat, clear codes
9796|2395|Test the fuel injector driver circuit resistance and wiring|2|Fleet technician|5.0|70.0|1.3|1. Measure coil/solenoid resistance at the connector against OEM spec • 2. Check the harness back to the ECU/injector driver for opens or shorts • 3. Repair or replace the harness section as needed, clear codes
9797|2395|Replace the fuel injector|3|Dealer / specialist|120.0|650.0|1.8|1. Confirm which cylinder/position is faulted from live data or cylinder cutout test • 2. Remove and replace the injector, use new seals/washers per OEM spec • 3. Torque to spec, prime the fuel system, clear codes and road-test
9798|2395|Perform injector trim/coding reset after service|4|Dealer / specialist|0.0|150.0|0.8|1. Enter the injector serial/trim code from the new injector into the ECU (or reset adaptive trims) using the OEM diagnostic tool • 2. Clear codes • 3. Verify smooth idle and no misfire/imbalance codes return
9960|2437|Test the fuel supply (transfer) pump driver circuit|1|Fleet technician|5.0|60.0|1.1|1. Measure coil resistance against OEM spec • 2. Check the drive and return wiring for opens or shorts to ground/battery • 3. Repair as needed, clear codes
9961|2437|Inspect and clean the fuel supply (transfer) pump connector|2|Fleet technician|0.0|15.0|0.5|1. Key off, unplug the actuator connector • 2. Check pins for corrosion or a loose crimp • 3. Apply dielectric grease, reseat, clear codes
9962|2437|Replace the fuel supply (transfer) pump|3|Fleet technician|40.0|350.0|1.2|1. Remove the actuator/solenoid and inspect the mating bore or linkage for wear or contamination • 2. Fit the replacement with new seals per OEM spec • 3. Clear codes and verify commanded movement on a scan tool
9963|2437|Free and verify mechanical movement of the actuated component|4|Fleet technician|0.0|300.0|1.0|1. Check the actuator moves the linkage/valve through its full range without binding or sticking • 2. Clean or free a sticking mechanism, or replace if seized • 3. Clear codes and re-verify commanded response
10120|2479|Remove and thermally clean or replace the EGR cooler|1|Dealer / specialist|150.0|2200.0|3.5|1. Remove the EGR cooler from the exhaust and inspect the substrate for cracking or excessive ash cake • 2. Send for professional thermal/pneumatic cleaning (or replace if cracked or beyond cleaning spec) with a before/after weight or backpressure reading • 3. Reinstall with new gaskets/clamps, reset the ash/soot service counter with a service tool and clear codes
10121|2479|Run a parked (stationary) forced regeneration with a service tool|2|Fleet technician|0.0|0.0|1.0|1. Connect a J1939 service tool and confirm no active inhibits (low fuel, low DEF, open door/parking brake requirements per OEM) • 2. Command a parked regeneration and monitor DPF inlet temperature climbs into the regeneration window • 3. Let the cycle complete, then re-read the EGR cooler estimate and clear codes if it has dropped to normal
10122|2479|Replace the differential pressure sensor and lines feeding the EGR cooler estimate|3|Fleet technician|60.0|220.0|1.0|1. Confirm the estimate tracks a known-bad or known-good differential pressure sensor reading before condemning the filter • 2. Replace the sensor and/or clear the pressure lines if plugged or swapped • 3. Clear codes and re-run the estimate through a duty cycle
10123|2479|Reset the EGR cooler service counter after filter service|4|Fleet technician|0.0|0.0|0.3|1. After a cleaned or replaced filter is reinstalled, connect a service tool • 2. Reset the ash/soot load counter to zero per the OEM procedure • 3. Clear codes and confirm the estimate starts climbing from zero on the next duty cycle
10268|2521|Replace the EGR valve actuator|1|Dealer / specialist|250.0|1400.0|2.0|1. Remove the EGR valve actuator assembly and its gasket/clamp • 2. Install the replacement, torque fasteners per spec and reconnect the harness • 3. Clear codes, run the actuator's self-calibration/learn procedure if the OEM tool supports one, and confirm normal operation
10269|2521|Inspect and clean the EGR valve actuator connector|2|Fleet technician|0.0|20.0|0.5|1. Key off, unplug the EGR valve actuator • 2. Check pins for corrosion and the harness for chafing or heat damage near the exhaust • 3. Apply dielectric grease, reseat, clear codes and cycle the actuator with a service tool
10270|2521|Test the EGR valve actuator motor/coil circuit|3|Fleet technician|5.0|70.0|1.2|1. Back-probe the motor or coil circuit at the connector • 2. Check winding resistance against spec and continuity/insulation to ground • 3. Repair chafed or shorted wiring, clear codes and re-test with a commanded sweep
10271|2521|Free up and clean a sticking EGR valve actuator|4|Fleet technician|30.0|250.0|1.5|1. Remove the EGR valve actuator (or access it in place per OEM procedure) • 2. Clean carbon and soot buildup from the bore/shaft with an approved solvent, working the shaft through its full travel • 3. Reinstall, clear codes and command a full-range sweep with a service tool to confirm smooth travel
10437|2563|Confirm the source controller is broadcasting the expected gauge data|1|Fleet technician|0.0|0.0|0.6|1. Connect a J1939 scan tool and confirm the engine or source controller is broadcasting the parameter the affected gauge displays • 2. If the source data is present on the bus but the gauge still fails, treat the cluster itself as the suspect • 3. If the source data is absent, diagnose the sending controller instead of the cluster
10438|2563|Inspect the gauge cluster connector and its backbone drop line|2|Fleet technician|0.0|20.0|0.5|1. Key off, remove the cluster bezel and inspect the cluster's main connector • 2. Inspect the nearest backbone/drop-line connector feeding the dash for corrosion or looseness • 3. Clean, reseat, clear codes and retest
10439|2563|Replace a faulted gauge cluster|3|Fleet technician|150.0|900.0|1.2|1. Confirm the cluster fails to display data that is confirmed present on the bus • 2. Remove and replace the gauge cluster per OEM procedure • 3. Program/configure the replacement cluster to the chassis with the OEM tool, clear codes and verify all gauges
10440|2563|Verify power, ground and CAN continuity at the gauge cluster|4|Fleet technician|5.0|40.0|0.8|1. Back-probe the cluster's power and ground pins and confirm battery voltage and a clean ground • 2. Check CAN H/CAN L continuity on the drop line feeding the cluster • 3. Repair any wiring fault found
10605|2605|Free and lubricate the door lock/latch mechanism|1|Fleet technician|5.0|40.0|0.6|1. Remove the door panel or access cover to reach the lock/latch mechanism • 2. Clean out debris or corrosion and lubricate the linkage • 3. Cycle the lock and confirm the actuator reaches full travel
10606|2605|Replace the door lock/latch actuator|2|Fleet technician|25.0|160.0|0.8|1. Remove the door panel and disconnect the actuator • 2. Install a replacement actuator of the same type • 3. Reconnect the linkage, cycle the lock and confirm full travel
10607|2605|Inspect and clean the door harness connector|3|Fleet technician|0.0|15.0|0.4|1. Key off, unplug the connector at the door harness pass-through • 2. Check pins for corrosion, spread terminals • 3. Apply dielectric grease, reconnect and cycle the lock
10608|2605|Trace and repair the door actuator drive circuit|4|Fleet technician|10.0|90.0|1.1|1. Back-probe the drive pins at the body controller while commanding the lock • 2. Follow the circuit through the door boot to the actuator, checking for a broken conductor at the hinge flex point • 3. Repair the damaged section, clear and re-check
10773|2647|Inspect and clean the PTO/transfer case sensor or solenoid connector|1|Fleet technician|0.0|20.0|0.5|1. Key off, unplug the connector at the sensor or engagement solenoid • 2. Check pins for corrosion and fluid intrusion, spread terminals • 3. Apply dielectric grease, reconnect and cycle the function
10774|2647|Trace and repair the sensor/solenoid wiring to the body controller|2|Fleet technician|10.0|100.0|1.3|1. Back-probe the relevant pin at the body controller while cycling the function • 2. Follow the circuit to the component, checking for opens, shorts or chafe near the driveline • 3. Repair the damaged section, clear and re-check
10775|2647|Replace the PTO/transfer case position sensor or engagement solenoid|3|Fleet technician|30.0|250.0|0.9|1. Access the sensor or solenoid on the PTO or transfer case • 2. Replace the failed component • 3. Reconnect, cycle the function and confirm correct engagement/position reporting
10776|2647|Verify the PTO/driveline output configuration in Diamond Logic Builder|4|Dealer / specialist|0.0|180.0|1.0|1. Connect Diamond Logic Builder and read the PTO/transfer case interlock and output configuration • 2. Confirm the logic matches the installed PTO or transfer case • 3. Reprogram if mismatched, clear codes and re-verify
10951|2689|Inspect and clean the Remote Power Module output connector|1|Fleet technician|0.0|20.0|0.5|1. Key off, unplug the RPM connector for the affected channel • 2. Check pins for corrosion, spread terminals • 3. Apply dielectric grease, reconnect and cycle the channel to confirm operation
10952|2689|Trace and repair the output channel wiring|2|Fleet technician|10.0|100.0|1.2|1. Back-probe the RPM output pin while commanding the channel • 2. Follow the circuit to the load, checking for chafe, opens or shorts to ground • 3. Repair the damaged section, clear and re-check
10953|2689|Replace the failed load device on the channel|3|Fleet technician|10.0|150.0|0.7|1. Identify the load wired to this RPM output channel from the body-builder wiring diagram • 2. Test and replace the failed load device (lamp, motor, solenoid, etc.) • 3. Reconnect, cycle the channel and confirm it powers up cleanly
10954|2689|Verify the RPM channel assignment in Diamond Logic Builder|4|Dealer / specialist|0.0|180.0|1.0|1. Connect Diamond Logic Builder and read the Remote Power Module channel configuration • 2. Confirm the channel's function and current limit match the installed load • 3. Reprogram if mismatched, then clear codes
11133|2731|Inspect and reseat the switch pack module connector|1|Fleet technician|0.0|20.0|0.5|1. Key off, unplug the switch pack module connector • 2. Check pins for corrosion and spread terminals • 3. Apply dielectric grease, reconnect and cycle switches to confirm the ESC reports live states
11134|2731|Check the multiplex link wiring between the switch pack and the ESC|2|Fleet technician|10.0|100.0|1.2|1. With a wiring diagram, locate the multiplex data pair to the switch pack • 2. Check for continuity, shorts to ground/power, and correct termination • 3. Repair the damaged section, clear and re-check
11135|2731|Replace the switch pack module|3|Dealer / specialist|0.0|0.0|1.5|1. Confirm module power, ground and multiplex link are healthy first • 2. Replace the switch pack module (dealer-sourced) • 3. Reprogram and verify all switches in the pack report correctly
11136|2731|Reteach the switch pack assignment in Diamond Logic Builder|4|Dealer / specialist|0.0|150.0|1.0|1. Connect Diamond Logic Builder and read the switch pack configuration • 2. Reteach or reassign the switch pack address if it was replaced or reconfigured • 3. Clear codes and verify each switch's function
11301|2773|Inspect and reseat the switch pack module connector|1|Fleet technician|0.0|20.0|0.5|1. Key off, unplug the switch pack module connector • 2. Check pins for corrosion and spread terminals • 3. Apply dielectric grease, reconnect and cycle switches to confirm the ESC reports live states
11302|2773|Check the multiplex link wiring between the switch pack and the ESC|2|Fleet technician|10.0|100.0|1.2|1. With a wiring diagram, locate the multiplex data pair to the switch pack • 2. Check for continuity, shorts to ground/power, and correct termination • 3. Repair the damaged section, clear and re-check
11303|2773|Replace the switch pack module|3|Dealer / specialist|0.0|0.0|1.5|1. Confirm module power, ground and multiplex link are healthy first • 2. Replace the switch pack module (dealer-sourced) • 3. Reprogram and verify all switches in the pack report correctly
11304|2773|Reteach the switch pack assignment in Diamond Logic Builder|4|Dealer / specialist|0.0|150.0|1.0|1. Connect Diamond Logic Builder and read the switch pack configuration • 2. Reteach or reassign the switch pack address if it was replaced or reconfigured • 3. Clear codes and verify each switch's function
11471|2815|Inspect and clean the PTO/transfer case sensor or solenoid connector|1|Fleet technician|0.0|20.0|0.5|1. Key off, unplug the connector at the sensor or engagement solenoid • 2. Check pins for corrosion and fluid intrusion, spread terminals • 3. Apply dielectric grease, reconnect and cycle the function
11472|2815|Trace and repair the sensor/solenoid wiring to the body controller|2|Fleet technician|10.0|100.0|1.3|1. Back-probe the relevant pin at the body controller while cycling the function • 2. Follow the circuit to the component, checking for opens, shorts or chafe near the driveline • 3. Repair the damaged section, clear and re-check
11473|2815|Replace the PTO/transfer case position sensor or engagement solenoid|3|Fleet technician|30.0|250.0|0.9|1. Access the sensor or solenoid on the PTO or transfer case • 2. Replace the failed component • 3. Reconnect, cycle the function and confirm correct engagement/position reporting
11474|2815|Verify the PTO/driveline output configuration in Diamond Logic Builder|4|Dealer / specialist|0.0|180.0|1.0|1. Connect Diamond Logic Builder and read the PTO/transfer case interlock and output configuration • 2. Confirm the logic matches the installed PTO or transfer case • 3. Reprogram if mismatched, clear codes and re-verify
11640|2857|Trace and repair the blackout lamp output wiring|1|Fleet technician|10.0|100.0|1.3|1. Back-probe the output pin at the body controller with blackout mode selected • 2. Follow the circuit to the lamp, checking for chafe or moisture damage • 3. Repair the damaged section, reseal, clear and re-check
11641|2857|Inspect and clean the blackout lamp connector|2|Fleet technician|0.0|20.0|0.5|1. Key off, unplug the blackout lamp connector • 2. Check pins for corrosion and water/moisture intrusion, spread terminals • 3. Apply dielectric grease, reconnect and confirm operation
11642|2857|Replace the blackout lamp assembly|3|Fleet technician|15.0|120.0|0.6|1. Remove the lamp housing • 2. Replace the sealed blackout lamp assembly • 3. Reinstall, seal the mount, and confirm the lamp operates in blackout mode
11643|2857|Verify the blackout lighting configuration in Diamond Logic Builder|4|Dealer / specialist|0.0|180.0|1.0|1. Connect Diamond Logic Builder and read the blackout/convoy lighting configuration • 2. Confirm the output channel and mode selector match the installed equipment • 3. Reprogram if mismatched, then clear codes
11808|2899|Verify the underlying system condition the sensor is reporting|1|Fleet technician|0.0|400.0|1.0|1. Confirm whether the out-of-range reading reflects a real system fault or a bad sensor • 2. Inspect the related system for the root physical cause • 3. Repair as needed, then clear codes and re-verify
11809|2899|Replace the engine coolant temperature sensor|2|Fleet technician|25.0|150.0|0.7|1. Confirm the sensor's live reading against a known-good reference (scan tool or hand-held meter) • 2. Remove and replace the sensor, torque per OEM spec • 3. Clear codes and verify the new reading tracks correctly
11810|2899|Inspect and clean the engine coolant temperature sensor connector|3|Fleet technician|0.0|15.0|0.5|1. Key off, unplug the sensor connector • 2. Check pins for corrosion, bent terminals or moisture intrusion • 3. Apply dielectric grease, reseat the connector, clear codes and recheck live data
11811|2899|Test the engine coolant temperature sensor signal, ground and reference circuits|4|Fleet technician|5.0|60.0|1.2|1. Back-probe the signal, ground and 5V/8V reference pins at the ECU connector • 2. Check for opens, shorts to ground/battery and resistance in range • 3. Repair chafed or corroded wiring, reseal splices, clear codes
11969|2941|Inspect and clean the fuel injector connector|1|Fleet technician|0.0|20.0|0.5|1. Key off, unplug the injector connector • 2. Check pins for corrosion, heat damage or a loose crimp • 3. Apply dielectric grease, reseat, clear codes
11970|2941|Test the fuel injector driver circuit resistance and wiring|2|Fleet technician|5.0|70.0|1.3|1. Measure coil/solenoid resistance at the connector against OEM spec • 2. Check the harness back to the ECU/injector driver for opens or shorts • 3. Repair or replace the harness section as needed, clear codes
11971|2941|Replace the fuel injector|3|Dealer / specialist|120.0|650.0|1.8|1. Confirm which cylinder/position is faulted from live data or cylinder cutout test • 2. Remove and replace the injector, use new seals/washers per OEM spec • 3. Torque to spec, prime the fuel system, clear codes and road-test
11972|2941|Perform injector trim/coding reset after service|4|Dealer / specialist|0.0|150.0|0.8|1. Enter the injector serial/trim code from the new injector into the ECU (or reset adaptive trims) using the OEM diagnostic tool • 2. Clear codes • 3. Verify smooth idle and no misfire/imbalance codes return
12133|2983|Inspect and clean the ignition coil connector|1|Fleet technician|0.0|15.0|0.5|1. Key off, unplug the actuator connector • 2. Check pins for corrosion or a loose crimp • 3. Apply dielectric grease, reseat, clear codes
12134|2983|Test the ignition coil driver circuit|2|Fleet technician|5.0|60.0|1.1|1. Measure coil resistance against OEM spec • 2. Check the drive and return wiring for opens or shorts to ground/battery • 3. Repair as needed, clear codes
12135|2983|Replace the ignition coil|3|Fleet technician|40.0|350.0|1.2|1. Remove the actuator/solenoid and inspect the mating bore or linkage for wear or contamination • 2. Fit the replacement with new seals per OEM spec • 3. Clear codes and verify commanded movement on a scan tool
12136|2983|Free and verify mechanical movement of the actuated component|4|Fleet technician|0.0|300.0|1.0|1. Check the actuator moves the linkage/valve through its full range without binding or sticking • 2. Clean or free a sticking mechanism, or replace if seized • 3. Clear codes and re-verify commanded response
12292|3025|Confirm the brake/ABS controller is transmitting and check its own active codes|1|Fleet technician|0.0|0.0|0.8|1. Connect a J1939 scan tool and confirm the ABS/ESC controller is present on the bus and broadcasting the expected PGN • 2. Read the ABS/ESC controller's own fault codes; an active brake-side fault often explains why the value is missing or invalid downstream • 3. If the ABS/ESC controller shows no fault and is transmitting normally, proceed to the link and receiving-controller checks
12293|3025|Reconfigure the receiving controller's expected-source parameters|2|Dealer / specialist|0.0|150.0|1.0|1. Connect the OEM service tool to the receiving controller • 2. Check its expected-source and parameter configuration against the OEM specification for this chassis • 3. Reprogram or update as needed, clear codes, and confirm the value now arrives at the expected rate
12294|3025|Inspect connectors on the ABS/ESC controller and the shared backbone|3|Fleet technician|0.0|20.0|0.5|1. Key off, inspect the ABS/ESC controller's main connector and the nearest backbone/drop-line or wheel-speed connector • 2. Check for corrosion, bent pins or a partially seated connector • 3. Clean, reseat, clear codes and retest
12295|3025|Verify ABS/ESC power/ground and backbone termination|4|Fleet technician|5.0|40.0|1.0|1. Back-probe the ABS/ESC controller's power and ground pins and confirm battery voltage and a clean ground • 2. With the bus powered down, measure 60 ohms across CAN H/CAN L to confirm backbone termination is intact • 3. Repair any open, shorted or corroded wiring found
12460|3067|Inspect, clean and reseat the aftertreatment lambda (O2) sensor connector|1|Fleet technician|0.0|25.0|0.5|1. Key off, unplug the aftertreatment lambda (O2) sensor circuit connector • 2. Check pins for corrosion, bent terminals and moisture intrusion, and check the harness for chafing near hot exhaust components • 3. Apply dielectric grease, reseat, clear codes and confirm the fault does not return
12461|3067|Test the aftertreatment lambda (O2) sensor heater, signal and CAN sub-network circuits|2|Fleet technician|5.0|80.0|1.2|1. Back-probe the heater supply, signal and network pins at the connector • 2. Check for battery voltage at the heater pin, correct signal reference and continuity/termination on the sensor's local CAN sub-network • 3. Repair the open, shorted or chafed conductor, reseal the splice, clear codes
12462|3067|Replace the aftertreatment lambda (O2) sensor|3|Dealer / specialist|300.0|700.0|1.2|1. Confirm the fault follows the aftertreatment lambda (O2) sensor and not the harness with a swap or resistance check • 2. Remove and replace the sensor at its mounting boss (exhaust pipe for NOx/O2/NH3 sensors, DEF tank for a quality sensor), torquing/sealing per spec - these are heated, CAN-networked smart sensors; aftermarket HD units commonly run $300-700 • 3. Clear codes, allow the sensor to complete its power-up self-test, and verify normal operation through a duty cycle
12463|3067|Check aftertreatment lambda (O2) sensor calibration/learned values with a service tool|4|Fleet technician|0.0|0.0|0.6|1. Connect a service tool and compare the sensor's live reading against a known reference (refractometer for DEF quality, a second sensor, or a bench check) • 2. Run the OEM's sensor learn/reset procedure if the reading is offset but the circuit tests good • 3. Clear codes and confirm the reading holds through a duty cycle
12626|3109|Replace the aftertreatment lambda (O2) sensor|1|Dealer / specialist|300.0|700.0|1.2|1. Confirm the fault follows the aftertreatment lambda (O2) sensor and not the harness with a swap or resistance check • 2. Remove and replace the sensor at its mounting boss (exhaust pipe for NOx/O2/NH3 sensors, DEF tank for a quality sensor), torquing/sealing per spec - these are heated, CAN-networked smart sensors; aftermarket HD units commonly run $300-700 • 3. Clear codes, allow the sensor to complete its power-up self-test, and verify normal operation through a duty cycle
12627|3109|Inspect, clean and reseat the aftertreatment lambda (O2) sensor connector|2|Fleet technician|0.0|25.0|0.5|1. Key off, unplug the aftertreatment lambda (O2) sensor circuit connector • 2. Check pins for corrosion, bent terminals and moisture intrusion, and check the harness for chafing near hot exhaust components • 3. Apply dielectric grease, reseat, clear codes and confirm the fault does not return
12628|3109|Test the aftertreatment lambda (O2) sensor heater, signal and CAN sub-network circuits|3|Fleet technician|5.0|80.0|1.2|1. Back-probe the heater supply, signal and network pins at the connector • 2. Check for battery voltage at the heater pin, correct signal reference and continuity/termination on the sensor's local CAN sub-network • 3. Repair the open, shorted or chafed conductor, reseal the splice, clear codes
12629|3109|Check aftertreatment lambda (O2) sensor calibration/learned values with a service tool|4|Fleet technician|0.0|0.0|0.6|1. Connect a service tool and compare the sensor's live reading against a known reference (refractometer for DEF quality, a second sensor, or a bench check) • 2. Run the OEM's sensor learn/reset procedure if the reading is offset but the circuit tests good • 3. Clear codes and confirm the reading holds through a duty cycle
12792|3151|Inspect and clean the accelerator pedal position sensor connector|1|Fleet technician|0.0|15.0|0.5|1. Key off, unplug the sensor connector • 2. Check pins for corrosion, bent terminals or oil/coolant intrusion • 3. Apply dielectric grease, reseat, clear codes
12793|3151|Replace the accelerator pedal position sensor|2|Fleet technician|30.0|220.0|0.9|1. Verify sensor air-gap or mounting per OEM spec • 2. Remove and replace the sensor and O-ring/seal • 3. Set the correct gap or torque, clear codes and verify signal quality on a scan tool
12794|3151|Test the accelerator pedal position sensor signal and supply circuits|3|Fleet technician|5.0|60.0|1.3|1. Back-probe signal, ground and supply-voltage pins at the ECU connector • 2. Check for opens, shorts and correct reference voltage • 3. Repair chafed wiring or corroded splices, clear codes
12795|3151|Check the sensed target (gear teeth, reluctor ring, linkage) for damage|4|Dealer / specialist|0.0|600.0|1.5|1. Inspect the reluctor wheel, gear teeth or mechanical linkage the sensor reads for damage, debris or wear • 2. Repair or replace the damaged component • 3. Reinstall the sensor, clear codes and verify
12958|3193|Inspect and clean the fuel temperature sensor connector|1|Fleet technician|0.0|15.0|0.5|1. Key off, unplug the sensor connector • 2. Check pins for corrosion, bent terminals or moisture intrusion • 3. Apply dielectric grease, reseat the connector, clear codes and recheck live data
12959|3193|Test the fuel temperature sensor signal, ground and reference circuits|2|Fleet technician|5.0|60.0|1.2|1. Back-probe the signal, ground and 5V/8V reference pins at the ECU connector • 2. Check for opens, shorts to ground/battery and resistance in range • 3. Repair chafed or corroded wiring, reseal splices, clear codes
12960|3193|Replace the fuel temperature sensor|3|Fleet technician|25.0|150.0|0.7|1. Confirm the sensor's live reading against a known-good reference (scan tool or hand-held meter) • 2. Remove and replace the sensor, torque per OEM spec • 3. Clear codes and verify the new reading tracks correctly
12961|3193|Verify the underlying system condition the sensor is reporting|4|Fleet technician|0.0|400.0|1.0|1. Confirm whether the out-of-range reading reflects a real system fault or a bad sensor • 2. Inspect the related system for the root physical cause • 3. Repair as needed, then clear codes and re-verify
13119|3235|Verify the underlying system condition the sensor is reporting|1|Fleet technician|0.0|400.0|1.0|1. Confirm whether the out-of-range reading reflects a real system fault or a bad sensor • 2. Inspect the related system for the root physical cause • 3. Repair as needed, then clear codes and re-verify
13120|3235|Replace the fuel rail (common rail) pressure sensor|2|Fleet technician|25.0|150.0|0.7|1. Confirm the sensor's live reading against a known-good reference (scan tool or hand-held meter) • 2. Remove and replace the sensor, torque per OEM spec • 3. Clear codes and verify the new reading tracks correctly
13121|3235|Inspect and clean the fuel rail (common rail) pressure sensor connector|3|Fleet technician|0.0|15.0|0.5|1. Key off, unplug the sensor connector • 2. Check pins for corrosion, bent terminals or moisture intrusion • 3. Apply dielectric grease, reseat the connector, clear codes and recheck live data
13122|3235|Test the fuel rail (common rail) pressure sensor signal, ground and reference circuits|4|Fleet technician|5.0|60.0|1.2|1. Back-probe the signal, ground and 5V/8V reference pins at the ECU connector • 2. Check for opens, shorts to ground/battery and resistance in range • 3. Repair chafed or corroded wiring, reseal splices, clear codes
13266|3277|Inspect connectors on all circuits fed by the 5V/8V sensor supply rail|1|Fleet technician|0.0|20.0|0.7|1. Key off, inspect every sensor connector sharing this supply rail for corrosion or water intrusion • 2. Clean and reseat as needed • 3. Clear codes and recheck rail voltage
13267|3277|Test the 5V/8V sensor supply rail for a short or excessive load|2|Fleet technician|5.0|60.0|1.1|1. Measure the supply rail voltage at the ECU connector against OEM spec with all sensors connected, then with each disconnected in turn • 2. Isolate the shorted or overloaded branch • 3. Repair the wiring/sensor causing the short, clear codes
13268|3277|Replace the regulator/relay supplying the 5V/8V sensor supply rail|3|Fleet technician|15.0|150.0|0.8|1. Confirm the supply is out of spec at the ECU's own output pin (points to the ECU/regulator, not the wiring) • 2. Replace the affected relay or, if internal, the ECU • 3. Clear codes and verify
13416|3319|Inspect and clean the connector for this parameter's circuit|1|Fleet technician|0.0|15.0|0.5|1. Key off, unplug the connector serving this circuit (identify via the pin-out for this SPN in the OEM wiring diagram) • 2. Check pins for corrosion or a loose crimp • 3. Apply dielectric grease, reseat, clear codes
13417|3319|Test the circuit for an open, short or out-of-range voltage|2|Fleet technician|5.0|70.0|1.3|1. Back-probe the affected pin(s) at the module connector • 2. Check for opens, shorts to ground/battery and correct reference voltage against the OEM wiring diagram • 3. Repair chafed or corroded wiring, clear codes
13418|3319|Replace the sensor or actuator on this circuit|3|Dealer / specialist|30.0|300.0|1.2|1. Identify the physical component tied to this manufacturer-specific parameter from the OEM wiring diagram or dealer tool • 2. Replace the component • 3. Clear codes and verify
13578|3361|Identify the assigned solenoid and inspect its connector|1|Fleet technician|0.0|15.0|0.5|1. Use the diagnostic tool to read which function (diff lock, transfer case, trailer, 3/2 valve) the output is configured for • 2. Locate and inspect that solenoid's connector for corrosion • 3. Clean, reconnect and clear codes
13579|3361|Test the auxiliary output driver circuit for a short or open|2|Fleet technician|5.0|70.0|1.2|1. Back-probe the output pin at the ECU and measure resistance to the solenoid coil • 2. Check for a short to ground or voltage along the harness • 3. Repair the wiring and re-test
13580|3361|Replace the assigned solenoid valve|3|Fleet technician|60.0|300.0|1.3|1. Tag and disconnect the air line and electrical connector • 2. Remove and replace the diff lock, transfer case, trailer or 3/2 valve solenoid • 3. Leak-check, clear codes and function-test
13581|3361|Verify the auxiliary output's parameter assignment with a diagnostic tool|4|Dealer / specialist|0.0|150.0|0.8|1. Connect a dealer-level diagnostic tool and read the auxiliary output configuration • 2. Confirm it matches the solenoid actually wired on the truck • 3. Correct the parameter and clear codes
13769|3403|Verify wheel-speed sensor wiring matches the correct wheel position|1|Fleet technician|0.0|0.0|0.5|1. Confirm each sensor connector is routed to its labeled ECU pin • 2. Correct any swapped or reversed left/right connections • 3. Clear codes and road-test
13770|3403|Replace a worn or damaged tone ring|2|Fleet technician|60.0|220.0|1.5|1. Access and remove the damaged tone ring • 2. Press on the replacement ring • 3. Reassemble, set the air gap and road-test
13771|3403|Clean the tone ring and check sensor mounting security|3|Fleet technician|0.0|40.0|0.8|1. Remove debris and metal fines from the tone ring teeth • 2. Confirm the sensor is fully seated and not vibrating loose • 3. Clear codes and road-test through a speed range
13772|3403|Replace a mismatched tire so the axle set matches|4|Fleet technician|400.0|900.0|1.5|1. Identify the tire(s) that do not match the axle set • 2. Replace with a correctly sized/matched tire • 3. Re-verify sizes and pressures, then clear codes
13773|3403|Verify matched tire sizes and pressures across the axle|5|Driver check|0.0|0.0|0.3|1. Measure rolling circumference or check size/load ratings on each tire of the axle • 2. Correct pressure to spec on all positions • 3. Note any mismatched tire for replacement
13973|3445|Trace and repair the sensor wiring harness|1|Fleet technician|5.0|75.0|1.0|1. Back-probe the sensor pins at the ECU and measure coil resistance • 2. Follow the harness to the axle looking for chafe points and pinches • 3. Repair or splice the damaged run, reseal and re-test
13974|3445|Inspect and clean the wheel-speed sensor connector|2|Fleet technician|0.0|15.0|0.4|1. Key off, unplug the sensor connector • 2. Check pins for corrosion, moisture and spread terminals • 3. Clean, apply dielectric grease, reconnect and clear codes
13975|3445|Replace the wheel-speed sensor|3|Fleet technician|40.0|120.0|0.6|1. Remove the old sensor and clean the bore • 2. Fit the new sensor and set the air gap per spec • 3. Reconnect, clear codes and road-test
13976|3445|Replace the sensor pigtail/extension harness|4|Fleet technician|20.0|90.0|0.8|1. Disconnect the failed pigtail at the sensor and at the chassis harness • 2. Route and secure the new pigtail away from moving parts • 3. Reconnect, clear codes and verify a clean speed trace
13977|3445|Clear codes and confirm the fault does not return|5|Fleet technician|0.0|0.0|0.3|1. Clear stored and active codes with a diagnostic tool • 2. Road-test through a speed range • 3. Re-scan to confirm the SPN/FMI has not reset
14176|3487|Trace and repair the sensor wiring harness|1|Fleet technician|5.0|75.0|1.0|1. Back-probe the sensor pins at the ECU and measure coil resistance • 2. Follow the harness to the axle looking for chafe points and pinches • 3. Repair or splice the damaged run, reseal and re-test
14177|3487|Inspect and clean the wheel-speed sensor connector|2|Fleet technician|0.0|15.0|0.4|1. Key off, unplug the sensor connector • 2. Check pins for corrosion, moisture and spread terminals • 3. Clean, apply dielectric grease, reconnect and clear codes
14178|3487|Replace the wheel-speed sensor|3|Fleet technician|40.0|120.0|0.6|1. Remove the old sensor and clean the bore • 2. Fit the new sensor and set the air gap per spec • 3. Reconnect, clear codes and road-test
14179|3487|Replace the sensor pigtail/extension harness|4|Fleet technician|20.0|90.0|0.8|1. Disconnect the failed pigtail at the sensor and at the chassis harness • 2. Route and secure the new pigtail away from moving parts • 3. Reconnect, clear codes and verify a clean speed trace
14180|3487|Clear codes and confirm the fault does not return|5|Fleet technician|0.0|0.0|0.3|1. Clear stored and active codes with a diagnostic tool • 2. Road-test through a speed range • 3. Re-scan to confirm the SPN/FMI has not reset
14354|3529|Inspect and clean the modulator valve connector|1|Fleet technician|0.0|15.0|0.4|1. Key off, unplug the valve connector • 2. Check pins for corrosion and spread terminals • 3. Clean, apply dielectric grease, reconnect and clear codes
14355|3529|Test the hold/release solenoid coil resistance and wiring|2|Fleet technician|5.0|60.0|1.0|1. Back-probe the hold and release coil pins and measure resistance against spec • 2. Check for a short to ground or to voltage on the harness • 3. Repair or replace the wiring as needed
14356|3529|Replace the ABS pressure modulator valve|3|Fleet technician|250.0|600.0|1.8|1. Tag and disconnect the air lines and electrical connector • 2. Remove and replace the modulator valve, torquing fittings per spec • 3. Leak-check, clear codes and road-test
14357|3529|Check the modulator for a sticking spool or internal air leak|4|Fleet technician|0.0|350.0|1.2|1. Listen and feel for continuous air flow or chatter at the valve • 2. Cycle the valve with a diagnostic tool and observe exhaust/response • 3. Replace the valve if it sticks or leaks internally
14515|3571|Verify the SAS is correctly centered and securely mounted on the column|1|Fleet technician|0.0|60.0|0.8|1. Check the sensor housing for secure mounting and correct orientation • 2. Confirm the steering wheel is centered with the wheels straight ahead • 3. Re-seat or re-align as needed
14516|3571|Replace the steering angle sensor|2|Fleet technician|100.0|350.0|1.0|1. Remove the steering column trim and disconnect the sensor • 2. Install the replacement sensor • 3. Reassemble and run the calibration procedure
14517|3571|Run the steering angle sensor calibration procedure with a diagnostic tool|3|Dealer / specialist|0.0|120.0|0.5|1. Center the steering wheel, wheels straight, vehicle on level ground • 2. Run the SAS calibration in the diagnostic tool • 3. Verify the learned zero point and clear codes
14518|3571|Inspect and reseat the steering angle sensor connector|4|Fleet technician|0.0|15.0|0.4|1. Key off, unplug the SAS connector under the steering column • 2. Check pins for corrosion and spread terminals • 3. Clean, reconnect and clear codes
14679|3613|Inspect network connectors and grounds at the diagnostic connector and main ECUs|1|Fleet technician|0.0|20.0|0.5|1. Key off, inspect the diagnostic connector and the main ECU connectors feeding the network • 2. Check for corrosion, bent pins and loose grounds • 3. Clean, reseat, clear codes and retest
14680|3613|Verify CAN H/CAN L continuity and isolate a node holding the bus|2|Fleet technician|10.0|60.0|1.2|1. With the bus unpowered, confirm CAN H/CAN L resistance and continuity as in the physical-layer check • 2. With the bus powered, disconnect network nodes one at a time (starting with recently serviced ECUs) to find one holding the bus high, low or flooding it with traffic • 3. Repair or replace the offending node's wiring or connector
14681|3613|Reconfigure the reporting ECU's multiplexing/baud parameters|3|Dealer / specialist|0.0|150.0|1.0|1. Connect the OEM service tool to the reporting ECU • 2. Compare its multiplexing configuration, expected source list and baud setting against the OEM specification • 3. Reprogram any parameter that does not match, then clear codes and confirm normal bus traffic
14682|3613|Scan the bus for error frames, bus load and duplicate addresses|4|Fleet technician|0.0|0.0|1.0|1. Connect a J1939 datalink analyzer or the OEM diagnostic tool at the diagnostic connector • 2. Record bus load percentage, error-frame count and the list of active source addresses • 3. Flag any address appearing twice or any node with an abnormally high error count for follow-up
14867|3655|Verify wheel-speed sensor wiring matches the correct wheel position|1|Fleet technician|0.0|0.0|0.5|1. Confirm each sensor connector is routed to its labeled ECU pin • 2. Correct any swapped or reversed left/right connections • 3. Clear codes and road-test
14868|3655|Replace a worn or damaged tone ring|2|Fleet technician|60.0|220.0|1.5|1. Access and remove the damaged tone ring • 2. Press on the replacement ring • 3. Reassemble, set the air gap and road-test
14869|3655|Clean the tone ring and check sensor mounting security|3|Fleet technician|0.0|40.0|0.8|1. Remove debris and metal fines from the tone ring teeth • 2. Confirm the sensor is fully seated and not vibrating loose • 3. Clear codes and road-test through a speed range
14870|3655|Replace a mismatched tire so the axle set matches|4|Fleet technician|400.0|900.0|1.5|1. Identify the tire(s) that do not match the axle set • 2. Replace with a correctly sized/matched tire • 3. Re-verify sizes and pressures, then clear codes
14871|3655|Verify matched tire sizes and pressures across the axle|5|Driver check|0.0|0.0|0.3|1. Measure rolling circumference or check size/load ratings on each tire of the axle • 2. Correct pressure to spec on all positions • 3. Note any mismatched tire for replacement
15077|3697|Verify wheel-speed sensor wiring matches the correct wheel position|1|Fleet technician|0.0|0.0|0.5|1. Confirm each sensor connector is routed to its labeled ECU pin • 2. Correct any swapped or reversed left/right connections • 3. Clear codes and road-test
15078|3697|Replace a worn or damaged tone ring|2|Fleet technician|60.0|220.0|1.5|1. Access and remove the damaged tone ring • 2. Press on the replacement ring • 3. Reassemble, set the air gap and road-test
15079|3697|Clean the tone ring and check sensor mounting security|3|Fleet technician|0.0|40.0|0.8|1. Remove debris and metal fines from the tone ring teeth • 2. Confirm the sensor is fully seated and not vibrating loose • 3. Clear codes and road-test through a speed range
15080|3697|Replace a mismatched tire so the axle set matches|4|Fleet technician|400.0|900.0|1.5|1. Identify the tire(s) that do not match the axle set • 2. Replace with a correctly sized/matched tire • 3. Re-verify sizes and pressures, then clear codes
15081|3697|Verify matched tire sizes and pressures across the axle|5|Driver check|0.0|0.0|0.3|1. Measure rolling circumference or check size/load ratings on each tire of the axle • 2. Correct pressure to spec on all positions • 3. Note any mismatched tire for replacement
15277|3739|Identify the assigned solenoid and inspect its connector|1|Fleet technician|0.0|15.0|0.5|1. Use the diagnostic tool to read which function (diff lock, transfer case, trailer, 3/2 valve) the output is configured for • 2. Locate and inspect that solenoid's connector for corrosion • 3. Clean, reconnect and clear codes
15278|3739|Test the auxiliary output driver circuit for a short or open|2|Fleet technician|5.0|70.0|1.2|1. Back-probe the output pin at the ECU and measure resistance to the solenoid coil • 2. Check for a short to ground or voltage along the harness • 3. Repair the wiring and re-test
15279|3739|Replace the assigned solenoid valve|3|Fleet technician|60.0|300.0|1.3|1. Tag and disconnect the air line and electrical connector • 2. Remove and replace the diff lock, transfer case, trailer or 3/2 valve solenoid • 3. Leak-check, clear codes and function-test
15280|3739|Verify the auxiliary output's parameter assignment with a diagnostic tool|4|Dealer / specialist|0.0|150.0|0.8|1. Connect a dealer-level diagnostic tool and read the auxiliary output configuration • 2. Confirm it matches the solenoid actually wired on the truck • 3. Correct the parameter and clear codes
15445|3781|Replace the ECU if the safety-monitor fault persists after software and configuration checks|1|Dealer / specialist|900.0|2500.0|2.0|1. Confirm the fault returns after a software update and EOL re-check • 2. Replace the ECU with the correct part number • 3. Complete dealer end-of-line programming and configuration
15446|3781|Re-run end-of-line configuration if a related sensor or valve was recently replaced|2|Dealer / specialist|0.0|150.0|0.8|1. Check service history for a recent sensor, modulator or ECU replacement • 2. Re-run the EOL configuration for the affected function • 3. Clear codes and road-test
15447|3781|Read the full fault history and cross-reference related SPNs with a dealer scan tool|3|Dealer / specialist|0.0|0.0|1.0|1. Pull all active and stored codes, not just the safety-monitor SPN • 2. Cross-reference against wheel-speed, valve and sensor SPNs logged at the same time • 3. Diagnose the underlying SPN first
15448|3781|Update the ECU software/calibration to the latest release|4|Dealer / specialist|0.0|200.0|1.0|1. Connect the dealer diagnostic tool and check the current software level • 2. Apply the latest released calibration/update • 3. Clear codes and road-test
15604|3823|Cycle ignition and re-scan; a transient checksum error may clear|1|Fleet technician|0.0|0.0|0.3|1. Record the active fault • 2. Cycle the ignition off and on • 3. Re-scan to see if the checksum fault clears
15605|3823|Replace the ECU if the checksum fault returns after reprogramming|2|Dealer / specialist|900.0|2500.0|2.0|1. Confirm the checksum fault repeats after a full parameter reload • 2. Replace the ECU with the correct part number • 3. Complete dealer end-of-line programming and configuration
15606|3823|Re-load the vehicle configuration parameters with a dealer diagnostic tool|3|Dealer / specialist|0.0|150.0|1.0|1. Connect the dealer diagnostic tool • 2. Re-enter or re-load the affected parameter group (traction control, brake, gravity/vehicle, axle configuration) • 3. Save, clear codes and road-test
15730|3865|Cycle ignition and re-scan; a transient checksum error may clear|1|Fleet technician|0.0|0.0|0.3|1. Record the active fault • 2. Cycle the ignition off and on • 3. Re-scan to see if the checksum fault clears
15731|3865|Replace the ECU if the checksum fault returns after reprogramming|2|Dealer / specialist|900.0|2500.0|2.0|1. Confirm the checksum fault repeats after a full parameter reload • 2. Replace the ECU with the correct part number • 3. Complete dealer end-of-line programming and configuration
15732|3865|Re-load the vehicle configuration parameters with a dealer diagnostic tool|3|Dealer / specialist|0.0|150.0|1.0|1. Connect the dealer diagnostic tool • 2. Re-enter or re-load the affected parameter group (traction control, brake, gravity/vehicle, axle configuration) • 3. Save, clear codes and road-test
15865|3907|Inspect, clean and reseat the DEF/urea quality sensor connector|1|Fleet technician|0.0|25.0|0.5|1. Key off, unplug the DEF/urea quality sensor circuit connector • 2. Check pins for corrosion, bent terminals and moisture intrusion, and check the harness for chafing near hot exhaust components • 3. Apply dielectric grease, reseat, clear codes and confirm the fault does not return
15866|3907|Test the DEF/urea quality sensor heater, signal and CAN sub-network circuits|2|Fleet technician|5.0|80.0|1.2|1. Back-probe the heater supply, signal and network pins at the connector • 2. Check for battery voltage at the heater pin, correct signal reference and continuity/termination on the sensor's local CAN sub-network • 3. Repair the open, shorted or chafed conductor, reseal the splice, clear codes
15867|3907|Replace the DEF/urea quality sensor|3|Dealer / specialist|300.0|700.0|1.2|1. Confirm the fault follows the DEF/urea quality sensor and not the harness with a swap or resistance check • 2. Remove and replace the sensor at its mounting boss (exhaust pipe for NOx/O2/NH3 sensors, DEF tank for a quality sensor), torquing/sealing per spec - these are heated, CAN-networked smart sensors; aftermarket HD units commonly run $300-700 • 3. Clear codes, allow the sensor to complete its power-up self-test, and verify normal operation through a duty cycle
15868|3907|Check DEF/urea quality sensor calibration/learned values with a service tool|4|Fleet technician|0.0|0.0|0.6|1. Connect a service tool and compare the sensor's live reading against a known reference (refractometer for DEF quality, a second sensor, or a bench check) • 2. Run the OEM's sensor learn/reset procedure if the reading is offset but the circuit tests good • 3. Clear codes and confirm the reading holds through a duty cycle
16012|3949|Inspect, clean and reseat the DEF line heater connector|1|Fleet technician|0.0|20.0|0.5|1. Key off, unplug the DEF line heater circuit connector • 2. Check pins for corrosion, bent terminals and moisture intrusion, and check the harness for chafing near hot exhaust components • 3. Apply dielectric grease, reseat, clear codes and confirm the fault does not return
16013|3949|Test the DEF line heater circuit for opens, shorts and correct supply voltage|2|Fleet technician|5.0|60.0|1.0|1. Back-probe the circuit at the connector with the harness connected • 2. Check for supply voltage, continuity to the controller and resistance to ground/battery • 3. Repair the open, shorted or chafed conductor, reseal the splice, clear codes
16014|3949|Replace the DEF line heater|3|Fleet technician|40.0|300.0|1.0|1. Confirm the fault follows the DEF line heater and not the harness with a swap or resistance check • 2. Remove and replace the component, transferring any mounting hardware • 3. Clear codes and verify normal operation through a duty cycle
16154|3991|Inspect, clean and reseat the NOx sensor, downstream of SCR connector|1|Fleet technician|0.0|25.0|0.5|1. Key off, unplug the NOx sensor, downstream of SCR circuit connector • 2. Check pins for corrosion, bent terminals and moisture intrusion, and check the harness for chafing near hot exhaust components • 3. Apply dielectric grease, reseat, clear codes and confirm the fault does not return
16155|3991|Test the NOx sensor, downstream of SCR heater, signal and CAN sub-network circuits|2|Fleet technician|5.0|80.0|1.2|1. Back-probe the heater supply, signal and network pins at the connector • 2. Check for battery voltage at the heater pin, correct signal reference and continuity/termination on the sensor's local CAN sub-network • 3. Repair the open, shorted or chafed conductor, reseal the splice, clear codes
16156|3991|Replace the NOx sensor, downstream of SCR|3|Dealer / specialist|300.0|700.0|1.2|1. Confirm the fault follows the NOx sensor, downstream of SCR and not the harness with a swap or resistance check • 2. Remove and replace the sensor at its mounting boss (exhaust pipe for NOx/O2/NH3 sensors, DEF tank for a quality sensor), torquing/sealing per spec - these are heated, CAN-networked smart sensors; aftermarket HD units commonly run $300-700 • 3. Clear codes, allow the sensor to complete its power-up self-test, and verify normal operation through a duty cycle
16157|3991|Check NOx sensor, downstream of SCR calibration/learned values with a service tool|4|Fleet technician|0.0|0.0|0.6|1. Connect a service tool and compare the sensor's live reading against a known reference (refractometer for DEF quality, a second sensor, or a bench check) • 2. Run the OEM's sensor learn/reset procedure if the reading is offset but the circuit tests good • 3. Clear codes and confirm the reading holds through a duty cycle
16318|4033|Inspect and clean the accelerator pedal position sensor connector|1|Fleet technician|0.0|15.0|0.5|1. Key off, unplug the sensor connector • 2. Check pins for corrosion, bent terminals or oil/coolant intrusion • 3. Apply dielectric grease, reseat, clear codes
16319|4033|Test the accelerator pedal position sensor signal and supply circuits|2|Fleet technician|5.0|60.0|1.3|1. Back-probe signal, ground and supply-voltage pins at the ECU connector • 2. Check for opens, shorts and correct reference voltage • 3. Repair chafed wiring or corroded splices, clear codes
16320|4033|Replace the accelerator pedal position sensor|3|Fleet technician|30.0|220.0|0.9|1. Verify sensor air-gap or mounting per OEM spec • 2. Remove and replace the sensor and O-ring/seal • 3. Set the correct gap or torque, clear codes and verify signal quality on a scan tool
16321|4033|Check the sensed target (gear teeth, reluctor ring, linkage) for damage|4|Dealer / specialist|0.0|600.0|1.5|1. Inspect the reluctor wheel, gear teeth or mechanical linkage the sensor reads for damage, debris or wear • 2. Repair or replace the damaged component • 3. Reinstall the sensor, clear codes and verify
16483|4075|Check ECU power, ground and case-connector integrity|1|Fleet technician|0.0|40.0|0.8|1. Key off, inspect the main ECU harness connectors for corrosion, bent pins or moisture intrusion • 2. Check the ECU's power and ground straps for a clean, tight connection • 3. Reseat, clear codes
16484|4075|Test ECU supply and ground circuit wiring for the affected channel|2|Fleet technician|5.0|80.0|1.2|1. Verify battery voltage reaches the ECU's power pins with the key on • 2. Check chassis ground points for corrosion or a poor connection • 3. Repair as needed, clear codes
16485|4075|Replace the engine control unit (ECU) (or the affected internal module)|3|Dealer / specialist|400.0|3500.0|3.0|1. Confirm the fault persists after a reflash and clean power/ground • 2. Replace the ECU/module and transfer or re-program its configuration data • 3. Clear codes and verify with a full system scan
16486|4075|Reflash/reprogram the engine control unit (ECU) with the latest calibration|4|Dealer / specialist|0.0|300.0|1.5|1. Connect the OEM diagnostic tool and check for a newer software/calibration release • 2. Reflash the ECU per the OEM procedure • 3. Clear codes, run a full DTC scan and road-test
16651|4117|Replace the EGR valve actuator|1|Dealer / specialist|250.0|1400.0|2.0|1. Remove the EGR valve actuator assembly and its gasket/clamp • 2. Install the replacement, torque fasteners per spec and reconnect the harness • 3. Clear codes, run the actuator's self-calibration/learn procedure if the OEM tool supports one, and confirm normal operation
16652|4117|Inspect and clean the EGR valve actuator connector|2|Fleet technician|0.0|20.0|0.5|1. Key off, unplug the EGR valve actuator • 2. Check pins for corrosion and the harness for chafing or heat damage near the exhaust • 3. Apply dielectric grease, reseat, clear codes and cycle the actuator with a service tool
16653|4117|Test the EGR valve actuator motor/coil circuit|3|Fleet technician|5.0|70.0|1.2|1. Back-probe the motor or coil circuit at the connector • 2. Check winding resistance against spec and continuity/insulation to ground • 3. Repair chafed or shorted wiring, clear codes and re-test with a commanded sweep
16654|4117|Free up and clean a sticking EGR valve actuator|4|Fleet technician|30.0|250.0|1.5|1. Remove the EGR valve actuator (or access it in place per OEM procedure) • 2. Clean carbon and soot buildup from the bore/shaft with an approved solvent, working the shaft through its full travel • 3. Reinstall, clear codes and command a full-range sweep with a service tool to confirm smooth travel
16800|4159|Test the dashboard warning lamp or indicator output driver circuit|1|Fleet technician|5.0|45.0|0.8|1. Back-probe the output pin at the ECU/module connector • 2. Check for a short to ground/battery or an open in the wiring to the lamp/indicator • 3. Repair as needed, clear codes
16801|4159|Inspect and clean the dashboard warning lamp or indicator connector|2|Fleet technician|0.0|10.0|0.3|1. Key off, unplug the lamp/indicator connector • 2. Check pins for corrosion or a loose crimp • 3. Apply dielectric grease, reseat, clear codes
16802|4159|Replace the failed bulb, LED module or indicator|3|Fleet technician|5.0|60.0|0.4|1. Confirm the bulb/LED itself is not simply burned out • 2. Replace the bulb or indicator module • 3. Clear codes and verify the indicator responds to a commanded test
