fault_id|spn|fmi|oem_make|oem_code|controller|short_description|fault_family|detailed_technical_explanation|source_id|source_url|source_page|source_doc|fix_id|fix_title|probability_rank|difficulty_level|est_parts_cost_min_usd|est_parts_cost_max_usd|est_labor_hours|step_by_step_instructions
1|154|13|Bendix|12-23|ABS/ESC|ABS controller auxiliary I/O channel 2 or 3 reads shorted high|hdb_auxiliary_output_solenoid_circuit|SPN 154 (ABS controller auxiliary I/O circuit) with FMI 13 (Calibration data outside limits) is set by the ABS/ESC on a configurable auxiliary output driver -- wired at the factory to a differential lock, transfer case, trailer, or a general-purpose 3/2 valve solenoid -- when that output circuit reads shorted to voltage or ground, open, or does not match its parameter-set configuration. Diagnosis follows the wiring for whichever solenoid the output is assigned to on this vehicle.|bendix_sd134983|https://www.bendixvrc.com/itemDisplay.asp?documentID=6722||SD-13-4983 EC-80 ABS/ATC service data sheet (2014)|1|Verify the auxiliary output's parameter assignment with a diagnostic tool|1|Dealer / specialist|0.0|150.0|0.8|1. Connect a dealer-level diagnostic tool and read the auxiliary output configuration • 2. Confirm it matches the solenoid actually wired on the truck • 3. Correct the parameter and clear codes
1|154|13|Bendix|12-23|ABS/ESC|ABS controller auxiliary I/O channel 2 or 3 reads shorted high|hdb_auxiliary_output_solenoid_circuit|SPN 154 (ABS controller auxiliary I/O circuit) with FMI 13 (Calibration data outside limits) is set by the ABS/ESC on a configurable auxiliary output driver -- wired at the factory to a differential lock, transfer case, trailer, or a general-purpose 3/2 valve solenoid -- when that output circuit reads shorted to voltage or ground, open, or does not match its parameter-set configuration. Diagnosis follows the wiring for whichever solenoid the output is assigned to on this vehicle.|bendix_sd134983|https://www.bendixvrc.com/itemDisplay.asp?documentID=6722||SD-13-4983 EC-80 ABS/ATC service data sheet (2014)|2|Replace the assigned solenoid valve|2|Fleet technician|60.0|300.0|1.3|1. Tag and disconnect the air line and electrical connector • 2. Remove and replace the diff lock, transfer case, trailer or 3/2 valve solenoid • 3. Leak-check, clear codes and function-test
1|154|13|Bendix|12-23|ABS/ESC|ABS controller auxiliary I/O channel 2 or 3 reads shorted high|hdb_auxiliary_output_solenoid_circuit|SPN 154 (ABS controller auxiliary I/O circuit) with FMI 13 (Calibration data outside limits) is set by the ABS/ESC on a configurable auxiliary output driver -- wired at the factory to a differential lock, transfer case, trailer, or a general-purpose 3/2 valve solenoid -- when that output circuit reads shorted to voltage or ground, open, or does not match its parameter-set configuration. Diagnosis follows the wiring for whichever solenoid the output is assigned to on this vehicle.|bendix_sd134983|https://www.bendixvrc.com/itemDisplay.asp?documentID=6722||SD-13-4983 EC-80 ABS/ATC service data sheet (2014)|3|Identify the assigned solenoid and inspect its connector|3|Fleet technician|0.0|15.0|0.5|1. Use the diagnostic tool to read which function (diff lock, transfer case, trailer, 3/2 valve) the output is configured for • 2. Locate and inspect that solenoid's connector for corrosion • 3. Clean, reconnect and clear codes
1|154|13|Bendix|12-23|ABS/ESC|ABS controller auxiliary I/O channel 2 or 3 reads shorted high|hdb_auxiliary_output_solenoid_circuit|SPN 154 (ABS controller auxiliary I/O circuit) with FMI 13 (Calibration data outside limits) is set by the ABS/ESC on a configurable auxiliary output driver -- wired at the factory to a differential lock, transfer case, trailer, or a general-purpose 3/2 valve solenoid -- when that output circuit reads shorted to voltage or ground, open, or does not match its parameter-set configuration. Diagnosis follows the wiring for whichever solenoid the output is assigned to on this vehicle.|bendix_sd134983|https://www.bendixvrc.com/itemDisplay.asp?documentID=6722||SD-13-4983 EC-80 ABS/ATC service data sheet (2014)|4|Test the auxiliary output driver circuit for a short or open|4|Fleet technician|5.0|70.0|1.2|1. Back-probe the output pin at the ECU and measure resistance to the solenoid coil • 2. Check for a short to ground or voltage along the harness • 3. Repair the wiring and re-test
43|630|13|Bendix|13-18|ABS/ESC|ABS controller internal fault, diagnostic code CC|hdb_ecu_internal|SPN 630 (Engine control module calibration/configuration fault) with FMI 13 (Calibration data outside limits) is set by the ABS/ESC for an internal fault -- a failed self-check, a lost link between the ECU's main and safety processing cores (or an add-on ESC module), a corrupted internal message, or another device-level condition the ECU cannot attribute to an external circuit. These are not driver-repairable; they are handled with a diagnostic tool and, if the fault repeats, ECU replacement.|bendix_sd134983|https://www.bendixvrc.com/itemDisplay.asp?documentID=6722||SD-13-4983 EC-80 ABS/ATC service data sheet (2014)|169|Read and clear codes, then cycle ignition and re-scan for a repeat fault|1|Fleet technician|0.0|0.0|0.4|1. Record all active and stored codes • 2. Clear codes and cycle ignition off/on • 3. Re-scan and road-test to see if the fault re-sets
43|630|13|Bendix|13-18|ABS/ESC|ABS controller internal fault, diagnostic code CC|hdb_ecu_internal|SPN 630 (Engine control module calibration/configuration fault) with FMI 13 (Calibration data outside limits) is set by the ABS/ESC for an internal fault -- a failed self-check, a lost link between the ECU's main and safety processing cores (or an add-on ESC module), a corrupted internal message, or another device-level condition the ECU cannot attribute to an external circuit. These are not driver-repairable; they are handled with a diagnostic tool and, if the fault repeats, ECU replacement.|bendix_sd134983|https://www.bendixvrc.com/itemDisplay.asp?documentID=6722||SD-13-4983 EC-80 ABS/ATC service data sheet (2014)|170|Update the ECU software to the latest calibration|2|Dealer / specialist|0.0|200.0|1.0|1. Connect the dealer diagnostic tool and check the current software level • 2. Apply the latest released calibration/update • 3. Clear codes and road-test
43|630|13|Bendix|13-18|ABS/ESC|ABS controller internal fault, diagnostic code CC|hdb_ecu_internal|SPN 630 (Engine control module calibration/configuration fault) with FMI 13 (Calibration data outside limits) is set by the ABS/ESC for an internal fault -- a failed self-check, a lost link between the ECU's main and safety processing cores (or an add-on ESC module), a corrupted internal message, or another device-level condition the ECU cannot attribute to an external circuit. These are not driver-repairable; they are handled with a diagnostic tool and, if the fault repeats, ECU replacement.|bendix_sd134983|https://www.bendixvrc.com/itemDisplay.asp?documentID=6722||SD-13-4983 EC-80 ABS/ATC service data sheet (2014)|171|Replace the ABS/ESC ECU|3|Dealer / specialist|900.0|2500.0|2.0|1. Confirm the internal fault repeats after a software update and power-supply check • 2. Replace the ECU with the correct part number for the vehicle configuration • 3. Complete dealer end-of-line programming and configuration
43|630|13|Bendix|13-18|ABS/ESC|ABS controller internal fault, diagnostic code CC|hdb_ecu_internal|SPN 630 (Engine control module calibration/configuration fault) with FMI 13 (Calibration data outside limits) is set by the ABS/ESC for an internal fault -- a failed self-check, a lost link between the ECU's main and safety processing cores (or an add-on ESC module), a corrupted internal message, or another device-level condition the ECU cannot attribute to an external circuit. These are not driver-repairable; they are handled with a diagnostic tool and, if the fault repeats, ECU replacement.|bendix_sd134983|https://www.bendixvrc.com/itemDisplay.asp?documentID=6722||SD-13-4983 EC-80 ABS/ATC service data sheet (2014)|172|Verify the connection between the main ECU and any add-on ESC/safety module|4|Dealer / specialist|0.0|100.0|1.0|1. Inspect the harness/connector linking the main ABS ECU and the ESC module • 2. Check for corrosion, an open pin, or a loose connector • 3. Repair and clear codes
85|790|8|Bendix|3-6|ABS/ESC|Wheel speed sensor, steer axle right, signal erratic|hdb_wheel_speed_signal_erratic|SPN 790 (Wheel speed sensor, steer axle right) with FMI 8 (Wrong frequency, pulse width or period) is set by the ABS/ESC when a wheel-speed signal is plausible in amplitude but behaves erratically -- chattering, jumping, arriving at the wrong update rate, or disagreeing with the other wheels on the axle, including a sensor pair wired in reverse or an output too low at drive-off. Typical causes are a damaged or debris-packed tone ring, a loose sensor, mismatched tire sizes on an axle, or a mis-wired sensor after a service.|bendix_sd134983|https://www.bendixvrc.com/itemDisplay.asp?documentID=6722||SD-13-4983 EC-80 ABS/ATC service data sheet (2014)|349|Verify wheel-speed sensor wiring matches the correct wheel position|1|Fleet technician|0.0|0.0|0.5|1. Confirm each sensor connector is routed to its labeled ECU pin • 2. Correct any swapped or reversed left/right connections • 3. Clear codes and road-test
85|790|8|Bendix|3-6|ABS/ESC|Wheel speed sensor, steer axle right, signal erratic|hdb_wheel_speed_signal_erratic|SPN 790 (Wheel speed sensor, steer axle right) with FMI 8 (Wrong frequency, pulse width or period) is set by the ABS/ESC when a wheel-speed signal is plausible in amplitude but behaves erratically -- chattering, jumping, arriving at the wrong update rate, or disagreeing with the other wheels on the axle, including a sensor pair wired in reverse or an output too low at drive-off. Typical causes are a damaged or debris-packed tone ring, a loose sensor, mismatched tire sizes on an axle, or a mis-wired sensor after a service.|bendix_sd134983|https://www.bendixvrc.com/itemDisplay.asp?documentID=6722||SD-13-4983 EC-80 ABS/ATC service data sheet (2014)|350|Replace a worn or damaged tone ring|2|Fleet technician|60.0|220.0|1.5|1. Access and remove the damaged tone ring • 2. Press on the replacement ring • 3. Reassemble, set the air gap and road-test
85|790|8|Bendix|3-6|ABS/ESC|Wheel speed sensor, steer axle right, signal erratic|hdb_wheel_speed_signal_erratic|SPN 790 (Wheel speed sensor, steer axle right) with FMI 8 (Wrong frequency, pulse width or period) is set by the ABS/ESC when a wheel-speed signal is plausible in amplitude but behaves erratically -- chattering, jumping, arriving at the wrong update rate, or disagreeing with the other wheels on the axle, including a sensor pair wired in reverse or an output too low at drive-off. Typical causes are a damaged or debris-packed tone ring, a loose sensor, mismatched tire sizes on an axle, or a mis-wired sensor after a service.|bendix_sd134983|https://www.bendixvrc.com/itemDisplay.asp?documentID=6722||SD-13-4983 EC-80 ABS/ATC service data sheet (2014)|351|Clean the tone ring and check sensor mounting security|3|Fleet technician|0.0|40.0|0.8|1. Remove debris and metal fines from the tone ring teeth • 2. Confirm the sensor is fully seated and not vibrating loose • 3. Clear codes and road-test through a speed range
85|790|8|Bendix|3-6|ABS/ESC|Wheel speed sensor, steer axle right, signal erratic|hdb_wheel_speed_signal_erratic|SPN 790 (Wheel speed sensor, steer axle right) with FMI 8 (Wrong frequency, pulse width or period) is set by the ABS/ESC when a wheel-speed signal is plausible in amplitude but behaves erratically -- chattering, jumping, arriving at the wrong update rate, or disagreeing with the other wheels on the axle, including a sensor pair wired in reverse or an output too low at drive-off. Typical causes are a damaged or debris-packed tone ring, a loose sensor, mismatched tire sizes on an axle, or a mis-wired sensor after a service.|bendix_sd134983|https://www.bendixvrc.com/itemDisplay.asp?documentID=6722||SD-13-4983 EC-80 ABS/ATC service data sheet (2014)|352|Replace a mismatched tire so the axle set matches|4|Fleet technician|400.0|900.0|1.5|1. Identify the tire(s) that do not match the axle set • 2. Replace with a correctly sized/matched tire • 3. Re-verify sizes and pressures, then clear codes
85|790|8|Bendix|3-6|ABS/ESC|Wheel speed sensor, steer axle right, signal erratic|hdb_wheel_speed_signal_erratic|SPN 790 (Wheel speed sensor, steer axle right) with FMI 8 (Wrong frequency, pulse width or period) is set by the ABS/ESC when a wheel-speed signal is plausible in amplitude but behaves erratically -- chattering, jumping, arriving at the wrong update rate, or disagreeing with the other wheels on the axle, including a sensor pair wired in reverse or an output too low at drive-off. Typical causes are a damaged or debris-packed tone ring, a loose sensor, mismatched tire sizes on an axle, or a mis-wired sensor after a service.|bendix_sd134983|https://www.bendixvrc.com/itemDisplay.asp?documentID=6722||SD-13-4983 EC-80 ABS/ATC service data sheet (2014)|353|Verify matched tire sizes and pressures across the axle|5|Driver check|0.0|0.0|0.3|1. Measure rolling circumference or check size/load ratings on each tire of the axle • 2. Correct pressure to spec on all positions • 3. Note any mismatched tire for replacement
127|793|10|Bendix|14-4|ABS/ESC|Wheel speed sensor, additional axle left, signal lost|hdb_wheel_speed_signal_erratic|SPN 793 (Wheel speed sensor, additional axle left) with FMI 10 (Value changing implausibly fast or slow) is set by the ABS/ESC when a wheel-speed signal is plausible in amplitude but behaves erratically -- chattering, jumping, arriving at the wrong update rate, or disagreeing with the other wheels on the axle, including a sensor pair wired in reverse or an output too low at drive-off. Typical causes are a damaged or debris-packed tone ring, a loose sensor, mismatched tire sizes on an axle, or a mis-wired sensor after a service.|bendix_sd134983|https://www.bendixvrc.com/itemDisplay.asp?documentID=6722||SD-13-4983 EC-80 ABS/ATC service data sheet (2014)|547|Replace a worn or damaged tone ring|1|Fleet technician|60.0|220.0|1.5|1. Access and remove the damaged tone ring • 2. Press on the replacement ring • 3. Reassemble, set the air gap and road-test
127|793|10|Bendix|14-4|ABS/ESC|Wheel speed sensor, additional axle left, signal lost|hdb_wheel_speed_signal_erratic|SPN 793 (Wheel speed sensor, additional axle left) with FMI 10 (Value changing implausibly fast or slow) is set by the ABS/ESC when a wheel-speed signal is plausible in amplitude but behaves erratically -- chattering, jumping, arriving at the wrong update rate, or disagreeing with the other wheels on the axle, including a sensor pair wired in reverse or an output too low at drive-off. Typical causes are a damaged or debris-packed tone ring, a loose sensor, mismatched tire sizes on an axle, or a mis-wired sensor after a service.|bendix_sd134983|https://www.bendixvrc.com/itemDisplay.asp?documentID=6722||SD-13-4983 EC-80 ABS/ATC service data sheet (2014)|548|Clean the tone ring and check sensor mounting security|2|Fleet technician|0.0|40.0|0.8|1. Remove debris and metal fines from the tone ring teeth • 2. Confirm the sensor is fully seated and not vibrating loose • 3. Clear codes and road-test through a speed range
127|793|10|Bendix|14-4|ABS/ESC|Wheel speed sensor, additional axle left, signal lost|hdb_wheel_speed_signal_erratic|SPN 793 (Wheel speed sensor, additional axle left) with FMI 10 (Value changing implausibly fast or slow) is set by the ABS/ESC when a wheel-speed signal is plausible in amplitude but behaves erratically -- chattering, jumping, arriving at the wrong update rate, or disagreeing with the other wheels on the axle, including a sensor pair wired in reverse or an output too low at drive-off. Typical causes are a damaged or debris-packed tone ring, a loose sensor, mismatched tire sizes on an axle, or a mis-wired sensor after a service.|bendix_sd134983|https://www.bendixvrc.com/itemDisplay.asp?documentID=6722||SD-13-4983 EC-80 ABS/ATC service data sheet (2014)|549|Replace a mismatched tire so the axle set matches|3|Fleet technician|400.0|900.0|1.5|1. Identify the tire(s) that do not match the axle set • 2. Replace with a correctly sized/matched tire • 3. Re-verify sizes and pressures, then clear codes
127|793|10|Bendix|14-4|ABS/ESC|Wheel speed sensor, additional axle left, signal lost|hdb_wheel_speed_signal_erratic|SPN 793 (Wheel speed sensor, additional axle left) with FMI 10 (Value changing implausibly fast or slow) is set by the ABS/ESC when a wheel-speed signal is plausible in amplitude but behaves erratically -- chattering, jumping, arriving at the wrong update rate, or disagreeing with the other wheels on the axle, including a sensor pair wired in reverse or an output too low at drive-off. Typical causes are a damaged or debris-packed tone ring, a loose sensor, mismatched tire sizes on an axle, or a mis-wired sensor after a service.|bendix_sd134983|https://www.bendixvrc.com/itemDisplay.asp?documentID=6722||SD-13-4983 EC-80 ABS/ATC service data sheet (2014)|550|Verify wheel-speed sensor wiring matches the correct wheel position|4|Fleet technician|0.0|0.0|0.5|1. Confirm each sensor connector is routed to its labeled ECU pin • 2. Correct any swapped or reversed left/right connections • 3. Clear codes and road-test
127|793|10|Bendix|14-4|ABS/ESC|Wheel speed sensor, additional axle left, signal lost|hdb_wheel_speed_signal_erratic|SPN 793 (Wheel speed sensor, additional axle left) with FMI 10 (Value changing implausibly fast or slow) is set by the ABS/ESC when a wheel-speed signal is plausible in amplitude but behaves erratically -- chattering, jumping, arriving at the wrong update rate, or disagreeing with the other wheels on the axle, including a sensor pair wired in reverse or an output too low at drive-off. Typical causes are a damaged or debris-packed tone ring, a loose sensor, mismatched tire sizes on an axle, or a mis-wired sensor after a service.|bendix_sd134983|https://www.bendixvrc.com/itemDisplay.asp?documentID=6722||SD-13-4983 EC-80 ABS/ATC service data sheet (2014)|551|Verify matched tire sizes and pressures across the axle|5|Driver check|0.0|0.0|0.3|1. Measure rolling circumference or check size/load ratings on each tire of the axle • 2. Correct pressure to spec on all positions • 3. Note any mismatched tire for replacement
169|800|5|Bendix||ABS/ESC|Pressure modulator valve, additional axle right, hold solenoid open circuit|hdb_abs_modulator_valve|SPN 800 (ABS pressure modulator valve channel, additional axle right) with FMI 5 (Current too low; open circuit) is set by the ABS/ESC when an ABS pressure-modulator valve solenoid circuit -- the hold or release coil, or the shared common return -- reads shorted, open, or has exceeded its expected duty-cycle life. The fault points to the solenoid coil, its wiring back to the ECU, or the modulator valve body itself.|bendix_sd134869|https://www.bendixvrc.com/itemDisplay.asp?documentID=6735||SD-13-4869 EC-60 ABS/ATC/ESP service data sheet (2013)|726|Inspect and clean the modulator valve connector|1|Fleet technician|0.0|15.0|0.4|1. Key off, unplug the valve connector • 2. Check pins for corrosion and spread terminals • 3. Clean, apply dielectric grease, reconnect and clear codes
169|800|5|Bendix||ABS/ESC|Pressure modulator valve, additional axle right, hold solenoid open circuit|hdb_abs_modulator_valve|SPN 800 (ABS pressure modulator valve channel, additional axle right) with FMI 5 (Current too low; open circuit) is set by the ABS/ESC when an ABS pressure-modulator valve solenoid circuit -- the hold or release coil, or the shared common return -- reads shorted, open, or has exceeded its expected duty-cycle life. The fault points to the solenoid coil, its wiring back to the ECU, or the modulator valve body itself.|bendix_sd134869|https://www.bendixvrc.com/itemDisplay.asp?documentID=6735||SD-13-4869 EC-60 ABS/ATC/ESP service data sheet (2013)|727|Test the hold/release solenoid coil resistance and wiring|2|Fleet technician|5.0|60.0|1.0|1. Back-probe the hold and release coil pins and measure resistance against spec • 2. Check for a short to ground or to voltage on the harness • 3. Repair or replace the wiring as needed
169|800|5|Bendix||ABS/ESC|Pressure modulator valve, additional axle right, hold solenoid open circuit|hdb_abs_modulator_valve|SPN 800 (ABS pressure modulator valve channel, additional axle right) with FMI 5 (Current too low; open circuit) is set by the ABS/ESC when an ABS pressure-modulator valve solenoid circuit -- the hold or release coil, or the shared common return -- reads shorted, open, or has exceeded its expected duty-cycle life. The fault points to the solenoid coil, its wiring back to the ECU, or the modulator valve body itself.|bendix_sd134869|https://www.bendixvrc.com/itemDisplay.asp?documentID=6735||SD-13-4869 EC-60 ABS/ATC/ESP service data sheet (2013)|728|Replace the ABS pressure modulator valve|3|Fleet technician|250.0|600.0|1.8|1. Tag and disconnect the air lines and electrical connector • 2. Remove and replace the modulator valve, torquing fittings per spec • 3. Leak-check, clear codes and road-test
169|800|5|Bendix||ABS/ESC|Pressure modulator valve, additional axle right, hold solenoid open circuit|hdb_abs_modulator_valve|SPN 800 (ABS pressure modulator valve channel, additional axle right) with FMI 5 (Current too low; open circuit) is set by the ABS/ESC when an ABS pressure-modulator valve solenoid circuit -- the hold or release coil, or the shared common return -- reads shorted, open, or has exceeded its expected duty-cycle life. The fault points to the solenoid coil, its wiring back to the ECU, or the modulator valve body itself.|bendix_sd134869|https://www.bendixvrc.com/itemDisplay.asp?documentID=6735||SD-13-4869 EC-60 ABS/ATC/ESP service data sheet (2013)|729|Check the modulator for a sticking spool or internal air leak|4|Fleet technician|0.0|350.0|1.2|1. Listen and feel for continuous air flow or chatter at the valve • 2. Cycle the valve with a diagnostic tool and observe exhaust/response • 3. Replace the valve if it sticks or leaks internally
211|935|5|Bendix|10-6|ABS/ESC|Pressure modulator valve, drive axle right, hold solenoid open circuit|hdb_abs_modulator_valve|SPN 935 (ABS modulator valve, drive axle right hold solenoid) with FMI 5 (Current too low; open circuit) is set by the ABS/ESC when an ABS pressure-modulator valve solenoid circuit -- the hold or release coil, or the shared common return -- reads shorted, open, or has exceeded its expected duty-cycle life. The fault points to the solenoid coil, its wiring back to the ECU, or the modulator valve body itself.|bendix_sd134983|https://www.bendixvrc.com/itemDisplay.asp?documentID=6722||SD-13-4983 EC-80 ABS/ATC service data sheet (2014)|880|Inspect and clean the modulator valve connector|1|Fleet technician|0.0|15.0|0.4|1. Key off, unplug the valve connector • 2. Check pins for corrosion and spread terminals • 3. Clean, apply dielectric grease, reconnect and clear codes
211|935|5|Bendix|10-6|ABS/ESC|Pressure modulator valve, drive axle right, hold solenoid open circuit|hdb_abs_modulator_valve|SPN 935 (ABS modulator valve, drive axle right hold solenoid) with FMI 5 (Current too low; open circuit) is set by the ABS/ESC when an ABS pressure-modulator valve solenoid circuit -- the hold or release coil, or the shared common return -- reads shorted, open, or has exceeded its expected duty-cycle life. The fault points to the solenoid coil, its wiring back to the ECU, or the modulator valve body itself.|bendix_sd134983|https://www.bendixvrc.com/itemDisplay.asp?documentID=6722||SD-13-4983 EC-80 ABS/ATC service data sheet (2014)|881|Test the hold/release solenoid coil resistance and wiring|2|Fleet technician|5.0|60.0|1.0|1. Back-probe the hold and release coil pins and measure resistance against spec • 2. Check for a short to ground or to voltage on the harness • 3. Repair or replace the wiring as needed
211|935|5|Bendix|10-6|ABS/ESC|Pressure modulator valve, drive axle right, hold solenoid open circuit|hdb_abs_modulator_valve|SPN 935 (ABS modulator valve, drive axle right hold solenoid) with FMI 5 (Current too low; open circuit) is set by the ABS/ESC when an ABS pressure-modulator valve solenoid circuit -- the hold or release coil, or the shared common return -- reads shorted, open, or has exceeded its expected duty-cycle life. The fault points to the solenoid coil, its wiring back to the ECU, or the modulator valve body itself.|bendix_sd134983|https://www.bendixvrc.com/itemDisplay.asp?documentID=6722||SD-13-4983 EC-80 ABS/ATC service data sheet (2014)|882|Replace the ABS pressure modulator valve|3|Fleet technician|250.0|600.0|1.8|1. Tag and disconnect the air lines and electrical connector • 2. Remove and replace the modulator valve, torquing fittings per spec • 3. Leak-check, clear codes and road-test
211|935|5|Bendix|10-6|ABS/ESC|Pressure modulator valve, drive axle right, hold solenoid open circuit|hdb_abs_modulator_valve|SPN 935 (ABS modulator valve, drive axle right hold solenoid) with FMI 5 (Current too low; open circuit) is set by the ABS/ESC when an ABS pressure-modulator valve solenoid circuit -- the hold or release coil, or the shared common return -- reads shorted, open, or has exceeded its expected duty-cycle life. The fault points to the solenoid coil, its wiring back to the ECU, or the modulator valve body itself.|bendix_sd134983|https://www.bendixvrc.com/itemDisplay.asp?documentID=6722||SD-13-4983 EC-80 ABS/ATC service data sheet (2014)|883|Check the modulator for a sticking spool or internal air leak|4|Fleet technician|0.0|350.0|1.2|1. Listen and feel for continuous air flow or chatter at the valve • 2. Cycle the valve with a diagnostic tool and observe exhaust/response • 3. Replace the valve if it sticks or leaks internally
253|1807|13|Bendix||ABS/ESC|Steering angle sensor calibration in progress|hdb_steering_angle_sensor|SPN 1807 (Steering angle sensor (SAS) circuit) with FMI 13 (Calibration data outside limits) is set by the ABS/ESC when the steering-angle sensor (SAS) that feeds the stability control system reads out of range, times out on the data link, or has not finished its self-calibration. Causes range from a disconnected or misaligned sensor to a needed re-calibration after front-end or steering work.|bendix_sd134869|https://www.bendixvrc.com/itemDisplay.asp?documentID=6735||SD-13-4869 EC-60 ABS/ATC/ESP service data sheet (2013)|1046|Run the steering angle sensor calibration procedure with a diagnostic tool|1|Dealer / specialist|0.0|120.0|0.5|1. Center the steering wheel, wheels straight, vehicle on level ground • 2. Run the SAS calibration in the diagnostic tool • 3. Verify the learned zero point and clear codes
253|1807|13|Bendix||ABS/ESC|Steering angle sensor calibration in progress|hdb_steering_angle_sensor|SPN 1807 (Steering angle sensor (SAS) circuit) with FMI 13 (Calibration data outside limits) is set by the ABS/ESC when the steering-angle sensor (SAS) that feeds the stability control system reads out of range, times out on the data link, or has not finished its self-calibration. Causes range from a disconnected or misaligned sensor to a needed re-calibration after front-end or steering work.|bendix_sd134869|https://www.bendixvrc.com/itemDisplay.asp?documentID=6735||SD-13-4869 EC-60 ABS/ATC/ESP service data sheet (2013)|1047|Replace the steering angle sensor|2|Fleet technician|100.0|350.0|1.0|1. Remove the steering column trim and disconnect the sensor • 2. Install the replacement sensor • 3. Reassemble and run the calibration procedure
253|1807|13|Bendix||ABS/ESC|Steering angle sensor calibration in progress|hdb_steering_angle_sensor|SPN 1807 (Steering angle sensor (SAS) circuit) with FMI 13 (Calibration data outside limits) is set by the ABS/ESC when the steering-angle sensor (SAS) that feeds the stability control system reads out of range, times out on the data link, or has not finished its self-calibration. Causes range from a disconnected or misaligned sensor to a needed re-calibration after front-end or steering work.|bendix_sd134869|https://www.bendixvrc.com/itemDisplay.asp?documentID=6735||SD-13-4869 EC-60 ABS/ATC/ESP service data sheet (2013)|1048|Inspect and reseat the steering angle sensor connector|3|Fleet technician|0.0|15.0|0.4|1. Key off, unplug the SAS connector under the steering column • 2. Check pins for corrosion and spread terminals • 3. Clean, reconnect and clear codes
253|1807|13|Bendix||ABS/ESC|Steering angle sensor calibration in progress|hdb_steering_angle_sensor|SPN 1807 (Steering angle sensor (SAS) circuit) with FMI 13 (Calibration data outside limits) is set by the ABS/ESC when the steering-angle sensor (SAS) that feeds the stability control system reads out of range, times out on the data link, or has not finished its self-calibration. Causes range from a disconnected or misaligned sensor to a needed re-calibration after front-end or steering work.|bendix_sd134869|https://www.bendixvrc.com/itemDisplay.asp?documentID=6735||SD-13-4869 EC-60 ABS/ATC/ESP service data sheet (2013)|1049|Verify the SAS is correctly centered and securely mounted on the column|4|Fleet technician|0.0|60.0|0.8|1. Check the sensor housing for secure mounting and correct orientation • 2. Confirm the steering wheel is centered with the wheels straight ahead • 3. Re-seat or re-align as needed
295|174|16|Caterpillar|174-16|Engine ECU|Fuel temperature reading moderately above normal range|hde_fuel_temp_sensor|SPN 174 (Fuel temperature sensor) with FMI 16 (Moderately above normal range) is set by the Engine ECU when the fuel temperature sensor signal leaves its plausible window or the sensor circuit reads open, shorted or erratic. Typical causes are a failed sensor, corroded connector pins, chafed harness wiring, or a genuine underlying system condition the sensor is correctly reporting.|cat_c10882888|https://s7d2.scene7.com/is/content/Caterpillar/C10882888|57|1200 Series marine auxiliary engines troubleshooting guide|1206|Verify the underlying system condition the sensor is reporting|1|Fleet technician|0.0|400.0|1.0|1. Confirm whether the out-of-range reading reflects a real system fault or a bad sensor • 2. Inspect the related system for the root physical cause • 3. Repair as needed, then clear codes and re-verify
295|174|16|Caterpillar|174-16|Engine ECU|Fuel temperature reading moderately above normal range|hde_fuel_temp_sensor|SPN 174 (Fuel temperature sensor) with FMI 16 (Moderately above normal range) is set by the Engine ECU when the fuel temperature sensor signal leaves its plausible window or the sensor circuit reads open, shorted or erratic. Typical causes are a failed sensor, corroded connector pins, chafed harness wiring, or a genuine underlying system condition the sensor is correctly reporting.|cat_c10882888|https://s7d2.scene7.com/is/content/Caterpillar/C10882888|57|1200 Series marine auxiliary engines troubleshooting guide|1207|Replace the fuel temperature sensor|2|Fleet technician|25.0|150.0|0.7|1. Confirm the sensor's live reading against a known-good reference (scan tool or hand-held meter) • 2. Remove and replace the sensor, torque per OEM spec • 3. Clear codes and verify the new reading tracks correctly
295|174|16|Caterpillar|174-16|Engine ECU|Fuel temperature reading moderately above normal range|hde_fuel_temp_sensor|SPN 174 (Fuel temperature sensor) with FMI 16 (Moderately above normal range) is set by the Engine ECU when the fuel temperature sensor signal leaves its plausible window or the sensor circuit reads open, shorted or erratic. Typical causes are a failed sensor, corroded connector pins, chafed harness wiring, or a genuine underlying system condition the sensor is correctly reporting.|cat_c10882888|https://s7d2.scene7.com/is/content/Caterpillar/C10882888|57|1200 Series marine auxiliary engines troubleshooting guide|1208|Inspect and clean the fuel temperature sensor connector|3|Fleet technician|0.0|15.0|0.5|1. Key off, unplug the sensor connector • 2. Check pins for corrosion, bent terminals or moisture intrusion • 3. Apply dielectric grease, reseat the connector, clear codes and recheck live data
295|174|16|Caterpillar|174-16|Engine ECU|Fuel temperature reading moderately above normal range|hde_fuel_temp_sensor|SPN 174 (Fuel temperature sensor) with FMI 16 (Moderately above normal range) is set by the Engine ECU when the fuel temperature sensor signal leaves its plausible window or the sensor circuit reads open, shorted or erratic. Typical causes are a failed sensor, corroded connector pins, chafed harness wiring, or a genuine underlying system condition the sensor is correctly reporting.|cat_c10882888|https://s7d2.scene7.com/is/content/Caterpillar/C10882888|57|1200 Series marine auxiliary engines troubleshooting guide|1209|Test the fuel temperature sensor signal, ground and reference circuits|4|Fleet technician|5.0|60.0|1.2|1. Back-probe the signal, ground and 5V/8V reference pins at the ECU connector • 2. Check for opens, shorts to ground/battery and resistance in range • 3. Repair chafed or corroded wiring, reseal splices, clear codes
337|91|4|Cummins|551|Engine ECU|Accelerator pedal idle validation circuit reads low (shorted to ground)|hde_throttle_pedal|SPN 91 (Accelerator pedal position sensor) with FMI 4 (Circuit voltage low / short to ground) is set by the Engine ECU when the accelerator pedal position sensor signal is missing, out of range or implausible relative to the engine's other timing references. Typical causes are a failed sensor, an incorrect air gap, connector corrosion, chafed wiring, or damage to the toothed wheel the sensor reads.|cummins_a042j565|https://mart.cummins.com/imagelibrary/data/assetfiles/0056191.pdf|101|A042J565 fire pump drive engine IOM, fault code charts|1369|Inspect and clean the accelerator pedal position sensor connector|1|Fleet technician|0.0|15.0|0.5|1. Key off, unplug the sensor connector • 2. Check pins for corrosion, bent terminals or oil/coolant intrusion • 3. Apply dielectric grease, reseat, clear codes
337|91|4|Cummins|551|Engine ECU|Accelerator pedal idle validation circuit reads low (shorted to ground)|hde_throttle_pedal|SPN 91 (Accelerator pedal position sensor) with FMI 4 (Circuit voltage low / short to ground) is set by the Engine ECU when the accelerator pedal position sensor signal is missing, out of range or implausible relative to the engine's other timing references. Typical causes are a failed sensor, an incorrect air gap, connector corrosion, chafed wiring, or damage to the toothed wheel the sensor reads.|cummins_a042j565|https://mart.cummins.com/imagelibrary/data/assetfiles/0056191.pdf|101|A042J565 fire pump drive engine IOM, fault code charts|1370|Test the accelerator pedal position sensor signal and supply circuits|2|Fleet technician|5.0|60.0|1.3|1. Back-probe signal, ground and supply-voltage pins at the ECU connector • 2. Check for opens, shorts and correct reference voltage • 3. Repair chafed wiring or corroded splices, clear codes
337|91|4|Cummins|551|Engine ECU|Accelerator pedal idle validation circuit reads low (shorted to ground)|hde_throttle_pedal|SPN 91 (Accelerator pedal position sensor) with FMI 4 (Circuit voltage low / short to ground) is set by the Engine ECU when the accelerator pedal position sensor signal is missing, out of range or implausible relative to the engine's other timing references. Typical causes are a failed sensor, an incorrect air gap, connector corrosion, chafed wiring, or damage to the toothed wheel the sensor reads.|cummins_a042j565|https://mart.cummins.com/imagelibrary/data/assetfiles/0056191.pdf|101|A042J565 fire pump drive engine IOM, fault code charts|1371|Replace the accelerator pedal position sensor|3|Fleet technician|30.0|220.0|0.9|1. Verify sensor air-gap or mounting per OEM spec • 2. Remove and replace the sensor and O-ring/seal • 3. Set the correct gap or torque, clear codes and verify signal quality on a scan tool
337|91|4|Cummins|551|Engine ECU|Accelerator pedal idle validation circuit reads low (shorted to ground)|hde_throttle_pedal|SPN 91 (Accelerator pedal position sensor) with FMI 4 (Circuit voltage low / short to ground) is set by the Engine ECU when the accelerator pedal position sensor signal is missing, out of range or implausible relative to the engine's other timing references. Typical causes are a failed sensor, an incorrect air gap, connector corrosion, chafed wiring, or damage to the toothed wheel the sensor reads.|cummins_a042j565|https://mart.cummins.com/imagelibrary/data/assetfiles/0056191.pdf|101|A042J565 fire pump drive engine IOM, fault code charts|1372|Check the sensed target (gear teeth, reluctor ring, linkage) for damage|4|Dealer / specialist|0.0|600.0|1.5|1. Inspect the reluctor wheel, gear teeth or mechanical linkage the sensor reads for damage, debris or wear • 2. Repair or replace the damaged component • 3. Reinstall the sensor, clear codes and verify
379|110|3|Cummins||Engine ECU|Engine coolant temperature sensor circuit reads high (shorted to supply)|hde_coolant_temp_sensor|SPN 110 (Engine coolant temperature) with FMI 3 (Circuit voltage high / short to supply) is set by the Engine ECU when the engine coolant temperature sensor signal leaves its plausible window or the sensor circuit reads open, shorted or erratic. Typical causes are a failed sensor, corroded connector pins, chafed harness wiring, or a genuine underlying system condition the sensor is correctly reporting.|cummins_mddca|https://www.cummins.com/sites/default/files/2024-07/cummins-onan-manual-marlin.pdf|84|Onan marine generator MDDCA operator manual|1536|Inspect and clean the engine coolant temperature sensor connector|1|Fleet technician|0.0|15.0|0.5|1. Key off, unplug the sensor connector • 2. Check pins for corrosion, bent terminals or moisture intrusion • 3. Apply dielectric grease, reseat the connector, clear codes and recheck live data
379|110|3|Cummins||Engine ECU|Engine coolant temperature sensor circuit reads high (shorted to supply)|hde_coolant_temp_sensor|SPN 110 (Engine coolant temperature) with FMI 3 (Circuit voltage high / short to supply) is set by the Engine ECU when the engine coolant temperature sensor signal leaves its plausible window or the sensor circuit reads open, shorted or erratic. Typical causes are a failed sensor, corroded connector pins, chafed harness wiring, or a genuine underlying system condition the sensor is correctly reporting.|cummins_mddca|https://www.cummins.com/sites/default/files/2024-07/cummins-onan-manual-marlin.pdf|84|Onan marine generator MDDCA operator manual|1537|Test the engine coolant temperature sensor signal, ground and reference circuits|2|Fleet technician|5.0|60.0|1.2|1. Back-probe the signal, ground and 5V/8V reference pins at the ECU connector • 2. Check for opens, shorts to ground/battery and resistance in range • 3. Repair chafed or corroded wiring, reseal splices, clear codes
379|110|3|Cummins||Engine ECU|Engine coolant temperature sensor circuit reads high (shorted to supply)|hde_coolant_temp_sensor|SPN 110 (Engine coolant temperature) with FMI 3 (Circuit voltage high / short to supply) is set by the Engine ECU when the engine coolant temperature sensor signal leaves its plausible window or the sensor circuit reads open, shorted or erratic. Typical causes are a failed sensor, corroded connector pins, chafed harness wiring, or a genuine underlying system condition the sensor is correctly reporting.|cummins_mddca|https://www.cummins.com/sites/default/files/2024-07/cummins-onan-manual-marlin.pdf|84|Onan marine generator MDDCA operator manual|1538|Replace the engine coolant temperature sensor|3|Fleet technician|25.0|150.0|0.7|1. Confirm the sensor's live reading against a known-good reference (scan tool or hand-held meter) • 2. Remove and replace the sensor, torque per OEM spec • 3. Clear codes and verify the new reading tracks correctly
379|110|3|Cummins||Engine ECU|Engine coolant temperature sensor circuit reads high (shorted to supply)|hde_coolant_temp_sensor|SPN 110 (Engine coolant temperature) with FMI 3 (Circuit voltage high / short to supply) is set by the Engine ECU when the engine coolant temperature sensor signal leaves its plausible window or the sensor circuit reads open, shorted or erratic. Typical causes are a failed sensor, corroded connector pins, chafed harness wiring, or a genuine underlying system condition the sensor is correctly reporting.|cummins_mddca|https://www.cummins.com/sites/default/files/2024-07/cummins-onan-manual-marlin.pdf|84|Onan marine generator MDDCA operator manual|1539|Verify the underlying system condition the sensor is reporting|4|Fleet technician|0.0|400.0|1.0|1. Confirm whether the out-of-range reading reflects a real system fault or a bad sensor • 2. Inspect the related system for the root physical cause • 3. Repair as needed, then clear codes and re-verify
421|609|2|Cummins|184|Engine ECU|Transmission control module reports an implausible internal operation state|hde_ecu_internal|SPN 609 (Transmission control module internal operation fault) with FMI 2 (Signal unstable, intermittent or implausible) is set by the Engine ECU when it detects an internal fault in its own memory, software or supply. Typical causes are a corrupted calibration, a power/ground fault at the ECU connector, or, rarely, a failed ECU that needs dealer replacement and reprogramming.|cummins_a042j565|https://mart.cummins.com/imagelibrary/data/assetfiles/0056191.pdf||A042J565 fire pump drive engine IOM, fault code charts|1702|Check ECU power, ground and case-connector integrity|1|Fleet technician|0.0|40.0|0.8|1. Key off, inspect the main ECU harness connectors for corrosion, bent pins or moisture intrusion • 2. Check the ECU's power and ground straps for a clean, tight connection • 3. Reseat, clear codes
421|609|2|Cummins|184|Engine ECU|Transmission control module reports an implausible internal operation state|hde_ecu_internal|SPN 609 (Transmission control module internal operation fault) with FMI 2 (Signal unstable, intermittent or implausible) is set by the Engine ECU when it detects an internal fault in its own memory, software or supply. Typical causes are a corrupted calibration, a power/ground fault at the ECU connector, or, rarely, a failed ECU that needs dealer replacement and reprogramming.|cummins_a042j565|https://mart.cummins.com/imagelibrary/data/assetfiles/0056191.pdf||A042J565 fire pump drive engine IOM, fault code charts|1703|Test ECU supply and ground circuit wiring for the affected channel|2|Fleet technician|5.0|80.0|1.2|1. Verify battery voltage reaches the ECU's power pins with the key on • 2. Check chassis ground points for corrosion or a poor connection • 3. Repair as needed, clear codes
421|609|2|Cummins|184|Engine ECU|Transmission control module reports an implausible internal operation state|hde_ecu_internal|SPN 609 (Transmission control module internal operation fault) with FMI 2 (Signal unstable, intermittent or implausible) is set by the Engine ECU when it detects an internal fault in its own memory, software or supply. Typical causes are a corrupted calibration, a power/ground fault at the ECU connector, or, rarely, a failed ECU that needs dealer replacement and reprogramming.|cummins_a042j565|https://mart.cummins.com/imagelibrary/data/assetfiles/0056191.pdf||A042J565 fire pump drive engine IOM, fault code charts|1704|Replace the engine control unit (ECU) (or the affected internal module)|3|Dealer / specialist|400.0|3500.0|3.0|1. Confirm the fault persists after a reflash and clean power/ground • 2. Replace the ECU/module and transfer or re-program its configuration data • 3. Clear codes and verify with a full system scan
421|609|2|Cummins|184|Engine ECU|Transmission control module reports an implausible internal operation state|hde_ecu_internal|SPN 609 (Transmission control module internal operation fault) with FMI 2 (Signal unstable, intermittent or implausible) is set by the Engine ECU when it detects an internal fault in its own memory, software or supply. Typical causes are a corrupted calibration, a power/ground fault at the ECU connector, or, rarely, a failed ECU that needs dealer replacement and reprogramming.|cummins_a042j565|https://mart.cummins.com/imagelibrary/data/assetfiles/0056191.pdf||A042J565 fire pump drive engine IOM, fault code charts|1705|Reflash/reprogram the engine control unit (ECU) with the latest calibration|4|Dealer / specialist|0.0|300.0|1.5|1. Connect the OEM diagnostic tool and check for a newer software/calibration release • 2. Reflash the ECU per the OEM procedure • 3. Clear codes, run a full DTC scan and road-test
463|654|6|Cummins|321|Engine ECU|Injector solenoid, cylinder 4, circuit shorted to ground|hde_injector_cylinder_circuit|SPN 654 (Injector cylinder 4) with FMI 6 (Current too high; short to ground) is set by the Engine ECU when the fuel injector driver circuit reads an abnormal current, resistance or calibration value. Typical causes are a failed injector coil/solenoid, a chafed or corroded driver circuit, or an injector trim code that was not carried over after replacement.|cummins_a042j565|https://mart.cummins.com/imagelibrary/data/assetfiles/0056191.pdf|98|A042J565 fire pump drive engine IOM, fault code charts|1866|Test the fuel injector driver circuit resistance and wiring|1|Fleet technician|5.0|70.0|1.3|1. Measure coil/solenoid resistance at the connector against OEM spec • 2. Check the harness back to the ECU/injector driver for opens or shorts • 3. Repair or replace the harness section as needed, clear codes
463|654|6|Cummins|321|Engine ECU|Injector solenoid, cylinder 4, circuit shorted to ground|hde_injector_cylinder_circuit|SPN 654 (Injector cylinder 4) with FMI 6 (Current too high; short to ground) is set by the Engine ECU when the fuel injector driver circuit reads an abnormal current, resistance or calibration value. Typical causes are a failed injector coil/solenoid, a chafed or corroded driver circuit, or an injector trim code that was not carried over after replacement.|cummins_a042j565|https://mart.cummins.com/imagelibrary/data/assetfiles/0056191.pdf|98|A042J565 fire pump drive engine IOM, fault code charts|1867|Inspect and clean the fuel injector connector|2|Fleet technician|0.0|20.0|0.5|1. Key off, unplug the injector connector • 2. Check pins for corrosion, heat damage or a loose crimp • 3. Apply dielectric grease, reseat, clear codes
463|654|6|Cummins|321|Engine ECU|Injector solenoid, cylinder 4, circuit shorted to ground|hde_injector_cylinder_circuit|SPN 654 (Injector cylinder 4) with FMI 6 (Current too high; short to ground) is set by the Engine ECU when the fuel injector driver circuit reads an abnormal current, resistance or calibration value. Typical causes are a failed injector coil/solenoid, a chafed or corroded driver circuit, or an injector trim code that was not carried over after replacement.|cummins_a042j565|https://mart.cummins.com/imagelibrary/data/assetfiles/0056191.pdf|98|A042J565 fire pump drive engine IOM, fault code charts|1868|Replace the fuel injector|3|Dealer / specialist|120.0|650.0|1.8|1. Confirm which cylinder/position is faulted from live data or cylinder cutout test • 2. Remove and replace the injector, use new seals/washers per OEM spec • 3. Torque to spec, prime the fuel system, clear codes and road-test
463|654|6|Cummins|321|Engine ECU|Injector solenoid, cylinder 4, circuit shorted to ground|hde_injector_cylinder_circuit|SPN 654 (Injector cylinder 4) with FMI 6 (Current too high; short to ground) is set by the Engine ECU when the fuel injector driver circuit reads an abnormal current, resistance or calibration value. Typical causes are a failed injector coil/solenoid, a chafed or corroded driver circuit, or an injector trim code that was not carried over after replacement.|cummins_a042j565|https://mart.cummins.com/imagelibrary/data/assetfiles/0056191.pdf|98|A042J565 fire pump drive engine IOM, fault code charts|1869|Perform injector trim/coding reset after service|4|Dealer / specialist|0.0|150.0|0.8|1. Enter the injector serial/trim code from the new injector into the ECU (or reset adaptive trims) using the OEM diagnostic tool • 2. Clear codes • 3. Verify smooth idle and no misfire/imbalance codes return
505|1139|0|Cummins|643|Engine ECU|Cylinder 3 exhaust temperature, left bank, far above normal|hde_cylinder_misfire|SPN 1139 (Cylinder 3 exhaust temperature, left bank) with FMI 0 (Reading in-range but far too high) is set by the Engine ECU when the cylinder misfire/power-balance monitor fails to reach or hold the commanded position/pressure. Typical causes are a sticking or contaminated valve, a failed valve body, or an upstream system-pressure problem.|cummins_a042j565|https://mart.cummins.com/imagelibrary/data/assetfiles/0056191.pdf|101|A042J565 fire pump drive engine IOM, fault code charts|2014|Free and clean the cylinder misfire/power-balance monitor|1|Fleet technician|10.0|80.0|0.9|1. Remove the valve and inspect for sticking, varnish or debris • 2. Clean and free the moving element, or replace if seized • 3. Reinstall, clear codes and verify
505|1139|0|Cummins|643|Engine ECU|Cylinder 3 exhaust temperature, left bank, far above normal|hde_cylinder_misfire|SPN 1139 (Cylinder 3 exhaust temperature, left bank) with FMI 0 (Reading in-range but far too high) is set by the Engine ECU when the cylinder misfire/power-balance monitor fails to reach or hold the commanded position/pressure. Typical causes are a sticking or contaminated valve, a failed valve body, or an upstream system-pressure problem.|cummins_a042j565|https://mart.cummins.com/imagelibrary/data/assetfiles/0056191.pdf|101|A042J565 fire pump drive engine IOM, fault code charts|2015|Check the related system pressure and condition|2|Fleet technician|0.0|300.0|1.0|1. Verify the system pressure the valve regulates is within spec with a gauge • 2. Address any upstream cause (restriction, pump wear, contamination) • 3. Clear codes and re-verify
505|1139|0|Cummins|643|Engine ECU|Cylinder 3 exhaust temperature, left bank, far above normal|hde_cylinder_misfire|SPN 1139 (Cylinder 3 exhaust temperature, left bank) with FMI 0 (Reading in-range but far too high) is set by the Engine ECU when the cylinder misfire/power-balance monitor fails to reach or hold the commanded position/pressure. Typical causes are a sticking or contaminated valve, a failed valve body, or an upstream system-pressure problem.|cummins_a042j565|https://mart.cummins.com/imagelibrary/data/assetfiles/0056191.pdf|101|A042J565 fire pump drive engine IOM, fault code charts|2016|Replace the cylinder misfire/power-balance monitor|3|Fleet technician|40.0|300.0|1.0|1. Remove the valve/assembly • 2. Fit the replacement with new seals per OEM spec • 3. Clear codes and verify correct operation
547|1325|0|Cummins|663|Engine ECU|Cylinder 3 power, left bank, far above normal|hde_cylinder_misfire|SPN 1325 (Misfire condition, cylinder 3) with FMI 0 (Reading in-range but far too high) is set by the Engine ECU when the cylinder misfire/power-balance monitor fails to reach or hold the commanded position/pressure. Typical causes are a sticking or contaminated valve, a failed valve body, or an upstream system-pressure problem.|cummins_a042j565|https://mart.cummins.com/imagelibrary/data/assetfiles/0056191.pdf|102|A042J565 fire pump drive engine IOM, fault code charts|2153|Free and clean the cylinder misfire/power-balance monitor|1|Fleet technician|10.0|80.0|0.9|1. Remove the valve and inspect for sticking, varnish or debris • 2. Clean and free the moving element, or replace if seized • 3. Reinstall, clear codes and verify
547|1325|0|Cummins|663|Engine ECU|Cylinder 3 power, left bank, far above normal|hde_cylinder_misfire|SPN 1325 (Misfire condition, cylinder 3) with FMI 0 (Reading in-range but far too high) is set by the Engine ECU when the cylinder misfire/power-balance monitor fails to reach or hold the commanded position/pressure. Typical causes are a sticking or contaminated valve, a failed valve body, or an upstream system-pressure problem.|cummins_a042j565|https://mart.cummins.com/imagelibrary/data/assetfiles/0056191.pdf|102|A042J565 fire pump drive engine IOM, fault code charts|2154|Check the related system pressure and condition|2|Fleet technician|0.0|300.0|1.0|1. Verify the system pressure the valve regulates is within spec with a gauge • 2. Address any upstream cause (restriction, pump wear, contamination) • 3. Clear codes and re-verify
547|1325|0|Cummins|663|Engine ECU|Cylinder 3 power, left bank, far above normal|hde_cylinder_misfire|SPN 1325 (Misfire condition, cylinder 3) with FMI 0 (Reading in-range but far too high) is set by the Engine ECU when the cylinder misfire/power-balance monitor fails to reach or hold the commanded position/pressure. Typical causes are a sticking or contaminated valve, a failed valve body, or an upstream system-pressure problem.|cummins_a042j565|https://mart.cummins.com/imagelibrary/data/assetfiles/0056191.pdf|102|A042J565 fire pump drive engine IOM, fault code charts|2155|Replace the cylinder misfire/power-balance monitor|3|Fleet technician|40.0|300.0|1.0|1. Remove the valve/assembly • 2. Fit the replacement with new seals per OEM spec • 3. Clear codes and verify correct operation
589|33|6|Eaton|250|Transmission|Clutch actuator position sensor circuit shorted to ground, current too high|hdt_clutch_actuator|SPN 33 (Clutch actuator position sensor) with FMI 6 (Current too high; short to ground) is set by the Transmission when the Linear Clutch Actuator's position feedback or drive circuit reports an out-of-range, erratic, shorted or open condition, or the TECU cannot verify the clutch reached its commanded position. Typical causes are a worn or contaminated LCA position sensor, a failed actuator motor or drive circuit, a sticking clutch linkage, or a clutch touch-point calibration that has drifted out of limits.|eaton_trts0950|https://productinfo.serviceranger4.com/books/TRTS0950/lang/en-us/section/TS0950FCIndex|Fault Code 250: Linear Clutch Actuator (LCA) Position Sensor|TRTS0950 Endurant HD fault code index|2320|Test the LCA position sensor and drive circuits|1|Fleet technician|5.0|60.0|1.0|1. Back-probe the LCA signal, return and drive circuits at the TECU connector • 2. Check for the reference voltage and continuity to the actuator • 3. Repair chafed or open conductors and reseal any splices
589|33|6|Eaton|250|Transmission|Clutch actuator position sensor circuit shorted to ground, current too high|hdt_clutch_actuator|SPN 33 (Clutch actuator position sensor) with FMI 6 (Current too high; short to ground) is set by the Transmission when the Linear Clutch Actuator's position feedback or drive circuit reports an out-of-range, erratic, shorted or open condition, or the TECU cannot verify the clutch reached its commanded position. Typical causes are a worn or contaminated LCA position sensor, a failed actuator motor or drive circuit, a sticking clutch linkage, or a clutch touch-point calibration that has drifted out of limits.|eaton_trts0950|https://productinfo.serviceranger4.com/books/TRTS0950/lang/en-us/section/TS0950FCIndex|Fault Code 250: Linear Clutch Actuator (LCA) Position Sensor|TRTS0950 Endurant HD fault code index|2321|Inspect and clean the LCA wiring connector|2|Fleet technician|0.0|20.0|0.5|1. Key off, disconnect the LCA connector • 2. Check pins for corrosion, spread terminals and moisture intrusion • 3. Apply dielectric grease, reconnect, clear codes and cycle the clutch
589|33|6|Eaton|250|Transmission|Clutch actuator position sensor circuit shorted to ground, current too high|hdt_clutch_actuator|SPN 33 (Clutch actuator position sensor) with FMI 6 (Current too high; short to ground) is set by the Transmission when the Linear Clutch Actuator's position feedback or drive circuit reports an out-of-range, erratic, shorted or open condition, or the TECU cannot verify the clutch reached its commanded position. Typical causes are a worn or contaminated LCA position sensor, a failed actuator motor or drive circuit, a sticking clutch linkage, or a clutch touch-point calibration that has drifted out of limits.|eaton_trts0950|https://productinfo.serviceranger4.com/books/TRTS0950/lang/en-us/section/TS0950FCIndex|Fault Code 250: Linear Clutch Actuator (LCA) Position Sensor|TRTS0950 Endurant HD fault code index|2322|Replace the Linear Clutch Actuator (LCA) assembly|3|Dealer / specialist|1500.0|3500.0|3.0|1. Support the transmission and disconnect the air supply to the actuator • 2. Remove the LCA assembly and transfer or replace the mounting hardware • 3. Fit the new LCA, reconnect wiring and air lines, then run the clutch touch-point learn
589|33|6|Eaton|250|Transmission|Clutch actuator position sensor circuit shorted to ground, current too high|hdt_clutch_actuator|SPN 33 (Clutch actuator position sensor) with FMI 6 (Current too high; short to ground) is set by the Transmission when the Linear Clutch Actuator's position feedback or drive circuit reports an out-of-range, erratic, shorted or open condition, or the TECU cannot verify the clutch reached its commanded position. Typical causes are a worn or contaminated LCA position sensor, a failed actuator motor or drive circuit, a sticking clutch linkage, or a clutch touch-point calibration that has drifted out of limits.|eaton_trts0950|https://productinfo.serviceranger4.com/books/TRTS0950/lang/en-us/section/TS0950FCIndex|Fault Code 250: Linear Clutch Actuator (LCA) Position Sensor|TRTS0950 Endurant HD fault code index|2323|Relearn the clutch touch-point with ServiceRanger|4|Dealer / specialist|0.0|0.0|0.8|1. Connect ServiceRanger and select the clutch calibration routine • 2. Follow the guided touch-point learn sequence with the engine at operating temperature • 3. Verify the learned values fall within Eaton's expected range and clear codes
589|33|6|Eaton|250|Transmission|Clutch actuator position sensor circuit shorted to ground, current too high|hdt_clutch_actuator|SPN 33 (Clutch actuator position sensor) with FMI 6 (Current too high; short to ground) is set by the Transmission when the Linear Clutch Actuator's position feedback or drive circuit reports an out-of-range, erratic, shorted or open condition, or the TECU cannot verify the clutch reached its commanded position. Typical causes are a worn or contaminated LCA position sensor, a failed actuator motor or drive circuit, a sticking clutch linkage, or a clutch touch-point calibration that has drifted out of limits.|eaton_trts0950|https://productinfo.serviceranger4.com/books/TRTS0950/lang/en-us/section/TS0950FCIndex|Fault Code 250: Linear Clutch Actuator (LCA) Position Sensor|TRTS0950 Endurant HD fault code index|2324|Inspect the clutch linkage, release bearing and pressure plate|5|Fleet technician|40.0|600.0|2.0|1. Remove the inspection cover and check linkage travel and free play • 2. Inspect the release bearing and pressure plate fingers for wear or damage • 3. Adjust or repair as needed and re-verify LCA travel
631|37|18|Eaton|215|Transmission|Transmission air supply pressure reading moderately below the normal range|hdt_air_supply_pressure_sensor|SPN 37 (Transmission air supply pressure) with FMI 18 (Moderately below normal range) is set by the Transmission when the shop-air supply pressure signal feeding the transmission's shift actuators leaves its plausible range, changes implausibly fast, or the sensor circuit reads open, shorted or erratic. The Endurant's shift rails, clutch actuator and PTO solenoids all depend on this supply, so a genuine low-air condition (below roughly 100 psi at the TECU air pack) will also disrupt shifting.|eaton_trts0950|https://productinfo.serviceranger4.com/books/TRTS0950/lang/en-us/section/TS0950FCIndex|Fault Code 215: Transmission Air Supply Pressure Sensor|TRTS0950 Endurant HD fault code index|2512|Verify supply air is at or above 100 psi and check the air dryer/regulator/lines|1|Fleet technician|30.0|400.0|1.5|1. Check gauge pressure at the TECU air pack with the engine running and air system charged • 2. Inspect the air dryer, governor and supply lines for restriction, leaks or moisture • 3. Repair the air system and re-verify pressure at the pack
631|37|18|Eaton|215|Transmission|Transmission air supply pressure reading moderately below the normal range|hdt_air_supply_pressure_sensor|SPN 37 (Transmission air supply pressure) with FMI 18 (Moderately below normal range) is set by the Transmission when the shop-air supply pressure signal feeding the transmission's shift actuators leaves its plausible range, changes implausibly fast, or the sensor circuit reads open, shorted or erratic. The Endurant's shift rails, clutch actuator and PTO solenoids all depend on this supply, so a genuine low-air condition (below roughly 100 psi at the TECU air pack) will also disrupt shifting.|eaton_trts0950|https://productinfo.serviceranger4.com/books/TRTS0950/lang/en-us/section/TS0950FCIndex|Fault Code 215: Transmission Air Supply Pressure Sensor|TRTS0950 Endurant HD fault code index|2513|Replace the air supply pressure sensor|2|Fleet technician|50.0|150.0|0.8|1. Isolate and bleed the air supply line to the sensor • 2. Remove and replace the sensor • 3. Restore air supply, leak-check the fitting, clear codes and verify live pressure data
631|37|18|Eaton|215|Transmission|Transmission air supply pressure reading moderately below the normal range|hdt_air_supply_pressure_sensor|SPN 37 (Transmission air supply pressure) with FMI 18 (Moderately below normal range) is set by the Transmission when the shop-air supply pressure signal feeding the transmission's shift actuators leaves its plausible range, changes implausibly fast, or the sensor circuit reads open, shorted or erratic. The Endurant's shift rails, clutch actuator and PTO solenoids all depend on this supply, so a genuine low-air condition (below roughly 100 psi at the TECU air pack) will also disrupt shifting.|eaton_trts0950|https://productinfo.serviceranger4.com/books/TRTS0950/lang/en-us/section/TS0950FCIndex|Fault Code 215: Transmission Air Supply Pressure Sensor|TRTS0950 Endurant HD fault code index|2514|Inspect and clean the air supply pressure sensor connector|3|Fleet technician|0.0|15.0|0.5|1. Key off, disconnect the sensor connector • 2. Check pins for corrosion and spread terminals • 3. Apply dielectric grease, reconnect and clear codes
631|37|18|Eaton|215|Transmission|Transmission air supply pressure reading moderately below the normal range|hdt_air_supply_pressure_sensor|SPN 37 (Transmission air supply pressure) with FMI 18 (Moderately below normal range) is set by the Transmission when the shop-air supply pressure signal feeding the transmission's shift actuators leaves its plausible range, changes implausibly fast, or the sensor circuit reads open, shorted or erratic. The Endurant's shift rails, clutch actuator and PTO solenoids all depend on this supply, so a genuine low-air condition (below roughly 100 psi at the TECU air pack) will also disrupt shifting.|eaton_trts0950|https://productinfo.serviceranger4.com/books/TRTS0950/lang/en-us/section/TS0950FCIndex|Fault Code 215: Transmission Air Supply Pressure Sensor|TRTS0950 Endurant HD fault code index|2515|Test the sensor signal circuit|4|Fleet technician|5.0|60.0|1.0|1. Back-probe the signal and return pins at the TECU connector • 2. Check for reference voltage and continuity to the sensor • 3. Repair chafed or open conductors
673|127|1|Eaton|210|Transmission|Transmission oil pressure reading below the normal range|hdt_oil_pressure_lube_pump|SPN 127 (Transmission oil pressure) with FMI 1 (Reading in-range but far too low) is set by the Transmission when the transmission oil pressure signal reads below its plausible range, drifts, or the sensor circuit is open, shorted or out of calibration. Causes range from a failed pressure sensor to a genuine low-lubrication condition (low fluid, a clogged filter or a worn lube pump), which risks bearing and gear damage if not resolved.|eaton_trts0960|https://productinfo.serviceranger4.com/books/TRTS0960/lang/en-us/section/TS0960FCIndex|Fault Code 210: Transmission Oil Pressure (Fluid Pressure Sensor)|TRTS0960 Endurant XD fault code index|2683|Check fluid level/condition, filter and lube pump for a genuine low-pressure condition|1|Dealer / specialist|100.0|900.0|2.5|1. Check fluid level and condition with the vehicle level and at operating temperature • 2. Inspect and replace the transmission filter if restricted • 3. If pressure remains low with a known-good sensor, inspect the lube pump and pickup screen
673|127|1|Eaton|210|Transmission|Transmission oil pressure reading below the normal range|hdt_oil_pressure_lube_pump|SPN 127 (Transmission oil pressure) with FMI 1 (Reading in-range but far too low) is set by the Transmission when the transmission oil pressure signal reads below its plausible range, drifts, or the sensor circuit is open, shorted or out of calibration. Causes range from a failed pressure sensor to a genuine low-lubrication condition (low fluid, a clogged filter or a worn lube pump), which risks bearing and gear damage if not resolved.|eaton_trts0960|https://productinfo.serviceranger4.com/books/TRTS0960/lang/en-us/section/TS0960FCIndex|Fault Code 210: Transmission Oil Pressure (Fluid Pressure Sensor)|TRTS0960 Endurant XD fault code index|2684|Replace the transmission oil pressure sensor|2|Fleet technician|40.0|150.0|0.8|1. Drain fluid below the sensor location if required • 2. Remove and replace the sensor with the correct thread sealant • 3. Refill, clear codes and verify live pressure data
673|127|1|Eaton|210|Transmission|Transmission oil pressure reading below the normal range|hdt_oil_pressure_lube_pump|SPN 127 (Transmission oil pressure) with FMI 1 (Reading in-range but far too low) is set by the Transmission when the transmission oil pressure signal reads below its plausible range, drifts, or the sensor circuit is open, shorted or out of calibration. Causes range from a failed pressure sensor to a genuine low-lubrication condition (low fluid, a clogged filter or a worn lube pump), which risks bearing and gear damage if not resolved.|eaton_trts0960|https://productinfo.serviceranger4.com/books/TRTS0960/lang/en-us/section/TS0960FCIndex|Fault Code 210: Transmission Oil Pressure (Fluid Pressure Sensor)|TRTS0960 Endurant XD fault code index|2685|Recalibrate the pressure sensor scaling with ServiceRanger|3|Dealer / specialist|0.0|0.0|0.5|1. Connect ServiceRanger and compare the live reading to a shop pressure gauge at the test port • 2. Run the sensor scaling/calibration routine if available • 3. Clear codes and re-verify
673|127|1|Eaton|210|Transmission|Transmission oil pressure reading below the normal range|hdt_oil_pressure_lube_pump|SPN 127 (Transmission oil pressure) with FMI 1 (Reading in-range but far too low) is set by the Transmission when the transmission oil pressure signal reads below its plausible range, drifts, or the sensor circuit is open, shorted or out of calibration. Causes range from a failed pressure sensor to a genuine low-lubrication condition (low fluid, a clogged filter or a worn lube pump), which risks bearing and gear damage if not resolved.|eaton_trts0960|https://productinfo.serviceranger4.com/books/TRTS0960/lang/en-us/section/TS0960FCIndex|Fault Code 210: Transmission Oil Pressure (Fluid Pressure Sensor)|TRTS0960 Endurant XD fault code index|2686|Inspect and clean the oil pressure sensor connector|4|Fleet technician|0.0|15.0|0.5|1. Key off, disconnect the sensor connector • 2. Check pins for corrosion and spread terminals • 3. Apply dielectric grease, reconnect and clear codes
673|127|1|Eaton|210|Transmission|Transmission oil pressure reading below the normal range|hdt_oil_pressure_lube_pump|SPN 127 (Transmission oil pressure) with FMI 1 (Reading in-range but far too low) is set by the Transmission when the transmission oil pressure signal reads below its plausible range, drifts, or the sensor circuit is open, shorted or out of calibration. Causes range from a failed pressure sensor to a genuine low-lubrication condition (low fluid, a clogged filter or a worn lube pump), which risks bearing and gear damage if not resolved.|eaton_trts0960|https://productinfo.serviceranger4.com/books/TRTS0960/lang/en-us/section/TS0960FCIndex|Fault Code 210: Transmission Oil Pressure (Fluid Pressure Sensor)|TRTS0960 Endurant XD fault code index|2687|Test the pressure sensor signal circuit|5|Fleet technician|5.0|60.0|1.0|1. Back-probe the signal and return pins at the TECU connector • 2. Check for reference voltage and continuity to the sensor • 3. Repair chafed or open conductors
715|160|21|Eaton|370|Transmission|Transmission countershaft speed value drifting downward over time|hdt_countershaft_speed_sensor|SPN 160 (Transmission countershaft speed) with FMI 21 (Value has drifted downward over time) is set by the Transmission when the countershaft speed sensor signal is erratic, out of frequency, drifting, below its plausible range, or reads an open/shorted circuit. This sensor is used for clutchless shift timing and synchronizer protection.|eaton_trts0960|https://productinfo.serviceranger4.com/books/TRTS0960/lang/en-us/section/TS0960FCIndex|Fault Code 370: Countershaft Speed|TRTS0960 Endurant XD fault code index|2867|Replace the countershaft speed sensor|1|Fleet technician|60.0|200.0|0.8|1. Remove the sensor from its bore • 2. Fit the new sensor, setting the air gap or torque per the Eaton service manual • 3. Reconnect, clear codes and verify live speed data
715|160|21|Eaton|370|Transmission|Transmission countershaft speed value drifting downward over time|hdt_countershaft_speed_sensor|SPN 160 (Transmission countershaft speed) with FMI 21 (Value has drifted downward over time) is set by the Transmission when the countershaft speed sensor signal is erratic, out of frequency, drifting, below its plausible range, or reads an open/shorted circuit. This sensor is used for clutchless shift timing and synchronizer protection.|eaton_trts0960|https://productinfo.serviceranger4.com/books/TRTS0960/lang/en-us/section/TS0960FCIndex|Fault Code 370: Countershaft Speed|TRTS0960 Endurant XD fault code index|2868|Check the sensor air gap and tone ring/gear for damage or debris|2|Fleet technician|20.0|150.0|1.0|1. Remove the sensor and inspect the tip for metal debris or damage • 2. Inspect the tone ring/gear teeth for wear or damage • 3. Clean debris, reset the air gap and reinstall
715|160|21|Eaton|370|Transmission|Transmission countershaft speed value drifting downward over time|hdt_countershaft_speed_sensor|SPN 160 (Transmission countershaft speed) with FMI 21 (Value has drifted downward over time) is set by the Transmission when the countershaft speed sensor signal is erratic, out of frequency, drifting, below its plausible range, or reads an open/shorted circuit. This sensor is used for clutchless shift timing and synchronizer protection.|eaton_trts0960|https://productinfo.serviceranger4.com/books/TRTS0960/lang/en-us/section/TS0960FCIndex|Fault Code 370: Countershaft Speed|TRTS0960 Endurant XD fault code index|2869|Inspect and clean the countershaft speed sensor connector|3|Fleet technician|0.0|15.0|0.5|1. Key off, disconnect the sensor connector • 2. Check pins for corrosion and spread terminals • 3. Apply dielectric grease, reconnect and clear codes
715|160|21|Eaton|370|Transmission|Transmission countershaft speed value drifting downward over time|hdt_countershaft_speed_sensor|SPN 160 (Transmission countershaft speed) with FMI 21 (Value has drifted downward over time) is set by the Transmission when the countershaft speed sensor signal is erratic, out of frequency, drifting, below its plausible range, or reads an open/shorted circuit. This sensor is used for clutchless shift timing and synchronizer protection.|eaton_trts0960|https://productinfo.serviceranger4.com/books/TRTS0960/lang/en-us/section/TS0960FCIndex|Fault Code 370: Countershaft Speed|TRTS0960 Endurant XD fault code index|2870|Test the countershaft speed sensor signal circuit|4|Fleet technician|5.0|60.0|1.0|1. Back-probe the signal and return pins at the TECU connector • 2. Check for chafed or open conductors between the sensor and the TECU • 3. Repair or reseal as needed
757|177|6|Eaton|212|Transmission|Transmission oil temperature circuit shorted to ground, current too high|hdt_transmission_oil_temp|SPN 177 (Transmission oil temperature) with FMI 6 (Current too high; short to ground) is set by the Transmission when the transmission fluid temperature signal leaves its plausible window, changes implausibly fast, or the sensor circuit reads open, shorted or erratic. Causes range from a failed thermistor or chafed harness to a genuine overheating condition (low fluid, a restricted cooler or heavy duty cycle).|eaton_trts0950|https://productinfo.serviceranger4.com/books/TRTS0950/lang/en-us/section/TS0950FCIndex|Fault Code 212: Transmission Oil Temperature (Fluid Temperature Sensor)|TRTS0950 Endurant HD fault code index|3035|Test the sensor signal and return circuits|1|Fleet technician|5.0|60.0|1.0|1. Back-probe the signal and return pins at the TECU connector • 2. Check for the reference voltage and resistance to ground • 3. Repair chafed or open conductors
757|177|6|Eaton|212|Transmission|Transmission oil temperature circuit shorted to ground, current too high|hdt_transmission_oil_temp|SPN 177 (Transmission oil temperature) with FMI 6 (Current too high; short to ground) is set by the Transmission when the transmission fluid temperature signal leaves its plausible window, changes implausibly fast, or the sensor circuit reads open, shorted or erratic. Causes range from a failed thermistor or chafed harness to a genuine overheating condition (low fluid, a restricted cooler or heavy duty cycle).|eaton_trts0950|https://productinfo.serviceranger4.com/books/TRTS0950/lang/en-us/section/TS0950FCIndex|Fault Code 212: Transmission Oil Temperature (Fluid Temperature Sensor)|TRTS0950 Endurant HD fault code index|3036|Inspect and clean the oil temperature sensor connector|2|Fleet technician|0.0|15.0|0.5|1. Key off, unplug the sensor • 2. Check pins for corrosion, spread terminals and fluid intrusion • 3. Apply dielectric grease, reconnect and clear codes
757|177|6|Eaton|212|Transmission|Transmission oil temperature circuit shorted to ground, current too high|hdt_transmission_oil_temp|SPN 177 (Transmission oil temperature) with FMI 6 (Current too high; short to ground) is set by the Transmission when the transmission fluid temperature signal leaves its plausible window, changes implausibly fast, or the sensor circuit reads open, shorted or erratic. Causes range from a failed thermistor or chafed harness to a genuine overheating condition (low fluid, a restricted cooler or heavy duty cycle).|eaton_trts0950|https://productinfo.serviceranger4.com/books/TRTS0950/lang/en-us/section/TS0950FCIndex|Fault Code 212: Transmission Oil Temperature (Fluid Temperature Sensor)|TRTS0950 Endurant HD fault code index|3037|Replace the transmission oil temperature sensor|3|Fleet technician|25.0|120.0|0.8|1. Drain fluid below the sensor location • 2. Remove the sensor and fit the new one with sealant per Eaton spec • 3. Refill, clear codes and verify live data against an infrared reading
757|177|6|Eaton|212|Transmission|Transmission oil temperature circuit shorted to ground, current too high|hdt_transmission_oil_temp|SPN 177 (Transmission oil temperature) with FMI 6 (Current too high; short to ground) is set by the Transmission when the transmission fluid temperature signal leaves its plausible window, changes implausibly fast, or the sensor circuit reads open, shorted or erratic. Causes range from a failed thermistor or chafed harness to a genuine overheating condition (low fluid, a restricted cooler or heavy duty cycle).|eaton_trts0950|https://productinfo.serviceranger4.com/books/TRTS0950/lang/en-us/section/TS0950FCIndex|Fault Code 212: Transmission Oil Temperature (Fluid Temperature Sensor)|TRTS0950 Endurant HD fault code index|3038|Diagnose a genuine overheating condition (fluid level, cooler, duty cycle)|4|Fleet technician|40.0|700.0|2.0|1. Confirm the reading with an infrared thermometer at the pan or housing • 2. Check fluid level/condition and cooler airflow or coolant flow • 3. Repair the cause, then clear and re-check under load
799|191|20|Eaton|375|Transmission|Transmission output shaft speed value drifting upward over time|hdt_output_shaft_speed_sensor|SPN 191 (Transmission output shaft speed) with FMI 20 (Value has drifted upward over time) is set by the Transmission when the output shaft speed sensor signal is erratic, out of frequency, drifting, reads an open/shorted circuit, or the TECU cannot determine a plausible value from it. This sensor is used for road speed and shift confirmation.|eaton_trts0950|https://productinfo.serviceranger4.com/books/TRTS0950/lang/en-us/section/TS0950FCIndex|Fault Code 375: Output Speed|TRTS0950 Endurant HD fault code index|3203|Replace the output shaft speed sensor|1|Fleet technician|60.0|200.0|0.8|1. Remove the sensor from its bore • 2. Fit the new sensor, setting the air gap or torque per the Eaton service manual • 3. Reconnect, clear codes and verify live speed data
799|191|20|Eaton|375|Transmission|Transmission output shaft speed value drifting upward over time|hdt_output_shaft_speed_sensor|SPN 191 (Transmission output shaft speed) with FMI 20 (Value has drifted upward over time) is set by the Transmission when the output shaft speed sensor signal is erratic, out of frequency, drifting, reads an open/shorted circuit, or the TECU cannot determine a plausible value from it. This sensor is used for road speed and shift confirmation.|eaton_trts0950|https://productinfo.serviceranger4.com/books/TRTS0950/lang/en-us/section/TS0950FCIndex|Fault Code 375: Output Speed|TRTS0950 Endurant HD fault code index|3204|Check the sensor air gap and tone ring/gear for damage or debris|2|Fleet technician|20.0|150.0|1.0|1. Remove the sensor and inspect the tip for metal debris or damage • 2. Inspect the tone ring/gear teeth for wear or damage • 3. Clean debris, reset the air gap and reinstall
799|191|20|Eaton|375|Transmission|Transmission output shaft speed value drifting upward over time|hdt_output_shaft_speed_sensor|SPN 191 (Transmission output shaft speed) with FMI 20 (Value has drifted upward over time) is set by the Transmission when the output shaft speed sensor signal is erratic, out of frequency, drifting, reads an open/shorted circuit, or the TECU cannot determine a plausible value from it. This sensor is used for road speed and shift confirmation.|eaton_trts0950|https://productinfo.serviceranger4.com/books/TRTS0950/lang/en-us/section/TS0950FCIndex|Fault Code 375: Output Speed|TRTS0950 Endurant HD fault code index|3205|Inspect and clean the output shaft speed sensor connector|3|Fleet technician|0.0|15.0|0.5|1. Key off, disconnect the sensor connector • 2. Check pins for corrosion and spread terminals • 3. Apply dielectric grease, reconnect and clear codes
799|191|20|Eaton|375|Transmission|Transmission output shaft speed value drifting upward over time|hdt_output_shaft_speed_sensor|SPN 191 (Transmission output shaft speed) with FMI 20 (Value has drifted upward over time) is set by the Transmission when the output shaft speed sensor signal is erratic, out of frequency, drifting, reads an open/shorted circuit, or the TECU cannot determine a plausible value from it. This sensor is used for road speed and shift confirmation.|eaton_trts0950|https://productinfo.serviceranger4.com/books/TRTS0950/lang/en-us/section/TS0950FCIndex|Fault Code 375: Output Speed|TRTS0950 Endurant HD fault code index|3206|Test the output shaft speed sensor signal circuit|4|Fleet technician|5.0|60.0|1.0|1. Back-probe the signal and return pins at the TECU connector • 2. Check for chafed or open conductors between the sensor and the TECU • 3. Repair or reseal as needed
841|560|2|Eaton|702|Transmission|Driveline engagement status: signal erratic or implausible|hdt_clutch_engagement_status|SPN 560 (Driveline engagement status) with FMI 2 (Signal unstable, intermittent or implausible) is set by the Transmission when it cannot confirm the clutch or the overall driveline reached the engagement state it commanded, or the confirmation logic behaves erratically or drifts from the expected timing. This points to a genuine mechanical engagement problem (slipping clutch, worn synchronizers, low actuation pressure) rather than a single sensor fault, so treat it as a system-level confirmation issue.|eaton_trts0960|https://productinfo.serviceranger4.com/books/TRTS0960/lang/en-us/section/TS0960FCIndex|Fault Code 702: Driveline Engagement|TRTS0960 Endurant XD fault code index|3366|Replace the LCA or position sensor if confirmation never matches actuator position|1|Dealer / specialist|1500.0|3500.0|3.0|1. Confirm the discrepancy is not mechanical (previous fix) • 2. Replace the Linear Clutch Actuator assembly • 3. Run the clutch touch-point learn and re-verify engagement confirmation
841|560|2|Eaton|702|Transmission|Driveline engagement status: signal erratic or implausible|hdt_clutch_engagement_status|SPN 560 (Driveline engagement status) with FMI 2 (Signal unstable, intermittent or implausible) is set by the Transmission when it cannot confirm the clutch or the overall driveline reached the engagement state it commanded, or the confirmation logic behaves erratically or drifts from the expected timing. This points to a genuine mechanical engagement problem (slipping clutch, worn synchronizers, low actuation pressure) rather than a single sensor fault, so treat it as a system-level confirmation issue.|eaton_trts0960|https://productinfo.serviceranger4.com/books/TRTS0960/lang/en-us/section/TS0960FCIndex|Fault Code 702: Driveline Engagement|TRTS0960 Endurant XD fault code index|3367|Inspect the clutch disc, pressure plate and release mechanism for slippage or wear|2|Dealer / specialist|200.0|1800.0|3.0|1. Remove the inspection cover • 2. Check disc lining thickness, pressure plate finger travel and the release bearing • 3. Repair or replace worn components and re-verify engagement
841|560|2|Eaton|702|Transmission|Driveline engagement status: signal erratic or implausible|hdt_clutch_engagement_status|SPN 560 (Driveline engagement status) with FMI 2 (Signal unstable, intermittent or implausible) is set by the Transmission when it cannot confirm the clutch or the overall driveline reached the engagement state it commanded, or the confirmation logic behaves erratically or drifts from the expected timing. This points to a genuine mechanical engagement problem (slipping clutch, worn synchronizers, low actuation pressure) rather than a single sensor fault, so treat it as a system-level confirmation issue.|eaton_trts0960|https://productinfo.serviceranger4.com/books/TRTS0960/lang/en-us/section/TS0960FCIndex|Fault Code 702: Driveline Engagement|TRTS0960 Endurant XD fault code index|3368|Update the TECU calibration/software to the current Eaton release|3|Dealer / specialist|0.0|150.0|1.0|1. Connect ServiceRanger and check the installed calibration level against Eaton's current release • 2. Apply the update if available • 3. Clear codes and re-verify engagement logic
841|560|2|Eaton|702|Transmission|Driveline engagement status: signal erratic or implausible|hdt_clutch_engagement_status|SPN 560 (Driveline engagement status) with FMI 2 (Signal unstable, intermittent or implausible) is set by the Transmission when it cannot confirm the clutch or the overall driveline reached the engagement state it commanded, or the confirmation logic behaves erratically or drifts from the expected timing. This points to a genuine mechanical engagement problem (slipping clutch, worn synchronizers, low actuation pressure) rather than a single sensor fault, so treat it as a system-level confirmation issue.|eaton_trts0960|https://productinfo.serviceranger4.com/books/TRTS0960/lang/en-us/section/TS0960FCIndex|Fault Code 702: Driveline Engagement|TRTS0960 Endurant XD fault code index|3369|Verify actual clutch engagement with a road test and live data|4|Fleet technician|0.0|0.0|1.0|1. Connect ServiceRanger and monitor LCA position, engine speed and input shaft speed together • 2. Drive through launch and shift events • 3. Confirm whether the engagement state matches the commanded state or lags/never matches
883|583|13|Eaton|385|Transmission|Road grade (incline) sensor stored calibration values are out of range|hdt_grade_inclination_sensor|SPN 583 (Road grade (incline) sensor) with FMI 13 (Calibration data outside limits) is set by the Transmission when the grade/inclination sensor used for grade-based shift scheduling reads erratic, out of frequency, changing implausibly fast, drifting, a device or calibration fault, or its value arrives flagged as a network error. The TECU diagnoses this sensor directly rather than only relaying it, so mounting/orientation and calibration are in scope alongside the wiring and network checks.|eaton_trts0950|https://productinfo.serviceranger4.com/books/TRTS0950/lang/en-us/section/TS0950FCIndex|Fault Code 385: Grade Sensor|TRTS0950 Endurant HD fault code index|3554|Run the grade sensor calibration/relearn with ServiceRanger|1|Dealer / specialist|0.0|0.0|0.8|1. Park the vehicle on a known-level surface • 2. Connect ServiceRanger and run the grade sensor calibration/relearn routine • 3. Verify the learned zero-point and clear codes
883|583|13|Eaton|385|Transmission|Road grade (incline) sensor stored calibration values are out of range|hdt_grade_inclination_sensor|SPN 583 (Road grade (incline) sensor) with FMI 13 (Calibration data outside limits) is set by the Transmission when the grade/inclination sensor used for grade-based shift scheduling reads erratic, out of frequency, changing implausibly fast, drifting, a device or calibration fault, or its value arrives flagged as a network error. The TECU diagnoses this sensor directly rather than only relaying it, so mounting/orientation and calibration are in scope alongside the wiring and network checks.|eaton_trts0950|https://productinfo.serviceranger4.com/books/TRTS0950/lang/en-us/section/TS0950FCIndex|Fault Code 385: Grade Sensor|TRTS0950 Endurant HD fault code index|3555|Replace the grade/inclination sensor|2|Fleet technician|80.0|250.0|1.0|1. Remove the sensor from its mount • 2. Fit the replacement sensor at the correct orientation • 3. Reconnect, clear codes and verify live data on level ground
883|583|13|Eaton|385|Transmission|Road grade (incline) sensor stored calibration values are out of range|hdt_grade_inclination_sensor|SPN 583 (Road grade (incline) sensor) with FMI 13 (Calibration data outside limits) is set by the Transmission when the grade/inclination sensor used for grade-based shift scheduling reads erratic, out of frequency, changing implausibly fast, drifting, a device or calibration fault, or its value arrives flagged as a network error. The TECU diagnoses this sensor directly rather than only relaying it, so mounting/orientation and calibration are in scope alongside the wiring and network checks.|eaton_trts0950|https://productinfo.serviceranger4.com/books/TRTS0950/lang/en-us/section/TS0950FCIndex|Fault Code 385: Grade Sensor|TRTS0950 Endurant HD fault code index|3556|Inspect and clean the grade sensor connector|3|Fleet technician|0.0|20.0|0.5|1. Key off, disconnect the grade sensor connector • 2. Check pins for corrosion and spread terminals • 3. Apply dielectric grease, reconnect and clear codes
883|583|13|Eaton|385|Transmission|Road grade (incline) sensor stored calibration values are out of range|hdt_grade_inclination_sensor|SPN 583 (Road grade (incline) sensor) with FMI 13 (Calibration data outside limits) is set by the Transmission when the grade/inclination sensor used for grade-based shift scheduling reads erratic, out of frequency, changing implausibly fast, drifting, a device or calibration fault, or its value arrives flagged as a network error. The TECU diagnoses this sensor directly rather than only relaying it, so mounting/orientation and calibration are in scope alongside the wiring and network checks.|eaton_trts0950|https://productinfo.serviceranger4.com/books/TRTS0950/lang/en-us/section/TS0950FCIndex|Fault Code 385: Grade Sensor|TRTS0950 Endurant HD fault code index|3557|Test the grade sensor signal circuit|4|Fleet technician|5.0|60.0|1.0|1. Back-probe the signal and return pins at the TECU connector • 2. Check for reference voltage and continuity to the sensor • 3. Repair chafed or open conductors
883|583|13|Eaton|385|Transmission|Road grade (incline) sensor stored calibration values are out of range|hdt_grade_inclination_sensor|SPN 583 (Road grade (incline) sensor) with FMI 13 (Calibration data outside limits) is set by the Transmission when the grade/inclination sensor used for grade-based shift scheduling reads erratic, out of frequency, changing implausibly fast, drifting, a device or calibration fault, or its value arrives flagged as a network error. The TECU diagnoses this sensor directly rather than only relaying it, so mounting/orientation and calibration are in scope alongside the wiring and network checks.|eaton_trts0950|https://productinfo.serviceranger4.com/books/TRTS0950/lang/en-us/section/TS0950FCIndex|Fault Code 385: Grade Sensor|TRTS0950 Endurant HD fault code index|3558|Verify grade sensor mounting and orientation|5|Fleet technician|0.0|80.0|0.8|1. Confirm the sensor is mounted at the chassis location and orientation the OEM specifies • 2. Check for a loose, shifted or incorrectly oriented mount that would skew the reading • 3. Re-torque or re-orient the sensor and re-check the reading against a level reference
883|583|13|Eaton|385|Transmission|Road grade (incline) sensor stored calibration values are out of range|hdt_grade_inclination_sensor|SPN 583 (Road grade (incline) sensor) with FMI 13 (Calibration data outside limits) is set by the Transmission when the grade/inclination sensor used for grade-based shift scheduling reads erratic, out of frequency, changing implausibly fast, drifting, a device or calibration fault, or its value arrives flagged as a network error. The TECU diagnoses this sensor directly rather than only relaying it, so mounting/orientation and calibration are in scope alongside the wiring and network checks.|eaton_trts0950|https://productinfo.serviceranger4.com/books/TRTS0950/lang/en-us/section/TS0950FCIndex|Fault Code 385: Grade Sensor|TRTS0950 Endurant HD fault code index|3559|Verify the grade sensor value is arriving on the J1939 bus without a flagged error|6|Fleet technician|0.0|0.0|0.5|1. Connect ServiceRanger or a bus analyzer and confirm the grade/inclination message is present and not flagged invalid • 2. Check the sending module's own status and the network wiring/termination if the value is flagged invalid • 3. Only replace the sensor if the network path checks out but the value remains implausible
925|609|9|Eaton|205|Transmission|Transmission control module internal operation fault not reported at the expected rate|hdt_tecu_internal|SPN 609 (Transmission control module internal operation fault) with FMI 9 (Message not arriving at expected rate) is an internal TECU self-check or watchdog fault, set when the module's own operation is outside its expected range, timing or state. It is not tied to a single external circuit, so rule out power, ground and network faults first before treating it as a module problem.|eaton_trts0950|https://productinfo.serviceranger4.com/books/TRTS0950/lang/en-us/section/TS0950FCIndex|Fault Code 205: TCM Operation 2|TRTS0950 Endurant HD fault code index|3734|Verify the TECU is receiving valid J1939 network traffic before treating this as an internal fault|1|Fleet technician|0.0|0.0|0.5|1. Connect ServiceRanger or a bus analyzer and confirm J1939 traffic is present with no bus-off condition • 2. Check for other active network faults (see the network group) that could explain the update-rate/network-error reading • 3. Only proceed to a software update or TECU replacement once the network itself checks out
925|609|9|Eaton|205|Transmission|Transmission control module internal operation fault not reported at the expected rate|hdt_tecu_internal|SPN 609 (Transmission control module internal operation fault) with FMI 9 (Message not arriving at expected rate) is an internal TECU self-check or watchdog fault, set when the module's own operation is outside its expected range, timing or state. It is not tied to a single external circuit, so rule out power, ground and network faults first before treating it as a module problem.|eaton_trts0950|https://productinfo.serviceranger4.com/books/TRTS0950/lang/en-us/section/TS0950FCIndex|Fault Code 205: TCM Operation 2|TRTS0950 Endurant HD fault code index|3735|Update the TECU software/calibration to the current Eaton release|2|Dealer / specialist|0.0|150.0|1.0|1. Connect ServiceRanger and check the installed software/calibration level • 2. Apply Eaton's current release if available • 3. Clear codes and monitor for recurrence
925|609|9|Eaton|205|Transmission|Transmission control module internal operation fault not reported at the expected rate|hdt_tecu_internal|SPN 609 (Transmission control module internal operation fault) with FMI 9 (Message not arriving at expected rate) is an internal TECU self-check or watchdog fault, set when the module's own operation is outside its expected range, timing or state. It is not tied to a single external circuit, so rule out power, ground and network faults first before treating it as a module problem.|eaton_trts0950|https://productinfo.serviceranger4.com/books/TRTS0950/lang/en-us/section/TS0950FCIndex|Fault Code 205: TCM Operation 2|TRTS0950 Endurant HD fault code index|3736|Replace the TECU if the internal fault persists after a software update|3|Dealer / specialist|1200.0|2800.0|3.0|1. Confirm power, ground, network and software have all been ruled out • 2. Replace the TECU and transfer the vehicle configuration with ServiceRanger • 3. Run the required calibrations and clear codes
925|609|9|Eaton|205|Transmission|Transmission control module internal operation fault not reported at the expected rate|hdt_tecu_internal|SPN 609 (Transmission control module internal operation fault) with FMI 9 (Message not arriving at expected rate) is an internal TECU self-check or watchdog fault, set when the module's own operation is outside its expected range, timing or state. It is not tied to a single external circuit, so rule out power, ground and network faults first before treating it as a module problem.|eaton_trts0950|https://productinfo.serviceranger4.com/books/TRTS0950/lang/en-us/section/TS0950FCIndex|Fault Code 205: TCM Operation 2|TRTS0950 Endurant HD fault code index|3737|Verify TECU power, ground and network wiring are within spec|4|Fleet technician|10.0|80.0|1.0|1. Check TECU battery/ignition supply voltage per the TECU power supply family • 2. Check J1939 network wiring per the network group's diagnosis • 3. Repair any fault found before proceeding
925|609|9|Eaton|205|Transmission|Transmission control module internal operation fault not reported at the expected rate|hdt_tecu_internal|SPN 609 (Transmission control module internal operation fault) with FMI 9 (Message not arriving at expected rate) is an internal TECU self-check or watchdog fault, set when the module's own operation is outside its expected range, timing or state. It is not tied to a single external circuit, so rule out power, ground and network faults first before treating it as a module problem.|eaton_trts0950|https://productinfo.serviceranger4.com/books/TRTS0950/lang/en-us/section/TS0950FCIndex|Fault Code 205: TCM Operation 2|TRTS0950 Endurant HD fault code index|3738|Cycle key power and confirm the fault does not immediately return|5|Fleet technician|0.0|0.0|0.3|1. Clear codes with ServiceRanger • 2. Cycle the ignition key off and on • 3. Recheck for the active fault before further diagnosis
967|629|31|Eaton|200|Transmission|Engine control unit internal fault logged with no further diagnostic detail available|hdt_tecu_internal|SPN 629 (Engine control unit internal fault) with FMI 31 (Fault present; no further detail) is an internal TECU self-check or watchdog fault, set when the module's own operation is outside its expected range, timing or state. It is not tied to a single external circuit, so rule out power, ground and network faults first before treating it as a module problem.|eaton_trts0960|https://productinfo.serviceranger4.com/books/TRTS0960/lang/en-us/section/TS0960FCIndex|Fault Code 200: TCM Operation 1|TRTS0960 Endurant XD fault code index|3908|Cycle key power and confirm the fault does not immediately return|1|Fleet technician|0.0|0.0|0.3|1. Clear codes with ServiceRanger • 2. Cycle the ignition key off and on • 3. Recheck for the active fault before further diagnosis
967|629|31|Eaton|200|Transmission|Engine control unit internal fault logged with no further diagnostic detail available|hdt_tecu_internal|SPN 629 (Engine control unit internal fault) with FMI 31 (Fault present; no further detail) is an internal TECU self-check or watchdog fault, set when the module's own operation is outside its expected range, timing or state. It is not tied to a single external circuit, so rule out power, ground and network faults first before treating it as a module problem.|eaton_trts0960|https://productinfo.serviceranger4.com/books/TRTS0960/lang/en-us/section/TS0960FCIndex|Fault Code 200: TCM Operation 1|TRTS0960 Endurant XD fault code index|3909|Replace the TECU if the internal fault persists after a software update|2|Dealer / specialist|1200.0|2800.0|3.0|1. Confirm power, ground, network and software have all been ruled out • 2. Replace the TECU and transfer the vehicle configuration with ServiceRanger • 3. Run the required calibrations and clear codes
967|629|31|Eaton|200|Transmission|Engine control unit internal fault logged with no further diagnostic detail available|hdt_tecu_internal|SPN 629 (Engine control unit internal fault) with FMI 31 (Fault present; no further detail) is an internal TECU self-check or watchdog fault, set when the module's own operation is outside its expected range, timing or state. It is not tied to a single external circuit, so rule out power, ground and network faults first before treating it as a module problem.|eaton_trts0960|https://productinfo.serviceranger4.com/books/TRTS0960/lang/en-us/section/TS0960FCIndex|Fault Code 200: TCM Operation 1|TRTS0960 Endurant XD fault code index|3910|Verify TECU power, ground and network wiring are within spec|3|Fleet technician|10.0|80.0|1.0|1. Check TECU battery/ignition supply voltage per the TECU power supply family • 2. Check J1939 network wiring per the network group's diagnosis • 3. Repair any fault found before proceeding
967|629|31|Eaton|200|Transmission|Engine control unit internal fault logged with no further diagnostic detail available|hdt_tecu_internal|SPN 629 (Engine control unit internal fault) with FMI 31 (Fault present; no further detail) is an internal TECU self-check or watchdog fault, set when the module's own operation is outside its expected range, timing or state. It is not tied to a single external circuit, so rule out power, ground and network faults first before treating it as a module problem.|eaton_trts0960|https://productinfo.serviceranger4.com/books/TRTS0960/lang/en-us/section/TS0960FCIndex|Fault Code 200: TCM Operation 1|TRTS0960 Endurant XD fault code index|3911|Update the TECU software/calibration to the current Eaton release|4|Dealer / specialist|0.0|150.0|1.0|1. Connect ServiceRanger and check the installed software/calibration level • 2. Apply Eaton's current release if available • 3. Clear codes and monitor for recurrence
967|629|31|Eaton|200|Transmission|Engine control unit internal fault logged with no further diagnostic detail available|hdt_tecu_internal|SPN 629 (Engine control unit internal fault) with FMI 31 (Fault present; no further detail) is an internal TECU self-check or watchdog fault, set when the module's own operation is outside its expected range, timing or state. It is not tied to a single external circuit, so rule out power, ground and network faults first before treating it as a module problem.|eaton_trts0960|https://productinfo.serviceranger4.com/books/TRTS0960/lang/en-us/section/TS0960FCIndex|Fault Code 200: TCM Operation 1|TRTS0960 Endurant XD fault code index|3912|Verify the TECU is receiving valid J1939 network traffic before treating this as an internal fault|5|Fleet technician|0.0|0.0|0.5|1. Connect ServiceRanger or a bus analyzer and confirm J1939 traffic is present with no bus-off condition • 2. Check for other active network faults (see the network group) that could explain the update-rate/network-error reading • 3. Only proceed to a software update or TECU replacement once the network itself checks out
1009|752|4|Eaton|145|Transmission|Secondary shift device signal circuit voltage low (shorted to ground)|hdt_shift_lever_selector|SPN 752 (Secondary shift device signal) with FMI 4 (Circuit voltage low / short to ground) is set by the Transmission when the shift lever or multiplexed shift-selector device reports an electrical fault, an implausible or erratic signal, or a message that is not arriving at the expected rate.|eaton_trts0950|https://productinfo.serviceranger4.com/books/TRTS0950/lang/en-us/section/TS0950FCIndex|Fault Code 145: Secondary Shift Device (PWM)|TRTS0950 Endurant HD fault code index|4082|Inspect and clean the shift selector connector and wiring|1|Fleet technician|0.0|20.0|0.5|1. Key off, disconnect the shift selector connector • 2. Check pins for corrosion and spread terminals • 3. Apply dielectric grease, reconnect and clear codes
1009|752|4|Eaton|145|Transmission|Secondary shift device signal circuit voltage low (shorted to ground)|hdt_shift_lever_selector|SPN 752 (Secondary shift device signal) with FMI 4 (Circuit voltage low / short to ground) is set by the Transmission when the shift lever or multiplexed shift-selector device reports an electrical fault, an implausible or erratic signal, or a message that is not arriving at the expected rate.|eaton_trts0950|https://productinfo.serviceranger4.com/books/TRTS0950/lang/en-us/section/TS0950FCIndex|Fault Code 145: Secondary Shift Device (PWM)|TRTS0950 Endurant HD fault code index|4083|Test the shift selector signal circuit and its network wiring for opens/shorts|2|Fleet technician|10.0|80.0|1.0|1. Back-probe the selector signal circuit at the TECU connector • 2. On a multiplexed selector, check the CAN/PWM wiring pair for proper termination and continuity • 3. Repair chafed or open conductors
1009|752|4|Eaton|145|Transmission|Secondary shift device signal circuit voltage low (shorted to ground)|hdt_shift_lever_selector|SPN 752 (Secondary shift device signal) with FMI 4 (Circuit voltage low / short to ground) is set by the Transmission when the shift lever or multiplexed shift-selector device reports an electrical fault, an implausible or erratic signal, or a message that is not arriving at the expected rate.|eaton_trts0950|https://productinfo.serviceranger4.com/books/TRTS0950/lang/en-us/section/TS0950FCIndex|Fault Code 145: Secondary Shift Device (PWM)|TRTS0950 Endurant HD fault code index|4084|Replace the shift lever, shift pad or selector module|3|Dealer / specialist|250.0|900.0|1.5|1. Remove the console/dash trim to access the selector • 2. Disconnect and replace the shift lever, pad or selector module • 3. Reinstall, clear codes and verify shift requests in ServiceRanger live data
1009|752|4|Eaton|145|Transmission|Secondary shift device signal circuit voltage low (shorted to ground)|hdt_shift_lever_selector|SPN 752 (Secondary shift device signal) with FMI 4 (Circuit voltage low / short to ground) is set by the Transmission when the shift lever or multiplexed shift-selector device reports an electrical fault, an implausible or erratic signal, or a message that is not arriving at the expected rate.|eaton_trts0950|https://productinfo.serviceranger4.com/books/TRTS0950/lang/en-us/section/TS0950FCIndex|Fault Code 145: Secondary Shift Device (PWM)|TRTS0950 Endurant HD fault code index|4085|Update the TECU software and verify the configured selector type|4|Dealer / specialist|0.0|150.0|1.0|1. Connect ServiceRanger and check the configured shift-device type against the installed hardware • 2. Correct the configuration if mismatched • 3. Update TECU software if a related bulletin exists, then clear codes
1009|752|4|Eaton|145|Transmission|Secondary shift device signal circuit voltage low (shorted to ground)|hdt_shift_lever_selector|SPN 752 (Secondary shift device signal) with FMI 4 (Circuit voltage low / short to ground) is set by the Transmission when the shift lever or multiplexed shift-selector device reports an electrical fault, an implausible or erratic signal, or a message that is not arriving at the expected rate.|eaton_trts0950|https://productinfo.serviceranger4.com/books/TRTS0950/lang/en-us/section/TS0950FCIndex|Fault Code 145: Secondary Shift Device (PWM)|TRTS0950 Endurant HD fault code index|4086|Verify the shift device message or PWM signal is present and updating at the expected rate|5|Fleet technician|0.0|0.0|0.5|1. Connect ServiceRanger (or a bus analyzer for the J1939 primary shift device) and confirm the shift request message or PWM signal is present and updating • 2. Check the J1939/PWM wiring, termination and the sending module's own status before assuming the selector itself is at fault • 3. Only replace the shift lever, pad or selector module if the link checks out but the request is still missing or invalid
1051|768|16|Eaton|646|Transmission|Shift rail E, fore solenoid circuit current moderately above the normal range|hdt_rail_select_solenoid|SPN 768 (Shift rail E, fore solenoid) with FMI 16 (Moderately above normal range) is set by the Transmission when one of the X-Y shift rail fore/aft solenoids reads an electrical fault (open, short, out-of-range) or fails to move the rail as commanded, preventing the TECU from selecting or confirming the requested gear.|eaton_trts0950|https://productinfo.serviceranger4.com/books/TRTS0950/lang/en-us/section/TS0950FCIndex|Fault Code 646: Rail E Fore Solenoid (A6)|TRTS0950 Endurant HD fault code index|4250|Check supply air pressure and inspect the rail for mechanical binding|1|Fleet technician|20.0|150.0|1.5|1. Verify supply air is at or above 100 psi at the shifter air pack • 2. Cycle the rail by hand (transmission in neutral, air removed) and check for binding or debris • 3. Clean or repair as needed
1051|768|16|Eaton|646|Transmission|Shift rail E, fore solenoid circuit current moderately above the normal range|hdt_rail_select_solenoid|SPN 768 (Shift rail E, fore solenoid) with FMI 16 (Moderately above normal range) is set by the Transmission when one of the X-Y shift rail fore/aft solenoids reads an electrical fault (open, short, out-of-range) or fails to move the rail as commanded, preventing the TECU from selecting or confirming the requested gear.|eaton_trts0950|https://productinfo.serviceranger4.com/books/TRTS0950/lang/en-us/section/TS0950FCIndex|Fault Code 646: Rail E Fore Solenoid (A6)|TRTS0950 Endurant HD fault code index|4251|Replace the faulty X-Y shift rail solenoid or shifter module|2|Dealer / specialist|1200.0|2500.0|3.0|1. Tag and disconnect air lines and wiring from the shifter/solenoid assembly • 2. Remove and replace the faulty solenoid or the full XY shifter module • 3. Reconnect, leak-check fittings, clear codes and run the rail calibration
1051|768|16|Eaton|646|Transmission|Shift rail E, fore solenoid circuit current moderately above the normal range|hdt_rail_select_solenoid|SPN 768 (Shift rail E, fore solenoid) with FMI 16 (Moderately above normal range) is set by the Transmission when one of the X-Y shift rail fore/aft solenoids reads an electrical fault (open, short, out-of-range) or fails to move the rail as commanded, preventing the TECU from selecting or confirming the requested gear.|eaton_trts0950|https://productinfo.serviceranger4.com/books/TRTS0950/lang/en-us/section/TS0950FCIndex|Fault Code 646: Rail E Fore Solenoid (A6)|TRTS0950 Endurant HD fault code index|4252|Inspect and clean the rail solenoid connector|3|Fleet technician|0.0|20.0|0.5|1. Key off, disconnect the rail solenoid connector • 2. Check pins for corrosion and spread terminals • 3. Apply dielectric grease, reconnect and clear codes
1051|768|16|Eaton|646|Transmission|Shift rail E, fore solenoid circuit current moderately above the normal range|hdt_rail_select_solenoid|SPN 768 (Shift rail E, fore solenoid) with FMI 16 (Moderately above normal range) is set by the Transmission when one of the X-Y shift rail fore/aft solenoids reads an electrical fault (open, short, out-of-range) or fails to move the rail as commanded, preventing the TECU from selecting or confirming the requested gear.|eaton_trts0950|https://productinfo.serviceranger4.com/books/TRTS0950/lang/en-us/section/TS0950FCIndex|Fault Code 646: Rail E Fore Solenoid (A6)|TRTS0950 Endurant HD fault code index|4253|Test the rail solenoid coil and drive circuit|4|Fleet technician|5.0|60.0|1.0|1. Measure coil resistance against spec with the connector disconnected • 2. Back-probe the drive circuit for opens or shorts to power/ground • 3. Repair chafed wiring or a failed TECU driver
1093|787|7|Eaton|570|Transmission|Transmission inertia brake solenoid not moving to the commanded position|hdt_inertia_brake_solenoid|SPN 787 (Transmission inertia brake solenoid) with FMI 7 (Mechanical part not reacting or misadjusted) is set by the Transmission when the driveline inertia brake solenoid, used to slow the countershaft for clutchless upshifts, reads an electrical fault, an out-of-range response, or fails a calibration check.|eaton_trts0950|https://productinfo.serviceranger4.com/books/TRTS0950/lang/en-us/section/TS0950FCIndex|Fault Code 570: Inertia Brake Solenoid (A5)|TRTS0950 Endurant HD fault code index|4418|Replace the inertia brake solenoid|1|Dealer / specialist|200.0|500.0|1.5|1. Tag and disconnect the air line and wiring • 2. Remove and replace the solenoid • 3. Reconnect, leak-check the fitting and clear codes
1093|787|7|Eaton|570|Transmission|Transmission inertia brake solenoid not moving to the commanded position|hdt_inertia_brake_solenoid|SPN 787 (Transmission inertia brake solenoid) with FMI 7 (Mechanical part not reacting or misadjusted) is set by the Transmission when the driveline inertia brake solenoid, used to slow the countershaft for clutchless upshifts, reads an electrical fault, an out-of-range response, or fails a calibration check.|eaton_trts0950|https://productinfo.serviceranger4.com/books/TRTS0950/lang/en-us/section/TS0950FCIndex|Fault Code 570: Inertia Brake Solenoid (A5)|TRTS0950 Endurant HD fault code index|4419|Run the inertia brake relearn procedure with ServiceRanger|2|Dealer / specialist|0.0|0.0|0.8|1. Connect ServiceRanger and select the inertia brake calibration routine • 2. Follow the guided sequence with the engine running • 3. Verify learned values are within spec and clear codes
1093|787|7|Eaton|570|Transmission|Transmission inertia brake solenoid not moving to the commanded position|hdt_inertia_brake_solenoid|SPN 787 (Transmission inertia brake solenoid) with FMI 7 (Mechanical part not reacting or misadjusted) is set by the Transmission when the driveline inertia brake solenoid, used to slow the countershaft for clutchless upshifts, reads an electrical fault, an out-of-range response, or fails a calibration check.|eaton_trts0950|https://productinfo.serviceranger4.com/books/TRTS0950/lang/en-us/section/TS0950FCIndex|Fault Code 570: Inertia Brake Solenoid (A5)|TRTS0950 Endurant HD fault code index|4420|Inspect and clean the inertia brake solenoid connector|3|Fleet technician|0.0|20.0|0.5|1. Key off, disconnect the solenoid connector • 2. Check pins for corrosion and spread terminals • 3. Apply dielectric grease, reconnect and clear codes
1093|787|7|Eaton|570|Transmission|Transmission inertia brake solenoid not moving to the commanded position|hdt_inertia_brake_solenoid|SPN 787 (Transmission inertia brake solenoid) with FMI 7 (Mechanical part not reacting or misadjusted) is set by the Transmission when the driveline inertia brake solenoid, used to slow the countershaft for clutchless upshifts, reads an electrical fault, an out-of-range response, or fails a calibration check.|eaton_trts0950|https://productinfo.serviceranger4.com/books/TRTS0950/lang/en-us/section/TS0950FCIndex|Fault Code 570: Inertia Brake Solenoid (A5)|TRTS0950 Endurant HD fault code index|4421|Test the solenoid coil and drive circuit|4|Fleet technician|5.0|60.0|1.0|1. Measure coil resistance against spec with the connector disconnected • 2. Back-probe the drive circuit for opens or shorts • 3. Repair chafed wiring or a failed TECU driver
1135|908|13|Eaton|193|Transmission|Rear axle 1, right wheel speed sensor stored calibration values are out of range|hdn_received_brake_abs_data|SPN 908 (Rear axle 1, right wheel speed sensor) with FMI 13 (Calibration data outside limits) is set by the Transmission when a value the brake or ABS/ESC system broadcasts on J1939 -- a wheel speed, a brake pressure, a brake/hill-holder switch state, ABS/ASR status, or an external brake request (XBR) -- stops arriving at the expected rate, fails validation, or is out of the receiving controller's calibrated range. The Transmission only receives this value over the network rather than measuring it directly, so the fault is a link problem until the brake/ABS system's own diagnostics say otherwise: check the ABS/ESC controller for its own active codes and confirm it is still transmitting before assuming the Transmission itself has failed.|eaton_trts0960|https://productinfo.serviceranger4.com/books/TRTS0960/lang/en-us/section/TS0960FCIndex|Fault Code 193: Rear Axle 1 Right Wheel Speed|TRTS0960 Endurant XD fault code index|4590|Reconfigure the receiving controller's expected-source parameters|1|Dealer / specialist|0.0|150.0|1.0|1. Connect the OEM service tool to the receiving controller • 2. Check its expected-source and parameter configuration against the OEM specification for this chassis • 3. Reprogram or update as needed, clear codes, and confirm the value now arrives at the expected rate
1135|908|13|Eaton|193|Transmission|Rear axle 1, right wheel speed sensor stored calibration values are out of range|hdn_received_brake_abs_data|SPN 908 (Rear axle 1, right wheel speed sensor) with FMI 13 (Calibration data outside limits) is set by the Transmission when a value the brake or ABS/ESC system broadcasts on J1939 -- a wheel speed, a brake pressure, a brake/hill-holder switch state, ABS/ASR status, or an external brake request (XBR) -- stops arriving at the expected rate, fails validation, or is out of the receiving controller's calibrated range. The Transmission only receives this value over the network rather than measuring it directly, so the fault is a link problem until the brake/ABS system's own diagnostics say otherwise: check the ABS/ESC controller for its own active codes and confirm it is still transmitting before assuming the Transmission itself has failed.|eaton_trts0960|https://productinfo.serviceranger4.com/books/TRTS0960/lang/en-us/section/TS0960FCIndex|Fault Code 193: Rear Axle 1 Right Wheel Speed|TRTS0960 Endurant XD fault code index|4591|Inspect connectors on the ABS/ESC controller and the shared backbone|2|Fleet technician|0.0|20.0|0.5|1. Key off, inspect the ABS/ESC controller's main connector and the nearest backbone/drop-line or wheel-speed connector • 2. Check for corrosion, bent pins or a partially seated connector • 3. Clean, reseat, clear codes and retest
1135|908|13|Eaton|193|Transmission|Rear axle 1, right wheel speed sensor stored calibration values are out of range|hdn_received_brake_abs_data|SPN 908 (Rear axle 1, right wheel speed sensor) with FMI 13 (Calibration data outside limits) is set by the Transmission when a value the brake or ABS/ESC system broadcasts on J1939 -- a wheel speed, a brake pressure, a brake/hill-holder switch state, ABS/ASR status, or an external brake request (XBR) -- stops arriving at the expected rate, fails validation, or is out of the receiving controller's calibrated range. The Transmission only receives this value over the network rather than measuring it directly, so the fault is a link problem until the brake/ABS system's own diagnostics say otherwise: check the ABS/ESC controller for its own active codes and confirm it is still transmitting before assuming the Transmission itself has failed.|eaton_trts0960|https://productinfo.serviceranger4.com/books/TRTS0960/lang/en-us/section/TS0960FCIndex|Fault Code 193: Rear Axle 1 Right Wheel Speed|TRTS0960 Endurant XD fault code index|4592|Verify ABS/ESC power/ground and backbone termination|3|Fleet technician|5.0|40.0|1.0|1. Back-probe the ABS/ESC controller's power and ground pins and confirm battery voltage and a clean ground • 2. With the bus powered down, measure 60 ohms across CAN H/CAN L to confirm backbone termination is intact • 3. Repair any open, shorted or corroded wiring found
1135|908|13|Eaton|193|Transmission|Rear axle 1, right wheel speed sensor stored calibration values are out of range|hdn_received_brake_abs_data|SPN 908 (Rear axle 1, right wheel speed sensor) with FMI 13 (Calibration data outside limits) is set by the Transmission when a value the brake or ABS/ESC system broadcasts on J1939 -- a wheel speed, a brake pressure, a brake/hill-holder switch state, ABS/ASR status, or an external brake request (XBR) -- stops arriving at the expected rate, fails validation, or is out of the receiving controller's calibrated range. The Transmission only receives this value over the network rather than measuring it directly, so the fault is a link problem until the brake/ABS system's own diagnostics say otherwise: check the ABS/ESC controller for its own active codes and confirm it is still transmitting before assuming the Transmission itself has failed.|eaton_trts0960|https://productinfo.serviceranger4.com/books/TRTS0960/lang/en-us/section/TS0960FCIndex|Fault Code 193: Rear Axle 1 Right Wheel Speed|TRTS0960 Endurant XD fault code index|4593|Confirm the brake/ABS controller is transmitting and check its own active codes|4|Fleet technician|0.0|0.0|0.8|1. Connect a J1939 scan tool and confirm the ABS/ESC controller is present on the bus and broadcasting the expected PGN • 2. Read the ABS/ESC controller's own fault codes; an active brake-side fault often explains why the value is missing or invalid downstream • 3. If the ABS/ESC controller shows no fault and is transmitting normally, proceed to the link and receiving-controller checks
1177|1846|12|Eaton|174|Transmission|Engine default torque limit reported by the module as internally defective|hdn_received_engine_data|SPN 1846 (Engine default torque limit) with FMI 12 (Smart device or component defective) is set by the Transmission when a value the engine control system broadcasts on J1939 -- engine speed, torque, accelerator pedal position, an idle/torque limit, or an engine configuration message -- stops arriving at the expected rate, fails validation, or is out of the receiving controller's calibrated range. The Transmission only receives this value over the network rather than measuring it directly, so the fault is a link problem until the engine ECU's own diagnostics say otherwise: check the engine ECU for its own active codes and confirm it is still transmitting before assuming the Transmission itself has failed.|eaton_trts0960|https://productinfo.serviceranger4.com/books/TRTS0960/lang/en-us/section/TS0960FCIndex|Fault Code 174: Engine Default Torque Limit|TRTS0960 Endurant XD fault code index|4756|Reconfigure the receiving controller's expected-source parameters|1|Dealer / specialist|0.0|150.0|1.0|1. Connect the OEM service tool to the receiving controller • 2. Check its expected-source and parameter configuration against the OEM specification for this chassis • 3. Reprogram or update as needed, clear codes, and confirm the value now arrives at the expected rate
1177|1846|12|Eaton|174|Transmission|Engine default torque limit reported by the module as internally defective|hdn_received_engine_data|SPN 1846 (Engine default torque limit) with FMI 12 (Smart device or component defective) is set by the Transmission when a value the engine control system broadcasts on J1939 -- engine speed, torque, accelerator pedal position, an idle/torque limit, or an engine configuration message -- stops arriving at the expected rate, fails validation, or is out of the receiving controller's calibrated range. The Transmission only receives this value over the network rather than measuring it directly, so the fault is a link problem until the engine ECU's own diagnostics say otherwise: check the engine ECU for its own active codes and confirm it is still transmitting before assuming the Transmission itself has failed.|eaton_trts0960|https://productinfo.serviceranger4.com/books/TRTS0960/lang/en-us/section/TS0960FCIndex|Fault Code 174: Engine Default Torque Limit|TRTS0960 Endurant XD fault code index|4757|Inspect connectors on the engine ECU and the shared backbone|2|Fleet technician|0.0|20.0|0.5|1. Key off, inspect the engine ECU's main connector and the nearest backbone/drop-line connector • 2. Check for corrosion, bent pins or a partially seated connector • 3. Clean, reseat, clear codes and retest
1177|1846|12|Eaton|174|Transmission|Engine default torque limit reported by the module as internally defective|hdn_received_engine_data|SPN 1846 (Engine default torque limit) with FMI 12 (Smart device or component defective) is set by the Transmission when a value the engine control system broadcasts on J1939 -- engine speed, torque, accelerator pedal position, an idle/torque limit, or an engine configuration message -- stops arriving at the expected rate, fails validation, or is out of the receiving controller's calibrated range. The Transmission only receives this value over the network rather than measuring it directly, so the fault is a link problem until the engine ECU's own diagnostics say otherwise: check the engine ECU for its own active codes and confirm it is still transmitting before assuming the Transmission itself has failed.|eaton_trts0960|https://productinfo.serviceranger4.com/books/TRTS0960/lang/en-us/section/TS0960FCIndex|Fault Code 174: Engine Default Torque Limit|TRTS0960 Endurant XD fault code index|4758|Verify engine ECU power/ground and backbone termination|3|Fleet technician|5.0|40.0|1.0|1. Back-probe the engine ECU's power and ground pins and confirm battery voltage and a clean ground • 2. With the bus powered down, measure 60 ohms across CAN H/CAN L to confirm backbone termination is intact • 3. Repair any open, shorted or corroded wiring found
1177|1846|12|Eaton|174|Transmission|Engine default torque limit reported by the module as internally defective|hdn_received_engine_data|SPN 1846 (Engine default torque limit) with FMI 12 (Smart device or component defective) is set by the Transmission when a value the engine control system broadcasts on J1939 -- engine speed, torque, accelerator pedal position, an idle/torque limit, or an engine configuration message -- stops arriving at the expected rate, fails validation, or is out of the receiving controller's calibrated range. The Transmission only receives this value over the network rather than measuring it directly, so the fault is a link problem until the engine ECU's own diagnostics say otherwise: check the engine ECU for its own active codes and confirm it is still transmitting before assuming the Transmission itself has failed.|eaton_trts0960|https://productinfo.serviceranger4.com/books/TRTS0960/lang/en-us/section/TS0960FCIndex|Fault Code 174: Engine Default Torque Limit|TRTS0960 Endurant XD fault code index|4759|Confirm the engine ECU is transmitting and check its own active codes|4|Fleet technician|0.0|0.0|0.8|1. Connect a J1939 scan tool and confirm the engine ECU is present on the bus and broadcasting the expected PGN • 2. Read the engine ECU's own fault codes; an active engine-side fault often explains why the value is missing or invalid downstream • 3. If the engine ECU shows no fault and is transmitting normally, proceed to the link and receiving-controller checks
1219|3452|12|Eaton|900|Transmission|PTO 1 request signal reported by the module as internally defective|hdt_pto_request_switch|SPN 3452 (PTO 1 request signal) with FMI 12 (Smart device or component defective) is set by the Transmission when the driver's PTO request input (a dash switch or multiplexed request) reads a circuit fault, a calibration issue, or a message that is not arriving at the expected rate.|eaton_trts0960|https://productinfo.serviceranger4.com/books/TRTS0960/lang/en-us/section/TS0960FCIndex|Fault Code 900: PTO 1 Request|TRTS0960 Endurant XD fault code index|4933|Replace the PTO request switch|1|Fleet technician|30.0|120.0|0.8|1. Remove the dash trim to access the switch • 2. Disconnect and replace the switch • 3. Reinstall, clear codes and verify the request in ServiceRanger live data
1219|3452|12|Eaton|900|Transmission|PTO 1 request signal reported by the module as internally defective|hdt_pto_request_switch|SPN 3452 (PTO 1 request signal) with FMI 12 (Smart device or component defective) is set by the Transmission when the driver's PTO request input (a dash switch or multiplexed request) reads a circuit fault, a calibration issue, or a message that is not arriving at the expected rate.|eaton_trts0960|https://productinfo.serviceranger4.com/books/TRTS0960/lang/en-us/section/TS0960FCIndex|Fault Code 900: PTO 1 Request|TRTS0960 Endurant XD fault code index|4934|Verify PTO configuration parameters in ServiceRanger match the installed PTO|2|Dealer / specialist|0.0|150.0|1.0|1. Connect ServiceRanger and open the PTO configuration screen • 2. Compare enabled PTO type/position against the installed hardware • 3. Correct and reprogram if mismatched
1219|3452|12|Eaton|900|Transmission|PTO 1 request signal reported by the module as internally defective|hdt_pto_request_switch|SPN 3452 (PTO 1 request signal) with FMI 12 (Smart device or component defective) is set by the Transmission when the driver's PTO request input (a dash switch or multiplexed request) reads a circuit fault, a calibration issue, or a message that is not arriving at the expected rate.|eaton_trts0960|https://productinfo.serviceranger4.com/books/TRTS0960/lang/en-us/section/TS0960FCIndex|Fault Code 900: PTO 1 Request|TRTS0960 Endurant XD fault code index|4935|Inspect and clean the PTO request switch connector|3|Fleet technician|0.0|20.0|0.5|1. Key off, disconnect the switch connector • 2. Check pins for corrosion and spread terminals • 3. Apply dielectric grease, reconnect and clear codes
1219|3452|12|Eaton|900|Transmission|PTO 1 request signal reported by the module as internally defective|hdt_pto_request_switch|SPN 3452 (PTO 1 request signal) with FMI 12 (Smart device or component defective) is set by the Transmission when the driver's PTO request input (a dash switch or multiplexed request) reads a circuit fault, a calibration issue, or a message that is not arriving at the expected rate.|eaton_trts0960|https://productinfo.serviceranger4.com/books/TRTS0960/lang/en-us/section/TS0960FCIndex|Fault Code 900: PTO 1 Request|TRTS0960 Endurant XD fault code index|4936|Test the PTO request switch signal circuit for a short to ground or intermittent contact|4|Fleet technician|5.0|60.0|1.0|1. Back-probe the request signal circuit at the TECU connector • 2. Operate the switch while monitoring the signal for a clean transition • 3. Repair chafed wiring or replace an intermittent switch
1219|3452|12|Eaton|900|Transmission|PTO 1 request signal reported by the module as internally defective|hdt_pto_request_switch|SPN 3452 (PTO 1 request signal) with FMI 12 (Smart device or component defective) is set by the Transmission when the driver's PTO request input (a dash switch or multiplexed request) reads a circuit fault, a calibration issue, or a message that is not arriving at the expected rate.|eaton_trts0960|https://productinfo.serviceranger4.com/books/TRTS0960/lang/en-us/section/TS0960FCIndex|Fault Code 900: PTO 1 Request|TRTS0960 Endurant XD fault code index|4937|Verify the PTO request message is present and updating at the expected rate|5|Fleet technician|0.0|0.0|0.5|1. Connect ServiceRanger and confirm the PTO request message is present and updating at the expected rate • 2. Check the request circuit's network wiring and termination before assuming a hardware fault • 3. Only replace the switch if the message stays absent or corrupted after the wiring check
1261|3456|6|Eaton|910|Transmission|PTO 1 engage signal circuit shorted to ground, current too high|hdt_pto_engage_solenoid|SPN 3456 (PTO 1 engage signal) with FMI 6 (Current too high; short to ground) is set by the Transmission when the PTO engagement air solenoid reads an electrical fault (open, short, out-of-range) or the PTO fails to mechanically engage as commanded.|eaton_trts0960|https://productinfo.serviceranger4.com/books/TRTS0960/lang/en-us/section/TS0960FCIndex|Fault Code 910: PTO 1 Engage|TRTS0960 Endurant XD fault code index|5136|Test the PTO engage solenoid coil and drive circuit|1|Fleet technician|5.0|60.0|1.0|1. Measure coil resistance against spec with the connector disconnected • 2. Back-probe the drive circuit for opens or shorts • 3. Repair chafed wiring or a failed TECU driver
1261|3456|6|Eaton|910|Transmission|PTO 1 engage signal circuit shorted to ground, current too high|hdt_pto_engage_solenoid|SPN 3456 (PTO 1 engage signal) with FMI 6 (Current too high; short to ground) is set by the Transmission when the PTO engagement air solenoid reads an electrical fault (open, short, out-of-range) or the PTO fails to mechanically engage as commanded.|eaton_trts0960|https://productinfo.serviceranger4.com/books/TRTS0960/lang/en-us/section/TS0960FCIndex|Fault Code 910: PTO 1 Engage|TRTS0960 Endurant XD fault code index|5137|Inspect and clean the PTO engage solenoid connector|2|Fleet technician|0.0|20.0|0.5|1. Key off, disconnect the solenoid connector • 2. Check pins for corrosion and spread terminals • 3. Apply dielectric grease, reconnect and clear codes
1261|3456|6|Eaton|910|Transmission|PTO 1 engage signal circuit shorted to ground, current too high|hdt_pto_engage_solenoid|SPN 3456 (PTO 1 engage signal) with FMI 6 (Current too high; short to ground) is set by the Transmission when the PTO engagement air solenoid reads an electrical fault (open, short, out-of-range) or the PTO fails to mechanically engage as commanded.|eaton_trts0960|https://productinfo.serviceranger4.com/books/TRTS0960/lang/en-us/section/TS0960FCIndex|Fault Code 910: PTO 1 Engage|TRTS0960 Endurant XD fault code index|5138|Replace the PTO engage solenoid|3|Fleet technician|150.0|400.0|1.2|1. Tag and disconnect the air line and wiring from the solenoid • 2. Remove and replace the solenoid • 3. Reconnect, leak-check the fitting and clear codes
1261|3456|6|Eaton|910|Transmission|PTO 1 engage signal circuit shorted to ground, current too high|hdt_pto_engage_solenoid|SPN 3456 (PTO 1 engage signal) with FMI 6 (Current too high; short to ground) is set by the Transmission when the PTO engagement air solenoid reads an electrical fault (open, short, out-of-range) or the PTO fails to mechanically engage as commanded.|eaton_trts0960|https://productinfo.serviceranger4.com/books/TRTS0960/lang/en-us/section/TS0960FCIndex|Fault Code 910: PTO 1 Engage|TRTS0960 Endurant XD fault code index|5139|Check PTO gear engagement, air supply pressure and the shift fork for binding|4|Dealer / specialist|100.0|800.0|2.0|1. Verify supply air is at or above 100 psi at the PTO solenoid • 2. With the PTO disengaged and safe to access, check gear engagement and shift fork travel for binding • 3. Clear binding, repair the fork if worn and re-verify engagement
1303|3460|9|Eaton|920|Transmission|PTO 1 engagement confirmation message not received at the expected rate|hdt_pto_confirm_sensor|SPN 3460 (PTO 1 engagement confirmation) with FMI 9 (Message not arriving at expected rate) is set by the Transmission when the sensor/switch that confirms the PTO has actually engaged reports a circuit fault, a drifting calibration, a message that is not arriving at the expected rate, or a mechanical condition where the PTO never reaches the confirmed position.|eaton_trts0960|https://productinfo.serviceranger4.com/books/TRTS0960/lang/en-us/section/TS0960FCIndex|Fault Code 920: PTO 1 Confirm|TRTS0960 Endurant XD fault code index|5309|Verify the PTO confirmation message is present and updating at the expected rate|1|Fleet technician|0.0|0.0|0.5|1. Connect ServiceRanger and confirm the PTO confirmation message is present and updating at the expected rate • 2. Check the sensor circuit's network wiring and termination before assuming a hardware fault • 3. Only replace the sensor/switch if the message stays absent or corrupted after the wiring check
1303|3460|9|Eaton|920|Transmission|PTO 1 engagement confirmation message not received at the expected rate|hdt_pto_confirm_sensor|SPN 3460 (PTO 1 engagement confirmation) with FMI 9 (Message not arriving at expected rate) is set by the Transmission when the sensor/switch that confirms the PTO has actually engaged reports a circuit fault, a drifting calibration, a message that is not arriving at the expected rate, or a mechanical condition where the PTO never reaches the confirmed position.|eaton_trts0960|https://productinfo.serviceranger4.com/books/TRTS0960/lang/en-us/section/TS0960FCIndex|Fault Code 920: PTO 1 Confirm|TRTS0960 Endurant XD fault code index|5310|Inspect and clean the PTO confirmation sensor connector|2|Fleet technician|0.0|20.0|0.5|1. Key off, disconnect the sensor connector • 2. Check pins for corrosion and spread terminals • 3. Apply dielectric grease, reconnect and clear codes
1303|3460|9|Eaton|920|Transmission|PTO 1 engagement confirmation message not received at the expected rate|hdt_pto_confirm_sensor|SPN 3460 (PTO 1 engagement confirmation) with FMI 9 (Message not arriving at expected rate) is set by the Transmission when the sensor/switch that confirms the PTO has actually engaged reports a circuit fault, a drifting calibration, a message that is not arriving at the expected rate, or a mechanical condition where the PTO never reaches the confirmed position.|eaton_trts0960|https://productinfo.serviceranger4.com/books/TRTS0960/lang/en-us/section/TS0960FCIndex|Fault Code 920: PTO 1 Confirm|TRTS0960 Endurant XD fault code index|5311|Replace the PTO confirmation sensor/switch|3|Fleet technician|40.0|150.0|0.8|1. Remove the sensor/switch from its mounting • 2. Fit the new sensor/switch, setting the air gap or torque per spec • 3. Reconnect, clear codes and verify live data
1303|3460|9|Eaton|920|Transmission|PTO 1 engagement confirmation message not received at the expected rate|hdt_pto_confirm_sensor|SPN 3460 (PTO 1 engagement confirmation) with FMI 9 (Message not arriving at expected rate) is set by the Transmission when the sensor/switch that confirms the PTO has actually engaged reports a circuit fault, a drifting calibration, a message that is not arriving at the expected rate, or a mechanical condition where the PTO never reaches the confirmed position.|eaton_trts0960|https://productinfo.serviceranger4.com/books/TRTS0960/lang/en-us/section/TS0960FCIndex|Fault Code 920: PTO 1 Confirm|TRTS0960 Endurant XD fault code index|5312|Test the confirmation sensor signal circuit for a short or open|4|Fleet technician|5.0|60.0|1.0|1. Back-probe the sensor signal circuit at the TECU connector • 2. Check for continuity and reference voltage • 3. Repair chafed or open conductors
1303|3460|9|Eaton|920|Transmission|PTO 1 engagement confirmation message not received at the expected rate|hdt_pto_confirm_sensor|SPN 3460 (PTO 1 engagement confirmation) with FMI 9 (Message not arriving at expected rate) is set by the Transmission when the sensor/switch that confirms the PTO has actually engaged reports a circuit fault, a drifting calibration, a message that is not arriving at the expected rate, or a mechanical condition where the PTO never reaches the confirmed position.|eaton_trts0960|https://productinfo.serviceranger4.com/books/TRTS0960/lang/en-us/section/TS0960FCIndex|Fault Code 920: PTO 1 Confirm|TRTS0960 Endurant XD fault code index|5313|Verify the PTO fully engages mechanically; adjust or repair the engagement linkage|5|Dealer / specialist|100.0|800.0|2.0|1. Command PTO engagement and visually/manually verify the shift fork and gear reach full engagement • 2. Adjust linkage travel or repair a worn fork if the PTO does not fully engage • 3. Re-verify the confirmation signal matches actual engagement
1345|3651|9|Eaton|122|Transmission|Primary automatic drive selector (ADS) signal message not received at the expected rate|hdn_received_ads_cruise_data|SPN 3651 (Primary automatic drive selector (ADS) signal) with FMI 9 (Message not arriving at expected rate) is set by the Transmission when a value from the cruise control or Automated Driving System (ADS) stops arriving at the expected rate or fails validation -- a primary/secondary ADS command, an ADS operation-status report, or a cruise resume/pause command. The Transmission only receives this value over the network rather than generating it directly, so the fault is a link problem until the sending controller's own diagnostics say otherwise: check the ADS/cruise source controller for its own active codes and confirm it is still transmitting before assuming the Transmission itself has failed.|eaton_trts0950|https://productinfo.serviceranger4.com/books/TRTS0950/lang/en-us/section/TS0950FCIndex|Fault Code 122: Primary ADS|TRTS0950 Endurant HD fault code index|5513|Confirm the ADS/cruise source controller is transmitting and check its own active codes|1|Fleet technician|0.0|0.0|0.8|1. Connect a J1939 scan tool and confirm the ADS or cruise-control source controller is present on the bus and broadcasting the expected PGN • 2. Read that controller's own fault codes; an active source-side fault often explains why the command/status is missing or invalid downstream • 3. If the source controller shows no fault and is transmitting normally, proceed to the link and receiving-controller checks
1345|3651|9|Eaton|122|Transmission|Primary automatic drive selector (ADS) signal message not received at the expected rate|hdn_received_ads_cruise_data|SPN 3651 (Primary automatic drive selector (ADS) signal) with FMI 9 (Message not arriving at expected rate) is set by the Transmission when a value from the cruise control or Automated Driving System (ADS) stops arriving at the expected rate or fails validation -- a primary/secondary ADS command, an ADS operation-status report, or a cruise resume/pause command. The Transmission only receives this value over the network rather than generating it directly, so the fault is a link problem until the sending controller's own diagnostics say otherwise: check the ADS/cruise source controller for its own active codes and confirm it is still transmitting before assuming the Transmission itself has failed.|eaton_trts0950|https://productinfo.serviceranger4.com/books/TRTS0950/lang/en-us/section/TS0950FCIndex|Fault Code 122: Primary ADS|TRTS0950 Endurant HD fault code index|5514|Inspect connectors on the source controller and the shared backbone|2|Fleet technician|0.0|20.0|0.5|1. Key off, inspect the ADS/cruise source controller's connector and the nearest backbone/drop-line connector • 2. Check for corrosion, bent pins or a partially seated connector • 3. Clean, reseat, clear codes and retest
1345|3651|9|Eaton|122|Transmission|Primary automatic drive selector (ADS) signal message not received at the expected rate|hdn_received_ads_cruise_data|SPN 3651 (Primary automatic drive selector (ADS) signal) with FMI 9 (Message not arriving at expected rate) is set by the Transmission when a value from the cruise control or Automated Driving System (ADS) stops arriving at the expected rate or fails validation -- a primary/secondary ADS command, an ADS operation-status report, or a cruise resume/pause command. The Transmission only receives this value over the network rather than generating it directly, so the fault is a link problem until the sending controller's own diagnostics say otherwise: check the ADS/cruise source controller for its own active codes and confirm it is still transmitting before assuming the Transmission itself has failed.|eaton_trts0950|https://productinfo.serviceranger4.com/books/TRTS0950/lang/en-us/section/TS0950FCIndex|Fault Code 122: Primary ADS|TRTS0950 Endurant HD fault code index|5515|Reconfigure the receiving controller's expected-source parameters|3|Dealer / specialist|0.0|150.0|1.0|1. Connect the OEM service tool to the receiving controller • 2. Check its expected-source and parameter configuration against the OEM specification for this chassis • 3. Reprogram or update as needed, clear codes, and confirm the value now arrives at the expected rate
1345|3651|9|Eaton|122|Transmission|Primary automatic drive selector (ADS) signal message not received at the expected rate|hdn_received_ads_cruise_data|SPN 3651 (Primary automatic drive selector (ADS) signal) with FMI 9 (Message not arriving at expected rate) is set by the Transmission when a value from the cruise control or Automated Driving System (ADS) stops arriving at the expected rate or fails validation -- a primary/secondary ADS command, an ADS operation-status report, or a cruise resume/pause command. The Transmission only receives this value over the network rather than generating it directly, so the fault is a link problem until the sending controller's own diagnostics say otherwise: check the ADS/cruise source controller for its own active codes and confirm it is still transmitting before assuming the Transmission itself has failed.|eaton_trts0950|https://productinfo.serviceranger4.com/books/TRTS0950/lang/en-us/section/TS0950FCIndex|Fault Code 122: Primary ADS|TRTS0950 Endurant HD fault code index|5516|Verify source controller power/ground and backbone termination|4|Fleet technician|5.0|40.0|1.0|1. Back-probe the source controller's power and ground pins and confirm battery voltage and a clean ground • 2. With the bus powered down, measure 60 ohms across CAN H/CAN L to confirm backbone termination is intact • 3. Repair any open, shorted or corroded wiring found
1387|3656|2|Eaton|144|Transmission|Transmission secondary shift-down selector signal erratic or implausible|hdt_shift_lever_selector|SPN 3656 (Transmission secondary shift-down selector) with FMI 2 (Signal unstable, intermittent or implausible) is set by the Transmission when the shift lever or multiplexed shift-selector device reports an electrical fault, an implausible or erratic signal, or a message that is not arriving at the expected rate.|eaton_trts0950|https://productinfo.serviceranger4.com/books/TRTS0950/lang/en-us/section/TS0950FCIndex|Fault Code 144: Transmission Secondary Shift Down Selector|TRTS0950 Endurant HD fault code index|5697|Inspect and clean the shift selector connector and wiring|1|Fleet technician|0.0|20.0|0.5|1. Key off, disconnect the shift selector connector • 2. Check pins for corrosion and spread terminals • 3. Apply dielectric grease, reconnect and clear codes
1387|3656|2|Eaton|144|Transmission|Transmission secondary shift-down selector signal erratic or implausible|hdt_shift_lever_selector|SPN 3656 (Transmission secondary shift-down selector) with FMI 2 (Signal unstable, intermittent or implausible) is set by the Transmission when the shift lever or multiplexed shift-selector device reports an electrical fault, an implausible or erratic signal, or a message that is not arriving at the expected rate.|eaton_trts0950|https://productinfo.serviceranger4.com/books/TRTS0950/lang/en-us/section/TS0950FCIndex|Fault Code 144: Transmission Secondary Shift Down Selector|TRTS0950 Endurant HD fault code index|5698|Test the shift selector signal circuit and its network wiring for opens/shorts|2|Fleet technician|10.0|80.0|1.0|1. Back-probe the selector signal circuit at the TECU connector • 2. On a multiplexed selector, check the CAN/PWM wiring pair for proper termination and continuity • 3. Repair chafed or open conductors
1387|3656|2|Eaton|144|Transmission|Transmission secondary shift-down selector signal erratic or implausible|hdt_shift_lever_selector|SPN 3656 (Transmission secondary shift-down selector) with FMI 2 (Signal unstable, intermittent or implausible) is set by the Transmission when the shift lever or multiplexed shift-selector device reports an electrical fault, an implausible or erratic signal, or a message that is not arriving at the expected rate.|eaton_trts0950|https://productinfo.serviceranger4.com/books/TRTS0950/lang/en-us/section/TS0950FCIndex|Fault Code 144: Transmission Secondary Shift Down Selector|TRTS0950 Endurant HD fault code index|5699|Replace the shift lever, shift pad or selector module|3|Dealer / specialist|250.0|900.0|1.5|1. Remove the console/dash trim to access the selector • 2. Disconnect and replace the shift lever, pad or selector module • 3. Reinstall, clear codes and verify shift requests in ServiceRanger live data
1387|3656|2|Eaton|144|Transmission|Transmission secondary shift-down selector signal erratic or implausible|hdt_shift_lever_selector|SPN 3656 (Transmission secondary shift-down selector) with FMI 2 (Signal unstable, intermittent or implausible) is set by the Transmission when the shift lever or multiplexed shift-selector device reports an electrical fault, an implausible or erratic signal, or a message that is not arriving at the expected rate.|eaton_trts0950|https://productinfo.serviceranger4.com/books/TRTS0950/lang/en-us/section/TS0950FCIndex|Fault Code 144: Transmission Secondary Shift Down Selector|TRTS0950 Endurant HD fault code index|5700|Verify the shift device message or PWM signal is present and updating at the expected rate|4|Fleet technician|0.0|0.0|0.5|1. Connect ServiceRanger (or a bus analyzer for the J1939 primary shift device) and confirm the shift request message or PWM signal is present and updating • 2. Check the J1939/PWM wiring, termination and the sending module's own status before assuming the selector itself is at fault • 3. Only replace the shift lever, pad or selector module if the link checks out but the request is still missing or invalid
1387|3656|2|Eaton|144|Transmission|Transmission secondary shift-down selector signal erratic or implausible|hdt_shift_lever_selector|SPN 3656 (Transmission secondary shift-down selector) with FMI 2 (Signal unstable, intermittent or implausible) is set by the Transmission when the shift lever or multiplexed shift-selector device reports an electrical fault, an implausible or erratic signal, or a message that is not arriving at the expected rate.|eaton_trts0950|https://productinfo.serviceranger4.com/books/TRTS0950/lang/en-us/section/TS0950FCIndex|Fault Code 144: Transmission Secondary Shift Down Selector|TRTS0950 Endurant HD fault code index|5701|Update the TECU software and verify the configured selector type|5|Dealer / specialist|0.0|150.0|1.0|1. Connect ServiceRanger and check the configured shift-device type against the installed hardware • 2. Correct the configuration if mismatched • 3. Update TECU software if a related bulletin exists, then clear codes
1429|4056|13|Eaton|986|Transmission|Two-speed axle switch stored calibration values are out of range|hdt_two_speed_axle_control|SPN 4056 (Two-speed axle switch) with FMI 13 (Calibration data outside limits) is set by the Transmission when the driver's two-speed axle range switch, routed through the TECU, reads a circuit fault, a calibration issue, or the confirmation status message the TECU reports for it is not arriving at the expected rate.|eaton_trts0960|https://productinfo.serviceranger4.com/books/TRTS0960/lang/en-us/section/TS0960FCIndex|Fault Code 986: Two Speed Axle Switch|TRTS0960 Endurant XD fault code index|5892|Verify the two-speed axle configuration in ServiceRanger and update if needed|1|Dealer / specialist|0.0|150.0|1.0|1. Connect ServiceRanger and check whether the two-speed axle option is enabled in the vehicle configuration • 2. Correct any mismatch • 3. Update TECU software if a related bulletin exists
1429|4056|13|Eaton|986|Transmission|Two-speed axle switch stored calibration values are out of range|hdt_two_speed_axle_control|SPN 4056 (Two-speed axle switch) with FMI 13 (Calibration data outside limits) is set by the Transmission when the driver's two-speed axle range switch, routed through the TECU, reads a circuit fault, a calibration issue, or the confirmation status message the TECU reports for it is not arriving at the expected rate.|eaton_trts0960|https://productinfo.serviceranger4.com/books/TRTS0960/lang/en-us/section/TS0960FCIndex|Fault Code 986: Two Speed Axle Switch|TRTS0960 Endurant XD fault code index|5893|Replace the two-speed axle switch|2|Fleet technician|30.0|120.0|0.8|1. Remove the dash/console trim to access the switch • 2. Disconnect and replace the switch • 3. Reinstall, clear codes and verify operation in ServiceRanger live data
1429|4056|13|Eaton|986|Transmission|Two-speed axle switch stored calibration values are out of range|hdt_two_speed_axle_control|SPN 4056 (Two-speed axle switch) with FMI 13 (Calibration data outside limits) is set by the Transmission when the driver's two-speed axle range switch, routed through the TECU, reads a circuit fault, a calibration issue, or the confirmation status message the TECU reports for it is not arriving at the expected rate.|eaton_trts0960|https://productinfo.serviceranger4.com/books/TRTS0960/lang/en-us/section/TS0960FCIndex|Fault Code 986: Two Speed Axle Switch|TRTS0960 Endurant XD fault code index|5894|Inspect and clean the two-speed axle switch connector|3|Fleet technician|0.0|20.0|0.5|1. Key off, disconnect the switch connector • 2. Check pins for corrosion and spread terminals • 3. Apply dielectric grease, reconnect and clear codes
1429|4056|13|Eaton|986|Transmission|Two-speed axle switch stored calibration values are out of range|hdt_two_speed_axle_control|SPN 4056 (Two-speed axle switch) with FMI 13 (Calibration data outside limits) is set by the Transmission when the driver's two-speed axle range switch, routed through the TECU, reads a circuit fault, a calibration issue, or the confirmation status message the TECU reports for it is not arriving at the expected rate.|eaton_trts0960|https://productinfo.serviceranger4.com/books/TRTS0960/lang/en-us/section/TS0960FCIndex|Fault Code 986: Two Speed Axle Switch|TRTS0960 Endurant XD fault code index|5895|Test the switch signal circuit for a short to ground|4|Fleet technician|5.0|60.0|1.0|1. Back-probe the switch signal circuit at the TECU connector • 2. Operate the switch through its positions while monitoring the signal • 3. Repair chafed wiring or replace a contact that does not toggle cleanly
1429|4056|13|Eaton|986|Transmission|Two-speed axle switch stored calibration values are out of range|hdt_two_speed_axle_control|SPN 4056 (Two-speed axle switch) with FMI 13 (Calibration data outside limits) is set by the Transmission when the driver's two-speed axle range switch, routed through the TECU, reads a circuit fault, a calibration issue, or the confirmation status message the TECU reports for it is not arriving at the expected rate.|eaton_trts0960|https://productinfo.serviceranger4.com/books/TRTS0960/lang/en-us/section/TS0960FCIndex|Fault Code 986: Two Speed Axle Switch|TRTS0960 Endurant XD fault code index|5896|Verify the two-speed axle status message is present and updating at the expected rate|5|Fleet technician|0.0|0.0|0.5|1. Connect ServiceRanger and confirm the two-speed axle status message is present and updating at the expected rate • 2. Check the switch circuit's network wiring and termination before assuming a hardware fault • 3. Only replace the switch if the message stays absent or corrupted after the wiring check
1471|4218|9|Eaton|255|Transmission|Shift rail A position sensor message not received at the expected rate|hdt_rail_position_sensor|SPN 4218 (Shift rail A position sensor) with FMI 9 (Message not arriving at expected rate) is set by the Transmission when a shift rail position sensor reads out of range, erratic, drifting, or an open/shorted circuit, so the TECU cannot confirm which rail position (gear) is actually selected.|eaton_trts0960|https://productinfo.serviceranger4.com/books/TRTS0960/lang/en-us/section/TS0960FCIndex|Fault Code 255: Rail A Position|TRTS0960 Endurant XD fault code index|6063|Inspect and clean the rail position sensor connector|1|Fleet technician|0.0|20.0|0.5|1. Key off, disconnect the sensor connector • 2. Check pins for corrosion and spread terminals • 3. Apply dielectric grease, reconnect and clear codes
1471|4218|9|Eaton|255|Transmission|Shift rail A position sensor message not received at the expected rate|hdt_rail_position_sensor|SPN 4218 (Shift rail A position sensor) with FMI 9 (Message not arriving at expected rate) is set by the Transmission when a shift rail position sensor reads out of range, erratic, drifting, or an open/shorted circuit, so the TECU cannot confirm which rail position (gear) is actually selected.|eaton_trts0960|https://productinfo.serviceranger4.com/books/TRTS0960/lang/en-us/section/TS0960FCIndex|Fault Code 255: Rail A Position|TRTS0960 Endurant XD fault code index|6064|Replace the rail position sensor|2|Fleet technician|60.0|200.0|1.0|1. Remove the cover over the affected rail • 2. Remove and replace the position sensor, following Eaton's air-gap or torque spec • 3. Reinstall the cover, clear codes and verify live data
1471|4218|9|Eaton|255|Transmission|Shift rail A position sensor message not received at the expected rate|hdt_rail_position_sensor|SPN 4218 (Shift rail A position sensor) with FMI 9 (Message not arriving at expected rate) is set by the Transmission when a shift rail position sensor reads out of range, erratic, drifting, or an open/shorted circuit, so the TECU cannot confirm which rail position (gear) is actually selected.|eaton_trts0960|https://productinfo.serviceranger4.com/books/TRTS0960/lang/en-us/section/TS0960FCIndex|Fault Code 255: Rail A Position|TRTS0960 Endurant XD fault code index|6065|Test the position sensor signal and return circuits|3|Fleet technician|5.0|60.0|1.0|1. Back-probe the signal and return pins at the TECU connector • 2. Check for reference voltage and continuity to the sensor • 3. Repair chafed or open conductors
1471|4218|9|Eaton|255|Transmission|Shift rail A position sensor message not received at the expected rate|hdt_rail_position_sensor|SPN 4218 (Shift rail A position sensor) with FMI 9 (Message not arriving at expected rate) is set by the Transmission when a shift rail position sensor reads out of range, erratic, drifting, or an open/shorted circuit, so the TECU cannot confirm which rail position (gear) is actually selected.|eaton_trts0960|https://productinfo.serviceranger4.com/books/TRTS0960/lang/en-us/section/TS0960FCIndex|Fault Code 255: Rail A Position|TRTS0960 Endurant XD fault code index|6066|Inspect the shift fork, rail and synchronizer for wear or binding|4|Dealer / specialist|300.0|2000.0|3.0|1. Remove the housing cover for the affected rail • 2. Check the shift fork, rail bore and synchronizer for wear, scoring or binding • 3. Repair or replace worn components and re-verify rail travel
1513|4219|20|Eaton|275|Transmission|Shift rail B position sensor value drifting upward over time|hdt_rail_position_sensor|SPN 4219 (Shift rail B position sensor) with FMI 20 (Value has drifted upward over time) is set by the Transmission when a shift rail position sensor reads out of range, erratic, drifting, or an open/shorted circuit, so the TECU cannot confirm which rail position (gear) is actually selected.|eaton_trts0960|https://productinfo.serviceranger4.com/books/TRTS0960/lang/en-us/section/TS0960FCIndex|Fault Code 275: Rail B Position|TRTS0960 Endurant XD fault code index|6231|Replace the rail position sensor|1|Fleet technician|60.0|200.0|1.0|1. Remove the cover over the affected rail • 2. Remove and replace the position sensor, following Eaton's air-gap or torque spec • 3. Reinstall the cover, clear codes and verify live data
1513|4219|20|Eaton|275|Transmission|Shift rail B position sensor value drifting upward over time|hdt_rail_position_sensor|SPN 4219 (Shift rail B position sensor) with FMI 20 (Value has drifted upward over time) is set by the Transmission when a shift rail position sensor reads out of range, erratic, drifting, or an open/shorted circuit, so the TECU cannot confirm which rail position (gear) is actually selected.|eaton_trts0960|https://productinfo.serviceranger4.com/books/TRTS0960/lang/en-us/section/TS0960FCIndex|Fault Code 275: Rail B Position|TRTS0960 Endurant XD fault code index|6232|Inspect the shift fork, rail and synchronizer for wear or binding|2|Dealer / specialist|300.0|2000.0|3.0|1. Remove the housing cover for the affected rail • 2. Check the shift fork, rail bore and synchronizer for wear, scoring or binding • 3. Repair or replace worn components and re-verify rail travel
1513|4219|20|Eaton|275|Transmission|Shift rail B position sensor value drifting upward over time|hdt_rail_position_sensor|SPN 4219 (Shift rail B position sensor) with FMI 20 (Value has drifted upward over time) is set by the Transmission when a shift rail position sensor reads out of range, erratic, drifting, or an open/shorted circuit, so the TECU cannot confirm which rail position (gear) is actually selected.|eaton_trts0960|https://productinfo.serviceranger4.com/books/TRTS0960/lang/en-us/section/TS0960FCIndex|Fault Code 275: Rail B Position|TRTS0960 Endurant XD fault code index|6233|Inspect and clean the rail position sensor connector|3|Fleet technician|0.0|20.0|0.5|1. Key off, disconnect the sensor connector • 2. Check pins for corrosion and spread terminals • 3. Apply dielectric grease, reconnect and clear codes
1513|4219|20|Eaton|275|Transmission|Shift rail B position sensor value drifting upward over time|hdt_rail_position_sensor|SPN 4219 (Shift rail B position sensor) with FMI 20 (Value has drifted upward over time) is set by the Transmission when a shift rail position sensor reads out of range, erratic, drifting, or an open/shorted circuit, so the TECU cannot confirm which rail position (gear) is actually selected.|eaton_trts0960|https://productinfo.serviceranger4.com/books/TRTS0960/lang/en-us/section/TS0960FCIndex|Fault Code 275: Rail B Position|TRTS0960 Endurant XD fault code index|6234|Test the position sensor signal and return circuits|4|Fleet technician|5.0|60.0|1.0|1. Back-probe the signal and return pins at the TECU connector • 2. Check for reference voltage and continuity to the sensor • 3. Repair chafed or open conductors
1555|4220|21|Eaton|295|Transmission|Shift rail C position sensor value drifting downward over time|hdt_rail_position_sensor|SPN 4220 (Shift rail C position sensor) with FMI 21 (Value has drifted downward over time) is set by the Transmission when a shift rail position sensor reads out of range, erratic, drifting, or an open/shorted circuit, so the TECU cannot confirm which rail position (gear) is actually selected.|eaton_trts0960|https://productinfo.serviceranger4.com/books/TRTS0960/lang/en-us/section/TS0960FCIndex|Fault Code 295: Rail C Position|TRTS0960 Endurant XD fault code index|6399|Replace the rail position sensor|1|Fleet technician|60.0|200.0|1.0|1. Remove the cover over the affected rail • 2. Remove and replace the position sensor, following Eaton's air-gap or torque spec • 3. Reinstall the cover, clear codes and verify live data
1555|4220|21|Eaton|295|Transmission|Shift rail C position sensor value drifting downward over time|hdt_rail_position_sensor|SPN 4220 (Shift rail C position sensor) with FMI 21 (Value has drifted downward over time) is set by the Transmission when a shift rail position sensor reads out of range, erratic, drifting, or an open/shorted circuit, so the TECU cannot confirm which rail position (gear) is actually selected.|eaton_trts0960|https://productinfo.serviceranger4.com/books/TRTS0960/lang/en-us/section/TS0960FCIndex|Fault Code 295: Rail C Position|TRTS0960 Endurant XD fault code index|6400|Inspect the shift fork, rail and synchronizer for wear or binding|2|Dealer / specialist|300.0|2000.0|3.0|1. Remove the housing cover for the affected rail • 2. Check the shift fork, rail bore and synchronizer for wear, scoring or binding • 3. Repair or replace worn components and re-verify rail travel
1555|4220|21|Eaton|295|Transmission|Shift rail C position sensor value drifting downward over time|hdt_rail_position_sensor|SPN 4220 (Shift rail C position sensor) with FMI 21 (Value has drifted downward over time) is set by the Transmission when a shift rail position sensor reads out of range, erratic, drifting, or an open/shorted circuit, so the TECU cannot confirm which rail position (gear) is actually selected.|eaton_trts0960|https://productinfo.serviceranger4.com/books/TRTS0960/lang/en-us/section/TS0960FCIndex|Fault Code 295: Rail C Position|TRTS0960 Endurant XD fault code index|6401|Inspect and clean the rail position sensor connector|3|Fleet technician|0.0|20.0|0.5|1. Key off, disconnect the sensor connector • 2. Check pins for corrosion and spread terminals • 3. Apply dielectric grease, reconnect and clear codes
1555|4220|21|Eaton|295|Transmission|Shift rail C position sensor value drifting downward over time|hdt_rail_position_sensor|SPN 4220 (Shift rail C position sensor) with FMI 21 (Value has drifted downward over time) is set by the Transmission when a shift rail position sensor reads out of range, erratic, drifting, or an open/shorted circuit, so the TECU cannot confirm which rail position (gear) is actually selected.|eaton_trts0960|https://productinfo.serviceranger4.com/books/TRTS0960/lang/en-us/section/TS0960FCIndex|Fault Code 295: Rail C Position|TRTS0960 Endurant XD fault code index|6402|Test the position sensor signal and return circuits|4|Fleet technician|5.0|60.0|1.0|1. Back-probe the signal and return pins at the TECU connector • 2. Check for reference voltage and continuity to the sensor • 3. Repair chafed or open conductors
1597|5614|10|Eaton|511|Transmission|Clutch engage solenoid 1 drive current's rate of change outside plausible limits|hdt_clutch_engage_release_solenoid|SPN 5614 (Clutch engage solenoid 1) with FMI 10 (Value changing implausibly fast or slow) is set by the Transmission when one of the clutch engage or release solenoids reads an open circuit, a short to power or ground, an out-of-range coil resistance, or fails to respond at the commanded frequency. These solenoids meter shop air to the clutch actuator, so an electrical fault here directly stops clutch engagement or release.|eaton_trts0960|https://productinfo.serviceranger4.com/books/TRTS0960/lang/en-us/section/TS0960FCIndex|Fault Code 511: Clutch Engage Solenoid 1 (C4) – Coarse Vent|TRTS0960 Endurant XD fault code index|6567|Replace the faulty clutch engage/release solenoid|1|Dealer / specialist|150.0|450.0|1.5|1. Tag and disconnect the air line and wiring from the faulty solenoid • 2. Remove and replace the solenoid, matching the correct engage or release position • 3. Reconnect, leak-check the air fitting and clear codes
1597|5614|10|Eaton|511|Transmission|Clutch engage solenoid 1 drive current's rate of change outside plausible limits|hdt_clutch_engage_release_solenoid|SPN 5614 (Clutch engage solenoid 1) with FMI 10 (Value changing implausibly fast or slow) is set by the Transmission when one of the clutch engage or release solenoids reads an open circuit, a short to power or ground, an out-of-range coil resistance, or fails to respond at the commanded frequency. These solenoids meter shop air to the clutch actuator, so an electrical fault here directly stops clutch engagement or release.|eaton_trts0960|https://productinfo.serviceranger4.com/books/TRTS0960/lang/en-us/section/TS0960FCIndex|Fault Code 511: Clutch Engage Solenoid 1 (C4) – Coarse Vent|TRTS0960 Endurant XD fault code index|6568|Check the air supply pressure and filter screen feeding the solenoid|2|Fleet technician|20.0|150.0|1.0|1. Verify supply air is at or above 100 psi at the actuator air pack • 2. Inspect and clean or replace the inline filter screen • 3. Re-test solenoid response
1597|5614|10|Eaton|511|Transmission|Clutch engage solenoid 1 drive current's rate of change outside plausible limits|hdt_clutch_engage_release_solenoid|SPN 5614 (Clutch engage solenoid 1) with FMI 10 (Value changing implausibly fast or slow) is set by the Transmission when one of the clutch engage or release solenoids reads an open circuit, a short to power or ground, an out-of-range coil resistance, or fails to respond at the commanded frequency. These solenoids meter shop air to the clutch actuator, so an electrical fault here directly stops clutch engagement or release.|eaton_trts0960|https://productinfo.serviceranger4.com/books/TRTS0960/lang/en-us/section/TS0960FCIndex|Fault Code 511: Clutch Engage Solenoid 1 (C4) – Coarse Vent|TRTS0960 Endurant XD fault code index|6569|Inspect and clean the solenoid connector and terminals|3|Fleet technician|0.0|20.0|0.5|1. Key off, disconnect the solenoid connector • 2. Check pins for corrosion and spread terminals • 3. Apply dielectric grease, reconnect and clear codes
1597|5614|10|Eaton|511|Transmission|Clutch engage solenoid 1 drive current's rate of change outside plausible limits|hdt_clutch_engage_release_solenoid|SPN 5614 (Clutch engage solenoid 1) with FMI 10 (Value changing implausibly fast or slow) is set by the Transmission when one of the clutch engage or release solenoids reads an open circuit, a short to power or ground, an out-of-range coil resistance, or fails to respond at the commanded frequency. These solenoids meter shop air to the clutch actuator, so an electrical fault here directly stops clutch engagement or release.|eaton_trts0960|https://productinfo.serviceranger4.com/books/TRTS0960/lang/en-us/section/TS0960FCIndex|Fault Code 511: Clutch Engage Solenoid 1 (C4) – Coarse Vent|TRTS0960 Endurant XD fault code index|6570|Measure solenoid coil resistance and test the drive circuit|4|Fleet technician|5.0|60.0|1.0|1. Measure coil resistance against the Eaton spec with the connector disconnected • 2. Back-probe the drive circuit for opens or shorts to power/ground • 3. Repair chafed wiring or a failed TECU driver
1639|5616|7|Eaton|513|Transmission|Clutch release solenoid 1 not moving to the commanded position|hdt_clutch_engage_release_solenoid|SPN 5616 (Clutch release solenoid 1) with FMI 7 (Mechanical part not reacting or misadjusted) is set by the Transmission when one of the clutch engage or release solenoids reads an open circuit, a short to power or ground, an out-of-range coil resistance, or fails to respond at the commanded frequency. These solenoids meter shop air to the clutch actuator, so an electrical fault here directly stops clutch engagement or release.|eaton_trts0960|https://productinfo.serviceranger4.com/books/TRTS0960/lang/en-us/section/TS0960FCIndex|Fault Code 513: Clutch Release Solenoid 1 (C5) – Coarse Fill|TRTS0960 Endurant XD fault code index|6735|Check the air supply pressure and filter screen feeding the solenoid|1|Fleet technician|20.0|150.0|1.0|1. Verify supply air is at or above 100 psi at the actuator air pack • 2. Inspect and clean or replace the inline filter screen • 3. Re-test solenoid response
1639|5616|7|Eaton|513|Transmission|Clutch release solenoid 1 not moving to the commanded position|hdt_clutch_engage_release_solenoid|SPN 5616 (Clutch release solenoid 1) with FMI 7 (Mechanical part not reacting or misadjusted) is set by the Transmission when one of the clutch engage or release solenoids reads an open circuit, a short to power or ground, an out-of-range coil resistance, or fails to respond at the commanded frequency. These solenoids meter shop air to the clutch actuator, so an electrical fault here directly stops clutch engagement or release.|eaton_trts0960|https://productinfo.serviceranger4.com/books/TRTS0960/lang/en-us/section/TS0960FCIndex|Fault Code 513: Clutch Release Solenoid 1 (C5) – Coarse Fill|TRTS0960 Endurant XD fault code index|6736|Replace the faulty clutch engage/release solenoid|2|Dealer / specialist|150.0|450.0|1.5|1. Tag and disconnect the air line and wiring from the faulty solenoid • 2. Remove and replace the solenoid, matching the correct engage or release position • 3. Reconnect, leak-check the air fitting and clear codes
1639|5616|7|Eaton|513|Transmission|Clutch release solenoid 1 not moving to the commanded position|hdt_clutch_engage_release_solenoid|SPN 5616 (Clutch release solenoid 1) with FMI 7 (Mechanical part not reacting or misadjusted) is set by the Transmission when one of the clutch engage or release solenoids reads an open circuit, a short to power or ground, an out-of-range coil resistance, or fails to respond at the commanded frequency. These solenoids meter shop air to the clutch actuator, so an electrical fault here directly stops clutch engagement or release.|eaton_trts0960|https://productinfo.serviceranger4.com/books/TRTS0960/lang/en-us/section/TS0960FCIndex|Fault Code 513: Clutch Release Solenoid 1 (C5) – Coarse Fill|TRTS0960 Endurant XD fault code index|6737|Inspect and clean the solenoid connector and terminals|3|Fleet technician|0.0|20.0|0.5|1. Key off, disconnect the solenoid connector • 2. Check pins for corrosion and spread terminals • 3. Apply dielectric grease, reconnect and clear codes
1639|5616|7|Eaton|513|Transmission|Clutch release solenoid 1 not moving to the commanded position|hdt_clutch_engage_release_solenoid|SPN 5616 (Clutch release solenoid 1) with FMI 7 (Mechanical part not reacting or misadjusted) is set by the Transmission when one of the clutch engage or release solenoids reads an open circuit, a short to power or ground, an out-of-range coil resistance, or fails to respond at the commanded frequency. These solenoids meter shop air to the clutch actuator, so an electrical fault here directly stops clutch engagement or release.|eaton_trts0960|https://productinfo.serviceranger4.com/books/TRTS0960/lang/en-us/section/TS0960FCIndex|Fault Code 513: Clutch Release Solenoid 1 (C5) – Coarse Fill|TRTS0960 Endurant XD fault code index|6738|Measure solenoid coil resistance and test the drive circuit|4|Fleet technician|5.0|60.0|1.0|1. Measure coil resistance against the Eaton spec with the connector disconnected • 2. Back-probe the drive circuit for opens or shorts to power/ground • 3. Repair chafed wiring or a failed TECU driver
1681|5900|16|Eaton|576|Transmission|Shift rail A, fore solenoid circuit current moderately above the normal range|hdt_rail_select_solenoid|SPN 5900 (Shift rail A, fore solenoid) with FMI 16 (Moderately above normal range) is set by the Transmission when one of the X-Y shift rail fore/aft solenoids reads an electrical fault (open, short, out-of-range) or fails to move the rail as commanded, preventing the TECU from selecting or confirming the requested gear.|eaton_trts0960|https://productinfo.serviceranger4.com/books/TRTS0960/lang/en-us/section/TS0960FCIndex|Fault Code 576: Rail A Fore Solenoid (A3)|TRTS0960 Endurant XD fault code index|6903|Check supply air pressure and inspect the rail for mechanical binding|1|Fleet technician|20.0|150.0|1.5|1. Verify supply air is at or above 100 psi at the shifter air pack • 2. Cycle the rail by hand (transmission in neutral, air removed) and check for binding or debris • 3. Clean or repair as needed
1681|5900|16|Eaton|576|Transmission|Shift rail A, fore solenoid circuit current moderately above the normal range|hdt_rail_select_solenoid|SPN 5900 (Shift rail A, fore solenoid) with FMI 16 (Moderately above normal range) is set by the Transmission when one of the X-Y shift rail fore/aft solenoids reads an electrical fault (open, short, out-of-range) or fails to move the rail as commanded, preventing the TECU from selecting or confirming the requested gear.|eaton_trts0960|https://productinfo.serviceranger4.com/books/TRTS0960/lang/en-us/section/TS0960FCIndex|Fault Code 576: Rail A Fore Solenoid (A3)|TRTS0960 Endurant XD fault code index|6904|Replace the faulty X-Y shift rail solenoid or shifter module|2|Dealer / specialist|1200.0|2500.0|3.0|1. Tag and disconnect air lines and wiring from the shifter/solenoid assembly • 2. Remove and replace the faulty solenoid or the full XY shifter module • 3. Reconnect, leak-check fittings, clear codes and run the rail calibration
1681|5900|16|Eaton|576|Transmission|Shift rail A, fore solenoid circuit current moderately above the normal range|hdt_rail_select_solenoid|SPN 5900 (Shift rail A, fore solenoid) with FMI 16 (Moderately above normal range) is set by the Transmission when one of the X-Y shift rail fore/aft solenoids reads an electrical fault (open, short, out-of-range) or fails to move the rail as commanded, preventing the TECU from selecting or confirming the requested gear.|eaton_trts0960|https://productinfo.serviceranger4.com/books/TRTS0960/lang/en-us/section/TS0960FCIndex|Fault Code 576: Rail A Fore Solenoid (A3)|TRTS0960 Endurant XD fault code index|6905|Inspect and clean the rail solenoid connector|3|Fleet technician|0.0|20.0|0.5|1. Key off, disconnect the rail solenoid connector • 2. Check pins for corrosion and spread terminals • 3. Apply dielectric grease, reconnect and clear codes
1681|5900|16|Eaton|576|Transmission|Shift rail A, fore solenoid circuit current moderately above the normal range|hdt_rail_select_solenoid|SPN 5900 (Shift rail A, fore solenoid) with FMI 16 (Moderately above normal range) is set by the Transmission when one of the X-Y shift rail fore/aft solenoids reads an electrical fault (open, short, out-of-range) or fails to move the rail as commanded, preventing the TECU from selecting or confirming the requested gear.|eaton_trts0960|https://productinfo.serviceranger4.com/books/TRTS0960/lang/en-us/section/TS0960FCIndex|Fault Code 576: Rail A Fore Solenoid (A3)|TRTS0960 Endurant XD fault code index|6906|Test the rail solenoid coil and drive circuit|4|Fleet technician|5.0|60.0|1.0|1. Measure coil resistance against spec with the connector disconnected • 2. Back-probe the drive circuit for opens or shorts to power/ground • 3. Repair chafed wiring or a failed TECU driver
1723|5902|7|Eaton|616|Transmission|Shift rail C, fore solenoid not moving to the commanded position|hdt_rail_select_solenoid|SPN 5902 (Shift rail C, fore solenoid) with FMI 7 (Mechanical part not reacting or misadjusted) is set by the Transmission when one of the X-Y shift rail fore/aft solenoids reads an electrical fault (open, short, out-of-range) or fails to move the rail as commanded, preventing the TECU from selecting or confirming the requested gear.|eaton_trts0950|https://productinfo.serviceranger4.com/books/TRTS0950/lang/en-us/section/TS0950FCIndex|Fault Code 616: Rail C Fore Solenoid (C1)|TRTS0950 Endurant HD fault code index|7071|Check supply air pressure and inspect the rail for mechanical binding|1|Fleet technician|20.0|150.0|1.5|1. Verify supply air is at or above 100 psi at the shifter air pack • 2. Cycle the rail by hand (transmission in neutral, air removed) and check for binding or debris • 3. Clean or repair as needed
1723|5902|7|Eaton|616|Transmission|Shift rail C, fore solenoid not moving to the commanded position|hdt_rail_select_solenoid|SPN 5902 (Shift rail C, fore solenoid) with FMI 7 (Mechanical part not reacting or misadjusted) is set by the Transmission when one of the X-Y shift rail fore/aft solenoids reads an electrical fault (open, short, out-of-range) or fails to move the rail as commanded, preventing the TECU from selecting or confirming the requested gear.|eaton_trts0950|https://productinfo.serviceranger4.com/books/TRTS0950/lang/en-us/section/TS0950FCIndex|Fault Code 616: Rail C Fore Solenoid (C1)|TRTS0950 Endurant HD fault code index|7072|Replace the faulty X-Y shift rail solenoid or shifter module|2|Dealer / specialist|1200.0|2500.0|3.0|1. Tag and disconnect air lines and wiring from the shifter/solenoid assembly • 2. Remove and replace the faulty solenoid or the full XY shifter module • 3. Reconnect, leak-check fittings, clear codes and run the rail calibration
1723|5902|7|Eaton|616|Transmission|Shift rail C, fore solenoid not moving to the commanded position|hdt_rail_select_solenoid|SPN 5902 (Shift rail C, fore solenoid) with FMI 7 (Mechanical part not reacting or misadjusted) is set by the Transmission when one of the X-Y shift rail fore/aft solenoids reads an electrical fault (open, short, out-of-range) or fails to move the rail as commanded, preventing the TECU from selecting or confirming the requested gear.|eaton_trts0950|https://productinfo.serviceranger4.com/books/TRTS0950/lang/en-us/section/TS0950FCIndex|Fault Code 616: Rail C Fore Solenoid (C1)|TRTS0950 Endurant HD fault code index|7073|Inspect and clean the rail solenoid connector|3|Fleet technician|0.0|20.0|0.5|1. Key off, disconnect the rail solenoid connector • 2. Check pins for corrosion and spread terminals • 3. Apply dielectric grease, reconnect and clear codes
1723|5902|7|Eaton|616|Transmission|Shift rail C, fore solenoid not moving to the commanded position|hdt_rail_select_solenoid|SPN 5902 (Shift rail C, fore solenoid) with FMI 7 (Mechanical part not reacting or misadjusted) is set by the Transmission when one of the X-Y shift rail fore/aft solenoids reads an electrical fault (open, short, out-of-range) or fails to move the rail as commanded, preventing the TECU from selecting or confirming the requested gear.|eaton_trts0950|https://productinfo.serviceranger4.com/books/TRTS0950/lang/en-us/section/TS0950FCIndex|Fault Code 616: Rail C Fore Solenoid (C1)|TRTS0950 Endurant HD fault code index|7074|Test the rail solenoid coil and drive circuit|4|Fleet technician|5.0|60.0|1.0|1. Measure coil resistance against spec with the connector disconnected • 2. Back-probe the drive circuit for opens or shorts to power/ground • 3. Repair chafed wiring or a failed TECU driver
1765|5903|17|Eaton|636|Transmission|Shift rail D, fore solenoid circuit current slightly below the normal range|hdt_rail_select_solenoid|SPN 5903 (Shift rail D, fore solenoid) with FMI 17 (Slightly below normal range) is set by the Transmission when one of the X-Y shift rail fore/aft solenoids reads an electrical fault (open, short, out-of-range) or fails to move the rail as commanded, preventing the TECU from selecting or confirming the requested gear.|eaton_trts0950|https://productinfo.serviceranger4.com/books/TRTS0950/lang/en-us/section/TS0950FCIndex|Fault Code 636: Rail D Fore Solenoid (C2)|TRTS0950 Endurant HD fault code index|7239|Check supply air pressure and inspect the rail for mechanical binding|1|Fleet technician|20.0|150.0|1.5|1. Verify supply air is at or above 100 psi at the shifter air pack • 2. Cycle the rail by hand (transmission in neutral, air removed) and check for binding or debris • 3. Clean or repair as needed
1765|5903|17|Eaton|636|Transmission|Shift rail D, fore solenoid circuit current slightly below the normal range|hdt_rail_select_solenoid|SPN 5903 (Shift rail D, fore solenoid) with FMI 17 (Slightly below normal range) is set by the Transmission when one of the X-Y shift rail fore/aft solenoids reads an electrical fault (open, short, out-of-range) or fails to move the rail as commanded, preventing the TECU from selecting or confirming the requested gear.|eaton_trts0950|https://productinfo.serviceranger4.com/books/TRTS0950/lang/en-us/section/TS0950FCIndex|Fault Code 636: Rail D Fore Solenoid (C2)|TRTS0950 Endurant HD fault code index|7240|Replace the faulty X-Y shift rail solenoid or shifter module|2|Dealer / specialist|1200.0|2500.0|3.0|1. Tag and disconnect air lines and wiring from the shifter/solenoid assembly • 2. Remove and replace the faulty solenoid or the full XY shifter module • 3. Reconnect, leak-check fittings, clear codes and run the rail calibration
1765|5903|17|Eaton|636|Transmission|Shift rail D, fore solenoid circuit current slightly below the normal range|hdt_rail_select_solenoid|SPN 5903 (Shift rail D, fore solenoid) with FMI 17 (Slightly below normal range) is set by the Transmission when one of the X-Y shift rail fore/aft solenoids reads an electrical fault (open, short, out-of-range) or fails to move the rail as commanded, preventing the TECU from selecting or confirming the requested gear.|eaton_trts0950|https://productinfo.serviceranger4.com/books/TRTS0950/lang/en-us/section/TS0950FCIndex|Fault Code 636: Rail D Fore Solenoid (C2)|TRTS0950 Endurant HD fault code index|7241|Inspect and clean the rail solenoid connector|3|Fleet technician|0.0|20.0|0.5|1. Key off, disconnect the rail solenoid connector • 2. Check pins for corrosion and spread terminals • 3. Apply dielectric grease, reconnect and clear codes
1765|5903|17|Eaton|636|Transmission|Shift rail D, fore solenoid circuit current slightly below the normal range|hdt_rail_select_solenoid|SPN 5903 (Shift rail D, fore solenoid) with FMI 17 (Slightly below normal range) is set by the Transmission when one of the X-Y shift rail fore/aft solenoids reads an electrical fault (open, short, out-of-range) or fails to move the rail as commanded, preventing the TECU from selecting or confirming the requested gear.|eaton_trts0950|https://productinfo.serviceranger4.com/books/TRTS0950/lang/en-us/section/TS0950FCIndex|Fault Code 636: Rail D Fore Solenoid (C2)|TRTS0950 Endurant HD fault code index|7242|Test the rail solenoid coil and drive circuit|4|Fleet technician|5.0|60.0|1.0|1. Measure coil resistance against spec with the connector disconnected • 2. Back-probe the drive circuit for opens or shorts to power/ground • 3. Repair chafed wiring or a failed TECU driver
1807|5909|31|Eaton|597|Transmission|Shift rail B, aft solenoid logged with no further diagnostic detail available|hdt_rail_select_solenoid|SPN 5909 (Shift rail B, aft solenoid) with FMI 31 (Fault present; no further detail) is set by the Transmission when one of the X-Y shift rail fore/aft solenoids reads an electrical fault (open, short, out-of-range) or fails to move the rail as commanded, preventing the TECU from selecting or confirming the requested gear.|eaton_trts0960|https://productinfo.serviceranger4.com/books/TRTS0960/lang/en-us/section/TS0960FCIndex|Fault Code 597: Rail B Aft Solenoid (A1)|TRTS0960 Endurant XD fault code index|7407|Check supply air pressure and inspect the rail for mechanical binding|1|Fleet technician|20.0|150.0|1.5|1. Verify supply air is at or above 100 psi at the shifter air pack • 2. Cycle the rail by hand (transmission in neutral, air removed) and check for binding or debris • 3. Clean or repair as needed
1807|5909|31|Eaton|597|Transmission|Shift rail B, aft solenoid logged with no further diagnostic detail available|hdt_rail_select_solenoid|SPN 5909 (Shift rail B, aft solenoid) with FMI 31 (Fault present; no further detail) is set by the Transmission when one of the X-Y shift rail fore/aft solenoids reads an electrical fault (open, short, out-of-range) or fails to move the rail as commanded, preventing the TECU from selecting or confirming the requested gear.|eaton_trts0960|https://productinfo.serviceranger4.com/books/TRTS0960/lang/en-us/section/TS0960FCIndex|Fault Code 597: Rail B Aft Solenoid (A1)|TRTS0960 Endurant XD fault code index|7408|Replace the faulty X-Y shift rail solenoid or shifter module|2|Dealer / specialist|1200.0|2500.0|3.0|1. Tag and disconnect air lines and wiring from the shifter/solenoid assembly • 2. Remove and replace the faulty solenoid or the full XY shifter module • 3. Reconnect, leak-check fittings, clear codes and run the rail calibration
1807|5909|31|Eaton|597|Transmission|Shift rail B, aft solenoid logged with no further diagnostic detail available|hdt_rail_select_solenoid|SPN 5909 (Shift rail B, aft solenoid) with FMI 31 (Fault present; no further detail) is set by the Transmission when one of the X-Y shift rail fore/aft solenoids reads an electrical fault (open, short, out-of-range) or fails to move the rail as commanded, preventing the TECU from selecting or confirming the requested gear.|eaton_trts0960|https://productinfo.serviceranger4.com/books/TRTS0960/lang/en-us/section/TS0960FCIndex|Fault Code 597: Rail B Aft Solenoid (A1)|TRTS0960 Endurant XD fault code index|7409|Inspect and clean the rail solenoid connector|3|Fleet technician|0.0|20.0|0.5|1. Key off, disconnect the rail solenoid connector • 2. Check pins for corrosion and spread terminals • 3. Apply dielectric grease, reconnect and clear codes
1807|5909|31|Eaton|597|Transmission|Shift rail B, aft solenoid logged with no further diagnostic detail available|hdt_rail_select_solenoid|SPN 5909 (Shift rail B, aft solenoid) with FMI 31 (Fault present; no further detail) is set by the Transmission when one of the X-Y shift rail fore/aft solenoids reads an electrical fault (open, short, out-of-range) or fails to move the rail as commanded, preventing the TECU from selecting or confirming the requested gear.|eaton_trts0960|https://productinfo.serviceranger4.com/books/TRTS0960/lang/en-us/section/TS0960FCIndex|Fault Code 597: Rail B Aft Solenoid (A1)|TRTS0960 Endurant XD fault code index|7410|Test the rail solenoid coil and drive circuit|4|Fleet technician|5.0|60.0|1.0|1. Measure coil resistance against spec with the connector disconnected • 2. Back-probe the drive circuit for opens or shorts to power/ground • 3. Repair chafed wiring or a failed TECU driver
1849|5941|2|Eaton|315|Transmission|Shift rail D position sensor signal erratic or implausible|hdt_rail_position_sensor|SPN 5941 (Shift rail D position sensor) with FMI 2 (Signal unstable, intermittent or implausible) is set by the Transmission when a shift rail position sensor reads out of range, erratic, drifting, or an open/shorted circuit, so the TECU cannot confirm which rail position (gear) is actually selected.|eaton_trts0960|https://productinfo.serviceranger4.com/books/TRTS0960/lang/en-us/section/TS0960FCIndex|Fault Code 315: Rail D Position|TRTS0960 Endurant XD fault code index|7569|Inspect and clean the rail position sensor connector|1|Fleet technician|0.0|20.0|0.5|1. Key off, disconnect the sensor connector • 2. Check pins for corrosion and spread terminals • 3. Apply dielectric grease, reconnect and clear codes
1849|5941|2|Eaton|315|Transmission|Shift rail D position sensor signal erratic or implausible|hdt_rail_position_sensor|SPN 5941 (Shift rail D position sensor) with FMI 2 (Signal unstable, intermittent or implausible) is set by the Transmission when a shift rail position sensor reads out of range, erratic, drifting, or an open/shorted circuit, so the TECU cannot confirm which rail position (gear) is actually selected.|eaton_trts0960|https://productinfo.serviceranger4.com/books/TRTS0960/lang/en-us/section/TS0960FCIndex|Fault Code 315: Rail D Position|TRTS0960 Endurant XD fault code index|7570|Test the position sensor signal and return circuits|2|Fleet technician|5.0|60.0|1.0|1. Back-probe the signal and return pins at the TECU connector • 2. Check for reference voltage and continuity to the sensor • 3. Repair chafed or open conductors
1849|5941|2|Eaton|315|Transmission|Shift rail D position sensor signal erratic or implausible|hdt_rail_position_sensor|SPN 5941 (Shift rail D position sensor) with FMI 2 (Signal unstable, intermittent or implausible) is set by the Transmission when a shift rail position sensor reads out of range, erratic, drifting, or an open/shorted circuit, so the TECU cannot confirm which rail position (gear) is actually selected.|eaton_trts0960|https://productinfo.serviceranger4.com/books/TRTS0960/lang/en-us/section/TS0960FCIndex|Fault Code 315: Rail D Position|TRTS0960 Endurant XD fault code index|7571|Replace the rail position sensor|3|Fleet technician|60.0|200.0|1.0|1. Remove the cover over the affected rail • 2. Remove and replace the position sensor, following Eaton's air-gap or torque spec • 3. Reinstall the cover, clear codes and verify live data
1849|5941|2|Eaton|315|Transmission|Shift rail D position sensor signal erratic or implausible|hdt_rail_position_sensor|SPN 5941 (Shift rail D position sensor) with FMI 2 (Signal unstable, intermittent or implausible) is set by the Transmission when a shift rail position sensor reads out of range, erratic, drifting, or an open/shorted circuit, so the TECU cannot confirm which rail position (gear) is actually selected.|eaton_trts0960|https://productinfo.serviceranger4.com/books/TRTS0960/lang/en-us/section/TS0960FCIndex|Fault Code 315: Rail D Position|TRTS0960 Endurant XD fault code index|7572|Inspect the shift fork, rail and synchronizer for wear or binding|4|Dealer / specialist|300.0|2000.0|3.0|1. Remove the housing cover for the affected rail • 2. Check the shift fork, rail bore and synchronizer for wear, scoring or binding • 3. Repair or replace worn components and re-verify rail travel
1891|5942|3|Eaton|320|Transmission|Shift rail E position sensor circuit voltage high (shorted to supply)|hdt_rail_position_sensor|SPN 5942 (Shift rail E position sensor) with FMI 3 (Circuit voltage high / short to supply) is set by the Transmission when a shift rail position sensor reads out of range, erratic, drifting, or an open/shorted circuit, so the TECU cannot confirm which rail position (gear) is actually selected.|eaton_trts0960|https://productinfo.serviceranger4.com/books/TRTS0960/lang/en-us/section/TS0960FCIndex|Fault Code 320: Rail E Position|TRTS0960 Endurant XD fault code index|7737|Inspect and clean the rail position sensor connector|1|Fleet technician|0.0|20.0|0.5|1. Key off, disconnect the sensor connector • 2. Check pins for corrosion and spread terminals • 3. Apply dielectric grease, reconnect and clear codes
1891|5942|3|Eaton|320|Transmission|Shift rail E position sensor circuit voltage high (shorted to supply)|hdt_rail_position_sensor|SPN 5942 (Shift rail E position sensor) with FMI 3 (Circuit voltage high / short to supply) is set by the Transmission when a shift rail position sensor reads out of range, erratic, drifting, or an open/shorted circuit, so the TECU cannot confirm which rail position (gear) is actually selected.|eaton_trts0960|https://productinfo.serviceranger4.com/books/TRTS0960/lang/en-us/section/TS0960FCIndex|Fault Code 320: Rail E Position|TRTS0960 Endurant XD fault code index|7738|Test the position sensor signal and return circuits|2|Fleet technician|5.0|60.0|1.0|1. Back-probe the signal and return pins at the TECU connector • 2. Check for reference voltage and continuity to the sensor • 3. Repair chafed or open conductors
1891|5942|3|Eaton|320|Transmission|Shift rail E position sensor circuit voltage high (shorted to supply)|hdt_rail_position_sensor|SPN 5942 (Shift rail E position sensor) with FMI 3 (Circuit voltage high / short to supply) is set by the Transmission when a shift rail position sensor reads out of range, erratic, drifting, or an open/shorted circuit, so the TECU cannot confirm which rail position (gear) is actually selected.|eaton_trts0960|https://productinfo.serviceranger4.com/books/TRTS0960/lang/en-us/section/TS0960FCIndex|Fault Code 320: Rail E Position|TRTS0960 Endurant XD fault code index|7739|Replace the rail position sensor|3|Fleet technician|60.0|200.0|1.0|1. Remove the cover over the affected rail • 2. Remove and replace the position sensor, following Eaton's air-gap or torque spec • 3. Reinstall the cover, clear codes and verify live data
1891|5942|3|Eaton|320|Transmission|Shift rail E position sensor circuit voltage high (shorted to supply)|hdt_rail_position_sensor|SPN 5942 (Shift rail E position sensor) with FMI 3 (Circuit voltage high / short to supply) is set by the Transmission when a shift rail position sensor reads out of range, erratic, drifting, or an open/shorted circuit, so the TECU cannot confirm which rail position (gear) is actually selected.|eaton_trts0960|https://productinfo.serviceranger4.com/books/TRTS0960/lang/en-us/section/TS0960FCIndex|Fault Code 320: Rail E Position|TRTS0960 Endurant XD fault code index|7740|Inspect the shift fork, rail and synchronizer for wear or binding|4|Dealer / specialist|300.0|2000.0|3.0|1. Remove the housing cover for the affected rail • 2. Check the shift fork, rail bore and synchronizer for wear, scoring or binding • 3. Repair or replace worn components and re-verify rail travel
1933|5954|7|Eaton|788|Transmission|Shift rail D calibration procedure not completing or producing an implausible value|hdt_rail_calibration|SPN 5954 (Shift rail D calibration) with FMI 7 (Mechanical part not reacting or misadjusted) is set by the Transmission when a shift rail's stored calibration end-points have drifted out of limits, or a mechanical condition prevents the rail from completing its calibration stroke.|eaton_trts0950|https://productinfo.serviceranger4.com/books/TRTS0950/lang/en-us/section/TS0950FCIndex|Fault Code 788: Rail D Calibration|TRTS0950 Endurant HD fault code index|7886|Confirm the rail moves freely through its full travel before recalibrating|1|Fleet technician|0.0|50.0|0.8|1. Place the transmission in neutral with the parking brake set • 2. Cycle the affected rail by hand or with ServiceRanger's manual actuation test • 3. Clear any binding or debris found before proceeding to calibration
1933|5954|7|Eaton|788|Transmission|Shift rail D calibration procedure not completing or producing an implausible value|hdt_rail_calibration|SPN 5954 (Shift rail D calibration) with FMI 7 (Mechanical part not reacting or misadjusted) is set by the Transmission when a shift rail's stored calibration end-points have drifted out of limits, or a mechanical condition prevents the rail from completing its calibration stroke.|eaton_trts0950|https://productinfo.serviceranger4.com/books/TRTS0950/lang/en-us/section/TS0950FCIndex|Fault Code 788: Rail D Calibration|TRTS0950 Endurant HD fault code index|7887|Run the rail calibration procedure with ServiceRanger|2|Dealer / specialist|0.0|0.0|1.0|1. Connect ServiceRanger and select the rail calibration routine for the affected rail • 2. Follow the guided end-point learn sequence • 3. Verify the learned values are within Eaton's expected range and clear codes
1933|5954|7|Eaton|788|Transmission|Shift rail D calibration procedure not completing or producing an implausible value|hdt_rail_calibration|SPN 5954 (Shift rail D calibration) with FMI 7 (Mechanical part not reacting or misadjusted) is set by the Transmission when a shift rail's stored calibration end-points have drifted out of limits, or a mechanical condition prevents the rail from completing its calibration stroke.|eaton_trts0950|https://productinfo.serviceranger4.com/books/TRTS0950/lang/en-us/section/TS0950FCIndex|Fault Code 788: Rail D Calibration|TRTS0950 Endurant HD fault code index|7888|Reflash the TECU if calibration will not complete or hold|3|Dealer / specialist|0.0|150.0|1.0|1. Check the installed TECU calibration level against Eaton's current release • 2. Apply the update if available • 3. Repeat the rail calibration and confirm the values hold across key cycles
1975|6145|18|Eaton|740|Transmission|Shift rail B operation status: reading moderately below the normal range|hdt_rail_operation_fault|SPN 6145 (Shift rail B operation status) with FMI 18 (Moderately below normal range) is set by the Transmission when a shift rail does not reach or hold the commanded position within the expected time or range, indicating a mechanical shift-quality problem (binding synchronizer, worn shift fork, low air pressure) rather than a wiring fault.|eaton_trts0950|https://productinfo.serviceranger4.com/books/TRTS0950/lang/en-us/section/TS0950FCIndex|Fault Code 740: Rail B Operation|TRTS0950 Endurant HD fault code index|8038|Inspect the shift fork, synchronizer and rail bore for wear, binding or debris|1|Dealer / specialist|300.0|2200.0|3.5|1. Remove the housing cover for the affected rail • 2. Inspect the shift fork, synchronizer rings and rail bore for wear, scoring, binding or metal debris • 3. Clean out debris and confirm free rail travel
1975|6145|18|Eaton|740|Transmission|Shift rail B operation status: reading moderately below the normal range|hdt_rail_operation_fault|SPN 6145 (Shift rail B operation status) with FMI 18 (Moderately below normal range) is set by the Transmission when a shift rail does not reach or hold the commanded position within the expected time or range, indicating a mechanical shift-quality problem (binding synchronizer, worn shift fork, low air pressure) rather than a wiring fault.|eaton_trts0950|https://productinfo.serviceranger4.com/books/TRTS0950/lang/en-us/section/TS0950FCIndex|Fault Code 740: Rail B Operation|TRTS0950 Endurant HD fault code index|8039|Reproduce the shift and record a ServiceRanger rail position trace|2|Fleet technician|0.0|0.0|1.0|1. Connect ServiceRanger and select live rail position data for the affected rail • 2. Reproduce the shift that set the fault • 3. Compare the commanded vs. actual position trace to confirm a mechanical mis-shift
1975|6145|18|Eaton|740|Transmission|Shift rail B operation status: reading moderately below the normal range|hdt_rail_operation_fault|SPN 6145 (Shift rail B operation status) with FMI 18 (Moderately below normal range) is set by the Transmission when a shift rail does not reach or hold the commanded position within the expected time or range, indicating a mechanical shift-quality problem (binding synchronizer, worn shift fork, low air pressure) rather than a wiring fault.|eaton_trts0950|https://productinfo.serviceranger4.com/books/TRTS0950/lang/en-us/section/TS0950FCIndex|Fault Code 740: Rail B Operation|TRTS0950 Endurant HD fault code index|8040|Replace the worn shift fork, synchronizer or rail assembly|3|Dealer / specialist|400.0|2500.0|4.0|1. Remove the affected rail assembly per the Eaton service manual sequence • 2. Replace the worn fork, synchronizer rings or rail • 3. Reassemble to torque spec and verify free travel before returning to service
1975|6145|18|Eaton|740|Transmission|Shift rail B operation status: reading moderately below the normal range|hdt_rail_operation_fault|SPN 6145 (Shift rail B operation status) with FMI 18 (Moderately below normal range) is set by the Transmission when a shift rail does not reach or hold the commanded position within the expected time or range, indicating a mechanical shift-quality problem (binding synchronizer, worn shift fork, low air pressure) rather than a wiring fault.|eaton_trts0950|https://productinfo.serviceranger4.com/books/TRTS0950/lang/en-us/section/TS0950FCIndex|Fault Code 740: Rail B Operation|TRTS0950 Endurant HD fault code index|8041|Re-run the rail calibration/learn procedure after mechanical repair|4|Dealer / specialist|0.0|0.0|0.8|1. Connect ServiceRanger and select the rail calibration routine for the repaired rail • 2. Follow the guided learn sequence • 3. Verify the learned end-points and clear codes
2017|6147|15|Eaton|775|Transmission|Shift rail D operation status: reading slightly above the normal range|hdt_rail_operation_fault|SPN 6147 (Shift rail D operation status) with FMI 15 (Slightly above normal range) is set by the Transmission when a shift rail does not reach or hold the commanded position within the expected time or range, indicating a mechanical shift-quality problem (binding synchronizer, worn shift fork, low air pressure) rather than a wiring fault.|eaton_trts0950|https://productinfo.serviceranger4.com/books/TRTS0950/lang/en-us/section/TS0950FCIndex|Fault Code 775: Rail D Operation|TRTS0950 Endurant HD fault code index|8206|Inspect the shift fork, synchronizer and rail bore for wear, binding or debris|1|Dealer / specialist|300.0|2200.0|3.5|1. Remove the housing cover for the affected rail • 2. Inspect the shift fork, synchronizer rings and rail bore for wear, scoring, binding or metal debris • 3. Clean out debris and confirm free rail travel
2017|6147|15|Eaton|775|Transmission|Shift rail D operation status: reading slightly above the normal range|hdt_rail_operation_fault|SPN 6147 (Shift rail D operation status) with FMI 15 (Slightly above normal range) is set by the Transmission when a shift rail does not reach or hold the commanded position within the expected time or range, indicating a mechanical shift-quality problem (binding synchronizer, worn shift fork, low air pressure) rather than a wiring fault.|eaton_trts0950|https://productinfo.serviceranger4.com/books/TRTS0950/lang/en-us/section/TS0950FCIndex|Fault Code 775: Rail D Operation|TRTS0950 Endurant HD fault code index|8207|Reproduce the shift and record a ServiceRanger rail position trace|2|Fleet technician|0.0|0.0|1.0|1. Connect ServiceRanger and select live rail position data for the affected rail • 2. Reproduce the shift that set the fault • 3. Compare the commanded vs. actual position trace to confirm a mechanical mis-shift
2017|6147|15|Eaton|775|Transmission|Shift rail D operation status: reading slightly above the normal range|hdt_rail_operation_fault|SPN 6147 (Shift rail D operation status) with FMI 15 (Slightly above normal range) is set by the Transmission when a shift rail does not reach or hold the commanded position within the expected time or range, indicating a mechanical shift-quality problem (binding synchronizer, worn shift fork, low air pressure) rather than a wiring fault.|eaton_trts0950|https://productinfo.serviceranger4.com/books/TRTS0950/lang/en-us/section/TS0950FCIndex|Fault Code 775: Rail D Operation|TRTS0950 Endurant HD fault code index|8208|Replace the worn shift fork, synchronizer or rail assembly|3|Dealer / specialist|400.0|2500.0|4.0|1. Remove the affected rail assembly per the Eaton service manual sequence • 2. Replace the worn fork, synchronizer rings or rail • 3. Reassemble to torque spec and verify free travel before returning to service
2017|6147|15|Eaton|775|Transmission|Shift rail D operation status: reading slightly above the normal range|hdt_rail_operation_fault|SPN 6147 (Shift rail D operation status) with FMI 15 (Slightly above normal range) is set by the Transmission when a shift rail does not reach or hold the commanded position within the expected time or range, indicating a mechanical shift-quality problem (binding synchronizer, worn shift fork, low air pressure) rather than a wiring fault.|eaton_trts0950|https://productinfo.serviceranger4.com/books/TRTS0950/lang/en-us/section/TS0950FCIndex|Fault Code 775: Rail D Operation|TRTS0950 Endurant HD fault code index|8209|Re-run the rail calibration/learn procedure after mechanical repair|4|Dealer / specialist|0.0|0.0|0.8|1. Connect ServiceRanger and select the rail calibration routine for the repaired rail • 2. Follow the guided learn sequence • 3. Verify the learned end-points and clear codes
2059|6150|14|Eaton|700|Transmission|Transmission clutch operation status: flagged under a manufacturer-specific fault condition|hdt_clutch_actuator|SPN 6150 (Transmission clutch operation status) with FMI 14 (See manufacturer-specific instructions) is set by the Transmission when the Linear Clutch Actuator's position feedback or drive circuit reports an out-of-range, erratic, shorted or open condition, or the TECU cannot verify the clutch reached its commanded position. Typical causes are a worn or contaminated LCA position sensor, a failed actuator motor or drive circuit, a sticking clutch linkage, or a clutch touch-point calibration that has drifted out of limits.|eaton_trts0960|https://productinfo.serviceranger4.com/books/TRTS0960/lang/en-us/section/TS0960FCIndex|Fault Code 700: Clutch Operation|TRTS0960 Endurant XD fault code index|8380|Replace the Linear Clutch Actuator (LCA) assembly|1|Dealer / specialist|1500.0|3500.0|3.0|1. Support the transmission and disconnect the air supply to the actuator • 2. Remove the LCA assembly and transfer or replace the mounting hardware • 3. Fit the new LCA, reconnect wiring and air lines, then run the clutch touch-point learn
2059|6150|14|Eaton|700|Transmission|Transmission clutch operation status: flagged under a manufacturer-specific fault condition|hdt_clutch_actuator|SPN 6150 (Transmission clutch operation status) with FMI 14 (See manufacturer-specific instructions) is set by the Transmission when the Linear Clutch Actuator's position feedback or drive circuit reports an out-of-range, erratic, shorted or open condition, or the TECU cannot verify the clutch reached its commanded position. Typical causes are a worn or contaminated LCA position sensor, a failed actuator motor or drive circuit, a sticking clutch linkage, or a clutch touch-point calibration that has drifted out of limits.|eaton_trts0960|https://productinfo.serviceranger4.com/books/TRTS0960/lang/en-us/section/TS0960FCIndex|Fault Code 700: Clutch Operation|TRTS0960 Endurant XD fault code index|8381|Inspect and clean the LCA wiring connector|2|Fleet technician|0.0|20.0|0.5|1. Key off, disconnect the LCA connector • 2. Check pins for corrosion, spread terminals and moisture intrusion • 3. Apply dielectric grease, reconnect, clear codes and cycle the clutch
2059|6150|14|Eaton|700|Transmission|Transmission clutch operation status: flagged under a manufacturer-specific fault condition|hdt_clutch_actuator|SPN 6150 (Transmission clutch operation status) with FMI 14 (See manufacturer-specific instructions) is set by the Transmission when the Linear Clutch Actuator's position feedback or drive circuit reports an out-of-range, erratic, shorted or open condition, or the TECU cannot verify the clutch reached its commanded position. Typical causes are a worn or contaminated LCA position sensor, a failed actuator motor or drive circuit, a sticking clutch linkage, or a clutch touch-point calibration that has drifted out of limits.|eaton_trts0960|https://productinfo.serviceranger4.com/books/TRTS0960/lang/en-us/section/TS0960FCIndex|Fault Code 700: Clutch Operation|TRTS0960 Endurant XD fault code index|8382|Test the LCA position sensor and drive circuits|3|Fleet technician|5.0|60.0|1.0|1. Back-probe the LCA signal, return and drive circuits at the TECU connector • 2. Check for the reference voltage and continuity to the actuator • 3. Repair chafed or open conductors and reseal any splices
2059|6150|14|Eaton|700|Transmission|Transmission clutch operation status: flagged under a manufacturer-specific fault condition|hdt_clutch_actuator|SPN 6150 (Transmission clutch operation status) with FMI 14 (See manufacturer-specific instructions) is set by the Transmission when the Linear Clutch Actuator's position feedback or drive circuit reports an out-of-range, erratic, shorted or open condition, or the TECU cannot verify the clutch reached its commanded position. Typical causes are a worn or contaminated LCA position sensor, a failed actuator motor or drive circuit, a sticking clutch linkage, or a clutch touch-point calibration that has drifted out of limits.|eaton_trts0960|https://productinfo.serviceranger4.com/books/TRTS0960/lang/en-us/section/TS0960FCIndex|Fault Code 700: Clutch Operation|TRTS0960 Endurant XD fault code index|8383|Relearn the clutch touch-point with ServiceRanger|4|Dealer / specialist|0.0|0.0|0.8|1. Connect ServiceRanger and select the clutch calibration routine • 2. Follow the guided touch-point learn sequence with the engine at operating temperature • 3. Verify the learned values fall within Eaton's expected range and clear codes
2059|6150|14|Eaton|700|Transmission|Transmission clutch operation status: flagged under a manufacturer-specific fault condition|hdt_clutch_actuator|SPN 6150 (Transmission clutch operation status) with FMI 14 (See manufacturer-specific instructions) is set by the Transmission when the Linear Clutch Actuator's position feedback or drive circuit reports an out-of-range, erratic, shorted or open condition, or the TECU cannot verify the clutch reached its commanded position. Typical causes are a worn or contaminated LCA position sensor, a failed actuator motor or drive circuit, a sticking clutch linkage, or a clutch touch-point calibration that has drifted out of limits.|eaton_trts0960|https://productinfo.serviceranger4.com/books/TRTS0960/lang/en-us/section/TS0960FCIndex|Fault Code 700: Clutch Operation|TRTS0960 Endurant XD fault code index|8384|Inspect the clutch linkage, release bearing and pressure plate|5|Fleet technician|40.0|600.0|2.0|1. Remove the inspection cover and check linkage travel and free play • 2. Inspect the release bearing and pressure plate fingers for wear or damage • 3. Adjust or repair as needed and re-verify LCA travel
2101|7695|8|Eaton|963|Transmission|Force-hold neutral input signal frequency, pulse width or period abnormal|hdt_force_hold_neutral|SPN 7695 (Force-hold neutral input signal) with FMI 8 (Wrong frequency, pulse width or period) is set by the Transmission when the driver-operated force-hold-neutral input or output (used to hold the transmission in neutral, for example during PTO operation) reads an electrical fault, a calibration issue, or a message that is not arriving at the expected rate.|eaton_trts0960|https://productinfo.serviceranger4.com/books/TRTS0960/lang/en-us/section/TS0960FCIndex|Fault Code 963: Force Hold Neutral Input|TRTS0960 Endurant XD fault code index|8584|Inspect and clean the force-hold-neutral switch/circuit connector|1|Fleet technician|0.0|20.0|0.5|1. Key off, disconnect the relevant connector • 2. Check pins for corrosion and spread terminals • 3. Apply dielectric grease, reconnect and clear codes
2101|7695|8|Eaton|963|Transmission|Force-hold neutral input signal frequency, pulse width or period abnormal|hdt_force_hold_neutral|SPN 7695 (Force-hold neutral input signal) with FMI 8 (Wrong frequency, pulse width or period) is set by the Transmission when the driver-operated force-hold-neutral input or output (used to hold the transmission in neutral, for example during PTO operation) reads an electrical fault, a calibration issue, or a message that is not arriving at the expected rate.|eaton_trts0960|https://productinfo.serviceranger4.com/books/TRTS0960/lang/en-us/section/TS0960FCIndex|Fault Code 963: Force Hold Neutral Input|TRTS0960 Endurant XD fault code index|8585|Replace the force-hold-neutral switch or relay|2|Fleet technician|30.0|150.0|0.8|1. Locate and access the switch or relay in the request circuit • 2. Disconnect and replace it • 3. Reconnect, clear codes and verify operation in ServiceRanger live data
2101|7695|8|Eaton|963|Transmission|Force-hold neutral input signal frequency, pulse width or period abnormal|hdt_force_hold_neutral|SPN 7695 (Force-hold neutral input signal) with FMI 8 (Wrong frequency, pulse width or period) is set by the Transmission when the driver-operated force-hold-neutral input or output (used to hold the transmission in neutral, for example during PTO operation) reads an electrical fault, a calibration issue, or a message that is not arriving at the expected rate.|eaton_trts0960|https://productinfo.serviceranger4.com/books/TRTS0960/lang/en-us/section/TS0960FCIndex|Fault Code 963: Force Hold Neutral Input|TRTS0960 Endurant XD fault code index|8586|Test the request circuit for an open, short or stuck contact|3|Fleet technician|5.0|60.0|1.0|1. Back-probe the request signal circuit at the TECU connector • 2. Operate the switch/request while monitoring the signal • 3. Repair chafed wiring or a contact that does not toggle cleanly
2101|7695|8|Eaton|963|Transmission|Force-hold neutral input signal frequency, pulse width or period abnormal|hdt_force_hold_neutral|SPN 7695 (Force-hold neutral input signal) with FMI 8 (Wrong frequency, pulse width or period) is set by the Transmission when the driver-operated force-hold-neutral input or output (used to hold the transmission in neutral, for example during PTO operation) reads an electrical fault, a calibration issue, or a message that is not arriving at the expected rate.|eaton_trts0960|https://productinfo.serviceranger4.com/books/TRTS0960/lang/en-us/section/TS0960FCIndex|Fault Code 963: Force Hold Neutral Input|TRTS0960 Endurant XD fault code index|8587|Verify the TECU configuration enables force-hold-neutral for the installed PTO|4|Dealer / specialist|0.0|150.0|1.0|1. Connect ServiceRanger and check whether the feature is enabled for the installed PTO configuration • 2. Correct the configuration if the request is rejected • 3. Update TECU software if a related bulletin exists
2101|7695|8|Eaton|963|Transmission|Force-hold neutral input signal frequency, pulse width or period abnormal|hdt_force_hold_neutral|SPN 7695 (Force-hold neutral input signal) with FMI 8 (Wrong frequency, pulse width or period) is set by the Transmission when the driver-operated force-hold-neutral input or output (used to hold the transmission in neutral, for example during PTO operation) reads an electrical fault, a calibration issue, or a message that is not arriving at the expected rate.|eaton_trts0960|https://productinfo.serviceranger4.com/books/TRTS0960/lang/en-us/section/TS0960FCIndex|Fault Code 963: Force Hold Neutral Input|TRTS0960 Endurant XD fault code index|8588|Verify the force-hold-neutral request message is present and updating at the expected rate|5|Fleet technician|0.0|0.0|0.5|1. Connect ServiceRanger and confirm the force-hold-neutral request message is present and updating at the expected rate • 2. Check the request circuit's network/PWM wiring and termination before assuming a hardware fault • 3. Only replace the switch or relay if the message stays absent or corrupted after the wiring check
2143|11756|9|Eaton|137|Transmission|TSC1 control message source address (purpose P7) message not received at the expected rate|hdn_source_address_conflict|SPN 11756 (TSC1 control message source address (purpose P7)) with FMI 9 (Message not arriving at expected rate) is set by the Transmission when it cannot determine which physical node on the J1939 network is entitled to send a given command -- the controlling device's source address is unconfigured, is not the address the Transmission expects, or is being claimed by more than one node at once. Typical causes are a recently swapped or reprogrammed ECU that never had its source address set, two nodes with the same factory-default address, or a parameter file mismatch after an aftermarket device was added to the network.|eaton_trts0950|https://productinfo.serviceranger4.com/books/TRTS0950/lang/en-us/section/TS0950FCIndex|Fault Code 137: Source Address of Controlling Device for TSC1 Control Purpose P7|TRTS0950 Endurant HD fault code index|8768|Scan for duplicate or unclaimed source addresses|1|Fleet technician|0.0|0.0|0.8|1. Connect a J1939 scan tool at the diagnostic connector • 2. List all active source addresses and compare against the vehicle's expected device list • 3. Identify any address claimed by more than one node, or the expected controlling device's address missing entirely
2143|11756|9|Eaton|137|Transmission|TSC1 control message source address (purpose P7) message not received at the expected rate|hdn_source_address_conflict|SPN 11756 (TSC1 control message source address (purpose P7)) with FMI 9 (Message not arriving at expected rate) is set by the Transmission when it cannot determine which physical node on the J1939 network is entitled to send a given command -- the controlling device's source address is unconfigured, is not the address the Transmission expects, or is being claimed by more than one node at once. Typical causes are a recently swapped or reprogrammed ECU that never had its source address set, two nodes with the same factory-default address, or a parameter file mismatch after an aftermarket device was added to the network.|eaton_trts0950|https://productinfo.serviceranger4.com/books/TRTS0950/lang/en-us/section/TS0950FCIndex|Fault Code 137: Source Address of Controlling Device for TSC1 Control Purpose P7|TRTS0950 Endurant HD fault code index|8769|Inspect the conflicting or unconfigured device's connector|2|Fleet technician|0.0|20.0|0.5|1. Key off, inspect the connector of the device identified as unconfigured or in conflict • 2. Check for corrosion or a partially seated connector that could cause intermittent address claims • 3. Clean, reseat, clear codes and retest
2143|11756|9|Eaton|137|Transmission|TSC1 control message source address (purpose P7) message not received at the expected rate|hdn_source_address_conflict|SPN 11756 (TSC1 control message source address (purpose P7)) with FMI 9 (Message not arriving at expected rate) is set by the Transmission when it cannot determine which physical node on the J1939 network is entitled to send a given command -- the controlling device's source address is unconfigured, is not the address the Transmission expects, or is being claimed by more than one node at once. Typical causes are a recently swapped or reprogrammed ECU that never had its source address set, two nodes with the same factory-default address, or a parameter file mismatch after an aftermarket device was added to the network.|eaton_trts0950|https://productinfo.serviceranger4.com/books/TRTS0950/lang/en-us/section/TS0950FCIndex|Fault Code 137: Source Address of Controlling Device for TSC1 Control Purpose P7|TRTS0950 Endurant HD fault code index|8770|Reprogram the source address / parameter file on the affected device|3|Dealer / specialist|0.0|200.0|1.2|1. Connect the OEM service tool to the device with the wrong or unconfigured source address • 2. Set the correct source address per the OEM's device configuration table for this chassis • 3. Clear codes on all affected controllers and confirm no address-claim conflict remains
2143|11756|9|Eaton|137|Transmission|TSC1 control message source address (purpose P7) message not received at the expected rate|hdn_source_address_conflict|SPN 11756 (TSC1 control message source address (purpose P7)) with FMI 9 (Message not arriving at expected rate) is set by the Transmission when it cannot determine which physical node on the J1939 network is entitled to send a given command -- the controlling device's source address is unconfigured, is not the address the Transmission expects, or is being claimed by more than one node at once. Typical causes are a recently swapped or reprogrammed ECU that never had its source address set, two nodes with the same factory-default address, or a parameter file mismatch after an aftermarket device was added to the network.|eaton_trts0950|https://productinfo.serviceranger4.com/books/TRTS0950/lang/en-us/section/TS0950FCIndex|Fault Code 137: Source Address of Controlling Device for TSC1 Control Purpose P7|TRTS0950 Endurant HD fault code index|8771|Verify any recently added aftermarket J1939 device for an address conflict|4|Fleet technician|0.0|0.0|0.5|1. Review any telematics gateway, PTO controller or other aftermarket device installed since the fault began • 2. Temporarily disconnect it and recheck for the source-address conflict • 3. If the conflict clears, reconfigure the aftermarket device's address per its installation manual before reconnecting
2185|20870|9|Eaton|125|Transmission|Primary automatic drive selector (ADS) operation status: message not received at the expected rate|hdn_received_ads_cruise_data|SPN 20870 (Primary automatic drive selector (ADS) operation status) with FMI 9 (Message not arriving at expected rate) is set by the Transmission when a value from the cruise control or Automated Driving System (ADS) stops arriving at the expected rate or fails validation -- a primary/secondary ADS command, an ADS operation-status report, or a cruise resume/pause command. The Transmission only receives this value over the network rather than generating it directly, so the fault is a link problem until the sending controller's own diagnostics say otherwise: check the ADS/cruise source controller for its own active codes and confirm it is still transmitting before assuming the Transmission itself has failed.|eaton_trts0950|https://productinfo.serviceranger4.com/books/TRTS0950/lang/en-us/section/TS0950FCIndex|Fault Code 125: Primary ADS Operation Status|TRTS0950 Endurant HD fault code index|8965|Confirm the ADS/cruise source controller is transmitting and check its own active codes|1|Fleet technician|0.0|0.0|0.8|1. Connect a J1939 scan tool and confirm the ADS or cruise-control source controller is present on the bus and broadcasting the expected PGN • 2. Read that controller's own fault codes; an active source-side fault often explains why the command/status is missing or invalid downstream • 3. If the source controller shows no fault and is transmitting normally, proceed to the link and receiving-controller checks
2185|20870|9|Eaton|125|Transmission|Primary automatic drive selector (ADS) operation status: message not received at the expected rate|hdn_received_ads_cruise_data|SPN 20870 (Primary automatic drive selector (ADS) operation status) with FMI 9 (Message not arriving at expected rate) is set by the Transmission when a value from the cruise control or Automated Driving System (ADS) stops arriving at the expected rate or fails validation -- a primary/secondary ADS command, an ADS operation-status report, or a cruise resume/pause command. The Transmission only receives this value over the network rather than generating it directly, so the fault is a link problem until the sending controller's own diagnostics say otherwise: check the ADS/cruise source controller for its own active codes and confirm it is still transmitting before assuming the Transmission itself has failed.|eaton_trts0950|https://productinfo.serviceranger4.com/books/TRTS0950/lang/en-us/section/TS0950FCIndex|Fault Code 125: Primary ADS Operation Status|TRTS0950 Endurant HD fault code index|8966|Inspect connectors on the source controller and the shared backbone|2|Fleet technician|0.0|20.0|0.5|1. Key off, inspect the ADS/cruise source controller's connector and the nearest backbone/drop-line connector • 2. Check for corrosion, bent pins or a partially seated connector • 3. Clean, reseat, clear codes and retest
2185|20870|9|Eaton|125|Transmission|Primary automatic drive selector (ADS) operation status: message not received at the expected rate|hdn_received_ads_cruise_data|SPN 20870 (Primary automatic drive selector (ADS) operation status) with FMI 9 (Message not arriving at expected rate) is set by the Transmission when a value from the cruise control or Automated Driving System (ADS) stops arriving at the expected rate or fails validation -- a primary/secondary ADS command, an ADS operation-status report, or a cruise resume/pause command. The Transmission only receives this value over the network rather than generating it directly, so the fault is a link problem until the sending controller's own diagnostics say otherwise: check the ADS/cruise source controller for its own active codes and confirm it is still transmitting before assuming the Transmission itself has failed.|eaton_trts0950|https://productinfo.serviceranger4.com/books/TRTS0950/lang/en-us/section/TS0950FCIndex|Fault Code 125: Primary ADS Operation Status|TRTS0950 Endurant HD fault code index|8967|Reconfigure the receiving controller's expected-source parameters|3|Dealer / specialist|0.0|150.0|1.0|1. Connect the OEM service tool to the receiving controller • 2. Check its expected-source and parameter configuration against the OEM specification for this chassis • 3. Reprogram or update as needed, clear codes, and confirm the value now arrives at the expected rate
2185|20870|9|Eaton|125|Transmission|Primary automatic drive selector (ADS) operation status: message not received at the expected rate|hdn_received_ads_cruise_data|SPN 20870 (Primary automatic drive selector (ADS) operation status) with FMI 9 (Message not arriving at expected rate) is set by the Transmission when a value from the cruise control or Automated Driving System (ADS) stops arriving at the expected rate or fails validation -- a primary/secondary ADS command, an ADS operation-status report, or a cruise resume/pause command. The Transmission only receives this value over the network rather than generating it directly, so the fault is a link problem until the sending controller's own diagnostics say otherwise: check the ADS/cruise source controller for its own active codes and confirm it is still transmitting before assuming the Transmission itself has failed.|eaton_trts0950|https://productinfo.serviceranger4.com/books/TRTS0950/lang/en-us/section/TS0950FCIndex|Fault Code 125: Primary ADS Operation Status|TRTS0950 Endurant HD fault code index|8968|Verify source controller power/ground and backbone termination|4|Fleet technician|5.0|40.0|1.0|1. Back-probe the source controller's power and ground pins and confirm battery voltage and a clean ground • 2. With the bus powered down, measure 60 ohms across CAN H/CAN L to confirm backbone termination is intact • 3. Repair any open, shorted or corroded wiring found
2227|94|16|John Deere||Engine ECU|Fuel delivery pressure sensor, moderately above normal range|hde_fuel_pressure_low_sensor|SPN 94 (Fuel delivery pressure sensor) with FMI 16 (Moderately above normal range) is set by the Engine ECU when the fuel delivery (low-side) pressure sensor signal leaves its plausible window or the sensor circuit reads open, shorted or erratic. Typical causes are a failed sensor, corroded connector pins, chafed harness wiring, or a genuine underlying system condition the sensor is correctly reporting.|deere_omh229936|http://manuals.deere.com/omview/OMH229936_19/OUO6075_0000B3D_19_02AUG07_1.htm||OMH229936 9670/9770 STS engine control unit DTCs|9133|Verify the underlying system condition the sensor is reporting|1|Fleet technician|0.0|400.0|1.0|1. Confirm whether the out-of-range reading reflects a real system fault or a bad sensor • 2. Inspect the related system for the root physical cause • 3. Repair as needed, then clear codes and re-verify
2227|94|16|John Deere||Engine ECU|Fuel delivery pressure sensor, moderately above normal range|hde_fuel_pressure_low_sensor|SPN 94 (Fuel delivery pressure sensor) with FMI 16 (Moderately above normal range) is set by the Engine ECU when the fuel delivery (low-side) pressure sensor signal leaves its plausible window or the sensor circuit reads open, shorted or erratic. Typical causes are a failed sensor, corroded connector pins, chafed harness wiring, or a genuine underlying system condition the sensor is correctly reporting.|deere_omh229936|http://manuals.deere.com/omview/OMH229936_19/OUO6075_0000B3D_19_02AUG07_1.htm||OMH229936 9670/9770 STS engine control unit DTCs|9134|Replace the fuel delivery (low-side) pressure sensor|2|Fleet technician|25.0|150.0|0.7|1. Confirm the sensor's live reading against a known-good reference (scan tool or hand-held meter) • 2. Remove and replace the sensor, torque per OEM spec • 3. Clear codes and verify the new reading tracks correctly
2227|94|16|John Deere||Engine ECU|Fuel delivery pressure sensor, moderately above normal range|hde_fuel_pressure_low_sensor|SPN 94 (Fuel delivery pressure sensor) with FMI 16 (Moderately above normal range) is set by the Engine ECU when the fuel delivery (low-side) pressure sensor signal leaves its plausible window or the sensor circuit reads open, shorted or erratic. Typical causes are a failed sensor, corroded connector pins, chafed harness wiring, or a genuine underlying system condition the sensor is correctly reporting.|deere_omh229936|http://manuals.deere.com/omview/OMH229936_19/OUO6075_0000B3D_19_02AUG07_1.htm||OMH229936 9670/9770 STS engine control unit DTCs|9135|Inspect and clean the fuel delivery (low-side) pressure sensor connector|3|Fleet technician|0.0|15.0|0.5|1. Key off, unplug the sensor connector • 2. Check pins for corrosion, bent terminals or moisture intrusion • 3. Apply dielectric grease, reseat the connector, clear codes and recheck live data
2227|94|16|John Deere||Engine ECU|Fuel delivery pressure sensor, moderately above normal range|hde_fuel_pressure_low_sensor|SPN 94 (Fuel delivery pressure sensor) with FMI 16 (Moderately above normal range) is set by the Engine ECU when the fuel delivery (low-side) pressure sensor signal leaves its plausible window or the sensor circuit reads open, shorted or erratic. Typical causes are a failed sensor, corroded connector pins, chafed harness wiring, or a genuine underlying system condition the sensor is correctly reporting.|deere_omh229936|http://manuals.deere.com/omview/OMH229936_19/OUO6075_0000B3D_19_02AUG07_1.htm||OMH229936 9670/9770 STS engine control unit DTCs|9136|Test the fuel delivery (low-side) pressure sensor signal, ground and reference circuits|4|Fleet technician|5.0|60.0|1.2|1. Back-probe the signal, ground and 5V/8V reference pins at the ECU connector • 2. Check for opens, shorts to ground/battery and resistance in range • 3. Repair chafed or corroded wiring, reseal splices, clear codes
2269|107|0|John Deere||Engine ECU|Air filter restriction sensor, reading far too high (most severe)|hde_air_filter_restriction|SPN 107 (Air filter restriction sensor) with FMI 0 (Reading in-range but far too high) is set by the Engine ECU when the intake air filter shows excessive restriction or an abnormal differential-pressure reading. Typical causes are a filter past its service interval, an abnormal contamination source, or a failed differential-pressure sensor.|deere_omrg35856|http://manuals.deere.com/omview/OMRG35856_19/OURGP12,00001FC_19_20100408.html||OMRG35856 PowerTech DTC list|9300|Inspect for the cause of premature restriction|1|Fleet technician|0.0|200.0|0.8|1. Check for an abnormal contamination source (dust, oil carryover, damaged housing seal) • 2. Correct the cause • 3. Clear codes and monitor
2269|107|0|John Deere||Engine ECU|Air filter restriction sensor, reading far too high (most severe)|hde_air_filter_restriction|SPN 107 (Air filter restriction sensor) with FMI 0 (Reading in-range but far too high) is set by the Engine ECU when the intake air filter shows excessive restriction or an abnormal differential-pressure reading. Typical causes are a filter past its service interval, an abnormal contamination source, or a failed differential-pressure sensor.|deere_omrg35856|http://manuals.deere.com/omview/OMRG35856_19/OURGP12,00001FC_19_20100408.html||OMRG35856 PowerTech DTC list|9301|Replace the intake air filter|2|Driver check|10.0|80.0|0.4|1. Locate and remove the filter element • 2. Fit a new filter and gasket/seal per OEM interval • 3. Clear codes and verify the differential-pressure reading returns to normal
2269|107|0|John Deere||Engine ECU|Air filter restriction sensor, reading far too high (most severe)|hde_air_filter_restriction|SPN 107 (Air filter restriction sensor) with FMI 0 (Reading in-range but far too high) is set by the Engine ECU when the intake air filter shows excessive restriction or an abnormal differential-pressure reading. Typical causes are a filter past its service interval, an abnormal contamination source, or a failed differential-pressure sensor.|deere_omrg35856|http://manuals.deere.com/omview/OMRG35856_19/OURGP12,00001FC_19_20100408.html||OMRG35856 PowerTech DTC list|9302|Replace the differential-pressure sensor if the filter is not restricted|3|Fleet technician|20.0|120.0|0.6|1. Confirm the filter element itself is within service life and not actually restricted • 2. Replace the differential-pressure sensor • 3. Clear codes and verify
2311|190|18|John Deere||Engine ECU|Engine speed (RPM) signal, moderately below normal range|hde_engine_speed_overspeed|SPN 190 (Engine speed (RPM) signal) with FMI 18 (Moderately below normal range) is set by the Engine ECU when the engine speed (overspeed protection) monitor signal is missing, erratic or implausible. Typical causes are a failed sensor, an incorrect air gap, chafed wiring, or damage to the tone wheel/reluctor the sensor reads.|deere_omrg35856|http://manuals.deere.com/omview/OMRG35856_19/OURGP12,00001FC_19_20100408.html||OMRG35856 PowerTech DTC list|9466|Inspect the tone wheel / reluctor ring for damage|1|Dealer / specialist|0.0|500.0|1.5|1. Inspect the toothed wheel the sensor reads for missing teeth, debris or run-out • 2. Repair or replace as needed • 3. Clear codes and verify
2311|190|18|John Deere||Engine ECU|Engine speed (RPM) signal, moderately below normal range|hde_engine_speed_overspeed|SPN 190 (Engine speed (RPM) signal) with FMI 18 (Moderately below normal range) is set by the Engine ECU when the engine speed (overspeed protection) monitor signal is missing, erratic or implausible. Typical causes are a failed sensor, an incorrect air gap, chafed wiring, or damage to the tone wheel/reluctor the sensor reads.|deere_omrg35856|http://manuals.deere.com/omview/OMRG35856_19/OURGP12,00001FC_19_20100408.html||OMRG35856 PowerTech DTC list|9467|Replace the engine speed (overspeed protection) monitor|2|Fleet technician|25.0|200.0|0.8|1. Verify the sensor's air gap to the tone wheel/reluctor per OEM spec • 2. Remove and replace the sensor • 3. Set the gap, clear codes and verify signal quality
2311|190|18|John Deere||Engine ECU|Engine speed (RPM) signal, moderately below normal range|hde_engine_speed_overspeed|SPN 190 (Engine speed (RPM) signal) with FMI 18 (Moderately below normal range) is set by the Engine ECU when the engine speed (overspeed protection) monitor signal is missing, erratic or implausible. Typical causes are a failed sensor, an incorrect air gap, chafed wiring, or damage to the tone wheel/reluctor the sensor reads.|deere_omrg35856|http://manuals.deere.com/omview/OMRG35856_19/OURGP12,00001FC_19_20100408.html||OMRG35856 PowerTech DTC list|9468|Inspect and clean the engine speed (overspeed protection) monitor connector|3|Fleet technician|0.0|15.0|0.5|1. Key off, unplug the sensor connector • 2. Check pins for corrosion or debris intrusion • 3. Apply dielectric grease, reseat, clear codes
2311|190|18|John Deere||Engine ECU|Engine speed (RPM) signal, moderately below normal range|hde_engine_speed_overspeed|SPN 190 (Engine speed (RPM) signal) with FMI 18 (Moderately below normal range) is set by the Engine ECU when the engine speed (overspeed protection) monitor signal is missing, erratic or implausible. Typical causes are a failed sensor, an incorrect air gap, chafed wiring, or damage to the tone wheel/reluctor the sensor reads.|deere_omrg35856|http://manuals.deere.com/omview/OMRG35856_19/OURGP12,00001FC_19_20100408.html||OMRG35856 PowerTech DTC list|9469|Test the engine speed (overspeed protection) monitor signal circuit|4|Fleet technician|5.0|60.0|1.1|1. Back-probe the signal and ground/shield pins • 2. Check for opens, shorts or excessive resistance • 3. Repair chafed wiring, clear codes
2353|637|8|John Deere|38|Engine ECU|Engine camshaft/timing position sensor signal, missing or wrong frequency|hde_crank_cam_position|SPN 637 (Engine camshaft/timing position sensor signal) with FMI 8 (Wrong frequency, pulse width or period) is set by the Engine ECU when the crankshaft or camshaft position sensor signal is missing, out of range or implausible relative to the engine's other timing references. Typical causes are a failed sensor, an incorrect air gap, connector corrosion, chafed wiring, or damage to the toothed wheel the sensor reads.|deere_omrg35856|http://manuals.deere.com/omview/OMRG35856_19/OURGP12,00001FC_19_20100408.html||OMRG35856 PowerTech DTC list|9627|Inspect and clean the crankshaft or camshaft position sensor connector|1|Fleet technician|0.0|15.0|0.5|1. Key off, unplug the sensor connector • 2. Check pins for corrosion, bent terminals or oil/coolant intrusion • 3. Apply dielectric grease, reseat, clear codes
2353|637|8|John Deere|38|Engine ECU|Engine camshaft/timing position sensor signal, missing or wrong frequency|hde_crank_cam_position|SPN 637 (Engine camshaft/timing position sensor signal) with FMI 8 (Wrong frequency, pulse width or period) is set by the Engine ECU when the crankshaft or camshaft position sensor signal is missing, out of range or implausible relative to the engine's other timing references. Typical causes are a failed sensor, an incorrect air gap, connector corrosion, chafed wiring, or damage to the toothed wheel the sensor reads.|deere_omrg35856|http://manuals.deere.com/omview/OMRG35856_19/OURGP12,00001FC_19_20100408.html||OMRG35856 PowerTech DTC list|9628|Replace the crankshaft or camshaft position sensor|2|Fleet technician|30.0|220.0|0.9|1. Verify sensor air-gap or mounting per OEM spec • 2. Remove and replace the sensor and O-ring/seal • 3. Set the correct gap or torque, clear codes and verify signal quality on a scan tool
2353|637|8|John Deere|38|Engine ECU|Engine camshaft/timing position sensor signal, missing or wrong frequency|hde_crank_cam_position|SPN 637 (Engine camshaft/timing position sensor signal) with FMI 8 (Wrong frequency, pulse width or period) is set by the Engine ECU when the crankshaft or camshaft position sensor signal is missing, out of range or implausible relative to the engine's other timing references. Typical causes are a failed sensor, an incorrect air gap, connector corrosion, chafed wiring, or damage to the toothed wheel the sensor reads.|deere_omrg35856|http://manuals.deere.com/omview/OMRG35856_19/OURGP12,00001FC_19_20100408.html||OMRG35856 PowerTech DTC list|9629|Test the crankshaft or camshaft position sensor signal and supply circuits|3|Fleet technician|5.0|60.0|1.3|1. Back-probe signal, ground and supply-voltage pins at the ECU connector • 2. Check for opens, shorts and correct reference voltage • 3. Repair chafed wiring or corroded splices, clear codes
2353|637|8|John Deere|38|Engine ECU|Engine camshaft/timing position sensor signal, missing or wrong frequency|hde_crank_cam_position|SPN 637 (Engine camshaft/timing position sensor signal) with FMI 8 (Wrong frequency, pulse width or period) is set by the Engine ECU when the crankshaft or camshaft position sensor signal is missing, out of range or implausible relative to the engine's other timing references. Typical causes are a failed sensor, an incorrect air gap, connector corrosion, chafed wiring, or damage to the toothed wheel the sensor reads.|deere_omrg35856|http://manuals.deere.com/omview/OMRG35856_19/OURGP12,00001FC_19_20100408.html||OMRG35856 PowerTech DTC list|9630|Check the sensed target (gear teeth, reluctor ring, linkage) for damage|4|Dealer / specialist|0.0|600.0|1.5|1. Inspect the reluctor wheel, gear teeth or mechanical linkage the sensor reads for damage, debris or wear • 2. Repair or replace the damaged component • 3. Reinstall the sensor, clear codes and verify
2395|654|5|John Deere||Engine ECU|Injector cylinder 4, open circuit (current too low)|hde_injector_cylinder_circuit|SPN 654 (Injector cylinder 4) with FMI 5 (Current too low; open circuit) is set by the Engine ECU when the fuel injector driver circuit reads an abnormal current, resistance or calibration value. Typical causes are a failed injector coil/solenoid, a chafed or corroded driver circuit, or an injector trim code that was not carried over after replacement.|deere_omh229936|http://manuals.deere.com/omview/OMH229936_19/OUO6075_0000B3D_19_02AUG07_1.htm||OMH229936 9670/9770 STS engine control unit DTCs|9795|Inspect and clean the fuel injector connector|1|Fleet technician|0.0|20.0|0.5|1. Key off, unplug the injector connector • 2. Check pins for corrosion, heat damage or a loose crimp • 3. Apply dielectric grease, reseat, clear codes
2395|654|5|John Deere||Engine ECU|Injector cylinder 4, open circuit (current too low)|hde_injector_cylinder_circuit|SPN 654 (Injector cylinder 4) with FMI 5 (Current too low; open circuit) is set by the Engine ECU when the fuel injector driver circuit reads an abnormal current, resistance or calibration value. Typical causes are a failed injector coil/solenoid, a chafed or corroded driver circuit, or an injector trim code that was not carried over after replacement.|deere_omh229936|http://manuals.deere.com/omview/OMH229936_19/OUO6075_0000B3D_19_02AUG07_1.htm||OMH229936 9670/9770 STS engine control unit DTCs|9796|Test the fuel injector driver circuit resistance and wiring|2|Fleet technician|5.0|70.0|1.3|1. Measure coil/solenoid resistance at the connector against OEM spec • 2. Check the harness back to the ECU/injector driver for opens or shorts • 3. Repair or replace the harness section as needed, clear codes
2395|654|5|John Deere||Engine ECU|Injector cylinder 4, open circuit (current too low)|hde_injector_cylinder_circuit|SPN 654 (Injector cylinder 4) with FMI 5 (Current too low; open circuit) is set by the Engine ECU when the fuel injector driver circuit reads an abnormal current, resistance or calibration value. Typical causes are a failed injector coil/solenoid, a chafed or corroded driver circuit, or an injector trim code that was not carried over after replacement.|deere_omh229936|http://manuals.deere.com/omview/OMH229936_19/OUO6075_0000B3D_19_02AUG07_1.htm||OMH229936 9670/9770 STS engine control unit DTCs|9797|Replace the fuel injector|3|Dealer / specialist|120.0|650.0|1.8|1. Confirm which cylinder/position is faulted from live data or cylinder cutout test • 2. Remove and replace the injector, use new seals/washers per OEM spec • 3. Torque to spec, prime the fuel system, clear codes and road-test
2395|654|5|John Deere||Engine ECU|Injector cylinder 4, open circuit (current too low)|hde_injector_cylinder_circuit|SPN 654 (Injector cylinder 4) with FMI 5 (Current too low; open circuit) is set by the Engine ECU when the fuel injector driver circuit reads an abnormal current, resistance or calibration value. Typical causes are a failed injector coil/solenoid, a chafed or corroded driver circuit, or an injector trim code that was not carried over after replacement.|deere_omh229936|http://manuals.deere.com/omview/OMH229936_19/OUO6075_0000B3D_19_02AUG07_1.htm||OMH229936 9670/9770 STS engine control unit DTCs|9798|Perform injector trim/coding reset after service|4|Dealer / specialist|0.0|150.0|0.8|1. Enter the injector serial/trim code from the new injector into the ECU (or reset adaptive trims) using the OEM diagnostic tool • 2. Clear codes • 3. Verify smooth idle and no misfire/imbalance codes return
2437|1075|6|John Deere||Engine ECU|Electric fuel lift pump relay/circuit, shorted to ground (current too high)|hde_fuel_supply_pump|SPN 1075 (Electric fuel lift pump relay/circuit) with FMI 6 (Current too high; short to ground) is set by the Engine ECU when the fuel supply (transfer) pump circuit or its commanded response is abnormal. Typical causes are a failed coil/solenoid, corroded or chafed wiring, or the actuator mechanically sticking.|deere_omrg35856|http://manuals.deere.com/omview/OMRG35856_19/OURGP12,00001FC_19_20100408.html||OMRG35856 PowerTech DTC list|9960|Test the fuel supply (transfer) pump driver circuit|1|Fleet technician|5.0|60.0|1.1|1. Measure coil resistance against OEM spec • 2. Check the drive and return wiring for opens or shorts to ground/battery • 3. Repair as needed, clear codes
2437|1075|6|John Deere||Engine ECU|Electric fuel lift pump relay/circuit, shorted to ground (current too high)|hde_fuel_supply_pump|SPN 1075 (Electric fuel lift pump relay/circuit) with FMI 6 (Current too high; short to ground) is set by the Engine ECU when the fuel supply (transfer) pump circuit or its commanded response is abnormal. Typical causes are a failed coil/solenoid, corroded or chafed wiring, or the actuator mechanically sticking.|deere_omrg35856|http://manuals.deere.com/omview/OMRG35856_19/OURGP12,00001FC_19_20100408.html||OMRG35856 PowerTech DTC list|9961|Inspect and clean the fuel supply (transfer) pump connector|2|Fleet technician|0.0|15.0|0.5|1. Key off, unplug the actuator connector • 2. Check pins for corrosion or a loose crimp • 3. Apply dielectric grease, reseat, clear codes
2437|1075|6|John Deere||Engine ECU|Electric fuel lift pump relay/circuit, shorted to ground (current too high)|hde_fuel_supply_pump|SPN 1075 (Electric fuel lift pump relay/circuit) with FMI 6 (Current too high; short to ground) is set by the Engine ECU when the fuel supply (transfer) pump circuit or its commanded response is abnormal. Typical causes are a failed coil/solenoid, corroded or chafed wiring, or the actuator mechanically sticking.|deere_omrg35856|http://manuals.deere.com/omview/OMRG35856_19/OURGP12,00001FC_19_20100408.html||OMRG35856 PowerTech DTC list|9962|Replace the fuel supply (transfer) pump|3|Fleet technician|40.0|350.0|1.2|1. Remove the actuator/solenoid and inspect the mating bore or linkage for wear or contamination • 2. Fit the replacement with new seals per OEM spec • 3. Clear codes and verify commanded movement on a scan tool
2437|1075|6|John Deere||Engine ECU|Electric fuel lift pump relay/circuit, shorted to ground (current too high)|hde_fuel_supply_pump|SPN 1075 (Electric fuel lift pump relay/circuit) with FMI 6 (Current too high; short to ground) is set by the Engine ECU when the fuel supply (transfer) pump circuit or its commanded response is abnormal. Typical causes are a failed coil/solenoid, corroded or chafed wiring, or the actuator mechanically sticking.|deere_omrg35856|http://manuals.deere.com/omview/OMRG35856_19/OURGP12,00001FC_19_20100408.html||OMRG35856 PowerTech DTC list|9963|Free and verify mechanical movement of the actuated component|4|Fleet technician|0.0|300.0|1.0|1. Check the actuator moves the linkage/valve through its full range without binding or sticking • 2. Clean or free a sticking mechanism, or replace if seized • 3. Clear codes and re-verify commanded response
2479|2630|16|John Deere||Engine ECU|EGR fresh air (inlet) temperature sensor, moderately above normal range|hda_egr_cooler|SPN 2630 (EGR fresh air (inlet) temperature sensor) with FMI 16 (Moderately above normal range) is set by the Engine ECU when the pressure differential across the EGR circuit (or the fresh-air temperature downstream of the EGR cooler) is implausible or high. A fouled or internally leaking EGR cooler, a plugged EGR orifice, or a genuine differential pressure sensor fault are the usual causes.|deere_omh229936|http://manuals.deere.com/omview/OMH229936_19/OUO6075_0000B3D_19_02AUG07_1.htm||OMH229936 9670/9770 STS engine control unit DTCs|10120|Remove and thermally clean or replace the EGR cooler|1|Dealer / specialist|150.0|2200.0|3.5|1. Remove the EGR cooler from the exhaust and inspect the substrate for cracking or excessive ash cake • 2. Send for professional thermal/pneumatic cleaning (or replace if cracked or beyond cleaning spec) with a before/after weight or backpressure reading • 3. Reinstall with new gaskets/clamps, reset the ash/soot service counter with a service tool and clear codes
2479|2630|16|John Deere||Engine ECU|EGR fresh air (inlet) temperature sensor, moderately above normal range|hda_egr_cooler|SPN 2630 (EGR fresh air (inlet) temperature sensor) with FMI 16 (Moderately above normal range) is set by the Engine ECU when the pressure differential across the EGR circuit (or the fresh-air temperature downstream of the EGR cooler) is implausible or high. A fouled or internally leaking EGR cooler, a plugged EGR orifice, or a genuine differential pressure sensor fault are the usual causes.|deere_omh229936|http://manuals.deere.com/omview/OMH229936_19/OUO6075_0000B3D_19_02AUG07_1.htm||OMH229936 9670/9770 STS engine control unit DTCs|10121|Run a parked (stationary) forced regeneration with a service tool|2|Fleet technician|0.0|0.0|1.0|1. Connect a J1939 service tool and confirm no active inhibits (low fuel, low DEF, open door/parking brake requirements per OEM) • 2. Command a parked regeneration and monitor DPF inlet temperature climbs into the regeneration window • 3. Let the cycle complete, then re-read the EGR cooler estimate and clear codes if it has dropped to normal
2479|2630|16|John Deere||Engine ECU|EGR fresh air (inlet) temperature sensor, moderately above normal range|hda_egr_cooler|SPN 2630 (EGR fresh air (inlet) temperature sensor) with FMI 16 (Moderately above normal range) is set by the Engine ECU when the pressure differential across the EGR circuit (or the fresh-air temperature downstream of the EGR cooler) is implausible or high. A fouled or internally leaking EGR cooler, a plugged EGR orifice, or a genuine differential pressure sensor fault are the usual causes.|deere_omh229936|http://manuals.deere.com/omview/OMH229936_19/OUO6075_0000B3D_19_02AUG07_1.htm||OMH229936 9670/9770 STS engine control unit DTCs|10122|Replace the differential pressure sensor and lines feeding the EGR cooler estimate|3|Fleet technician|60.0|220.0|1.0|1. Confirm the estimate tracks a known-bad or known-good differential pressure sensor reading before condemning the filter • 2. Replace the sensor and/or clear the pressure lines if plugged or swapped • 3. Clear codes and re-run the estimate through a duty cycle
2479|2630|16|John Deere||Engine ECU|EGR fresh air (inlet) temperature sensor, moderately above normal range|hda_egr_cooler|SPN 2630 (EGR fresh air (inlet) temperature sensor) with FMI 16 (Moderately above normal range) is set by the Engine ECU when the pressure differential across the EGR circuit (or the fresh-air temperature downstream of the EGR cooler) is implausible or high. A fouled or internally leaking EGR cooler, a plugged EGR orifice, or a genuine differential pressure sensor fault are the usual causes.|deere_omh229936|http://manuals.deere.com/omview/OMH229936_19/OUO6075_0000B3D_19_02AUG07_1.htm||OMH229936 9670/9770 STS engine control unit DTCs|10123|Reset the EGR cooler service counter after filter service|4|Fleet technician|0.0|0.0|0.3|1. After a cleaned or replaced filter is reinstalled, connect a service tool • 2. Reset the ash/soot load counter to zero per the OEM procedure • 3. Clear codes and confirm the estimate starts climbing from zero on the next duty cycle
2521|3822|13|John Deere||Engine ECU|EGR valve 2 position sensor, calibration data invalid|hda_egr_valve_actuator|SPN 3822 (EGR valve 2 position sensor) with FMI 13 (Calibration data outside limits) is set by the Engine ECU when the EGR valve actuator will not reach or hold a commanded position, reports an internal fault, loses calibration, or the motor coil circuit is open or shorted. Carbon buildup in the valve bore that increases actuator load is a leading mechanical cause behind an electrical-looking fault.|deere_omh229936|http://manuals.deere.com/omview/OMH229936_19/OUO6075_0000B3D_19_02AUG07_1.htm||OMH229936 9670/9770 STS engine control unit DTCs|10268|Replace the EGR valve actuator|1|Dealer / specialist|250.0|1400.0|2.0|1. Remove the EGR valve actuator assembly and its gasket/clamp • 2. Install the replacement, torque fasteners per spec and reconnect the harness • 3. Clear codes, run the actuator's self-calibration/learn procedure if the OEM tool supports one, and confirm normal operation
2521|3822|13|John Deere||Engine ECU|EGR valve 2 position sensor, calibration data invalid|hda_egr_valve_actuator|SPN 3822 (EGR valve 2 position sensor) with FMI 13 (Calibration data outside limits) is set by the Engine ECU when the EGR valve actuator will not reach or hold a commanded position, reports an internal fault, loses calibration, or the motor coil circuit is open or shorted. Carbon buildup in the valve bore that increases actuator load is a leading mechanical cause behind an electrical-looking fault.|deere_omh229936|http://manuals.deere.com/omview/OMH229936_19/OUO6075_0000B3D_19_02AUG07_1.htm||OMH229936 9670/9770 STS engine control unit DTCs|10269|Inspect and clean the EGR valve actuator connector|2|Fleet technician|0.0|20.0|0.5|1. Key off, unplug the EGR valve actuator • 2. Check pins for corrosion and the harness for chafing or heat damage near the exhaust • 3. Apply dielectric grease, reseat, clear codes and cycle the actuator with a service tool
2521|3822|13|John Deere||Engine ECU|EGR valve 2 position sensor, calibration data invalid|hda_egr_valve_actuator|SPN 3822 (EGR valve 2 position sensor) with FMI 13 (Calibration data outside limits) is set by the Engine ECU when the EGR valve actuator will not reach or hold a commanded position, reports an internal fault, loses calibration, or the motor coil circuit is open or shorted. Carbon buildup in the valve bore that increases actuator load is a leading mechanical cause behind an electrical-looking fault.|deere_omh229936|http://manuals.deere.com/omview/OMH229936_19/OUO6075_0000B3D_19_02AUG07_1.htm||OMH229936 9670/9770 STS engine control unit DTCs|10270|Test the EGR valve actuator motor/coil circuit|3|Fleet technician|5.0|70.0|1.2|1. Back-probe the motor or coil circuit at the connector • 2. Check winding resistance against spec and continuity/insulation to ground • 3. Repair chafed or shorted wiring, clear codes and re-test with a commanded sweep
2521|3822|13|John Deere||Engine ECU|EGR valve 2 position sensor, calibration data invalid|hda_egr_valve_actuator|SPN 3822 (EGR valve 2 position sensor) with FMI 13 (Calibration data outside limits) is set by the Engine ECU when the EGR valve actuator will not reach or hold a commanded position, reports an internal fault, loses calibration, or the motor coil circuit is open or shorted. Carbon buildup in the valve bore that increases actuator load is a leading mechanical cause behind an electrical-looking fault.|deere_omh229936|http://manuals.deere.com/omview/OMH229936_19/OUO6075_0000B3D_19_02AUG07_1.htm||OMH229936 9670/9770 STS engine control unit DTCs|10271|Free up and clean a sticking EGR valve actuator|4|Fleet technician|30.0|250.0|1.5|1. Remove the EGR valve actuator (or access it in place per OEM procedure) • 2. Clean carbon and soot buildup from the bore/shaft with an approved solvent, working the shaft through its full travel • 3. Reinstall, clear codes and command a full-range sweep with a service tool to confirm smooth travel
2563|2023|9|Navistar||Body controller|Electronic gauge cluster, tachometer sensor fault is not being received at the expected message rate|hdn_gauge_cluster_link|SPN 2023 (Electronic gauge cluster, tachometer sensor fault) with FMI 9 (Message not arriving at expected rate) is set by the Body controller when the gauge cluster -- or one gauge within it, such as the tachometer -- is not receiving the J1939-broadcast data it is meant to display, either because the source message has timed out or because the cluster itself has flagged an internal fault and fallen back to a default display. Typical causes are a connector or wiring fault between the cluster and the backbone, the sending controller going silent, or a faulted cluster module.|navistar_s08327|http://bodybuilder.navistar.com/General/documents/svcmanpdf/S08327.pdf||S08327 Body Controller Diagnostic Trouble Codes (2010)|10437|Confirm the source controller is broadcasting the expected gauge data|1|Fleet technician|0.0|0.0|0.6|1. Connect a J1939 scan tool and confirm the engine or source controller is broadcasting the parameter the affected gauge displays • 2. If the source data is present on the bus but the gauge still fails, treat the cluster itself as the suspect • 3. If the source data is absent, diagnose the sending controller instead of the cluster
2563|2023|9|Navistar||Body controller|Electronic gauge cluster, tachometer sensor fault is not being received at the expected message rate|hdn_gauge_cluster_link|SPN 2023 (Electronic gauge cluster, tachometer sensor fault) with FMI 9 (Message not arriving at expected rate) is set by the Body controller when the gauge cluster -- or one gauge within it, such as the tachometer -- is not receiving the J1939-broadcast data it is meant to display, either because the source message has timed out or because the cluster itself has flagged an internal fault and fallen back to a default display. Typical causes are a connector or wiring fault between the cluster and the backbone, the sending controller going silent, or a faulted cluster module.|navistar_s08327|http://bodybuilder.navistar.com/General/documents/svcmanpdf/S08327.pdf||S08327 Body Controller Diagnostic Trouble Codes (2010)|10438|Inspect the gauge cluster connector and its backbone drop line|2|Fleet technician|0.0|20.0|0.5|1. Key off, remove the cluster bezel and inspect the cluster's main connector • 2. Inspect the nearest backbone/drop-line connector feeding the dash for corrosion or looseness • 3. Clean, reseat, clear codes and retest
2563|2023|9|Navistar||Body controller|Electronic gauge cluster, tachometer sensor fault is not being received at the expected message rate|hdn_gauge_cluster_link|SPN 2023 (Electronic gauge cluster, tachometer sensor fault) with FMI 9 (Message not arriving at expected rate) is set by the Body controller when the gauge cluster -- or one gauge within it, such as the tachometer -- is not receiving the J1939-broadcast data it is meant to display, either because the source message has timed out or because the cluster itself has flagged an internal fault and fallen back to a default display. Typical causes are a connector or wiring fault between the cluster and the backbone, the sending controller going silent, or a faulted cluster module.|navistar_s08327|http://bodybuilder.navistar.com/General/documents/svcmanpdf/S08327.pdf||S08327 Body Controller Diagnostic Trouble Codes (2010)|10439|Replace a faulted gauge cluster|3|Fleet technician|150.0|900.0|1.2|1. Confirm the cluster fails to display data that is confirmed present on the bus • 2. Remove and replace the gauge cluster per OEM procedure • 3. Program/configure the replacement cluster to the chassis with the OEM tool, clear codes and verify all gauges
2563|2023|9|Navistar||Body controller|Electronic gauge cluster, tachometer sensor fault is not being received at the expected message rate|hdn_gauge_cluster_link|SPN 2023 (Electronic gauge cluster, tachometer sensor fault) with FMI 9 (Message not arriving at expected rate) is set by the Body controller when the gauge cluster -- or one gauge within it, such as the tachometer -- is not receiving the J1939-broadcast data it is meant to display, either because the source message has timed out or because the cluster itself has flagged an internal fault and fallen back to a default display. Typical causes are a connector or wiring fault between the cluster and the backbone, the sending controller going silent, or a faulted cluster module.|navistar_s08327|http://bodybuilder.navistar.com/General/documents/svcmanpdf/S08327.pdf||S08327 Body Controller Diagnostic Trouble Codes (2010)|10440|Verify power, ground and CAN continuity at the gauge cluster|4|Fleet technician|5.0|40.0|0.8|1. Back-probe the cluster's power and ground pins and confirm battery voltage and a clean ground • 2. Check CAN H/CAN L continuity on the drop line feeding the cluster • 3. Repair any wiring fault found
2605|3415|7|Navistar||Body controller|Door lock status signal is not responding to the commanded position|hdc_door_control_circuit|SPN 3415 (Door lock status signal) with FMI 7 (Mechanical part not reacting or misadjusted) is set by the Body controller when a power door lock or latch actuator does not reach its commanded position, or the actuator's status/tell-tale circuit reads open or shorted. Typical causes are a mechanically binding or frozen lock mechanism, a failed door lock actuator, or a corroded connector or damaged wiring in the door harness.|navistar_s08327|http://bodybuilder.navistar.com/General/documents/svcmanpdf/S08327.pdf||S08327 Body Controller Diagnostic Trouble Codes (2010)|10605|Free and lubricate the door lock/latch mechanism|1|Fleet technician|5.0|40.0|0.6|1. Remove the door panel or access cover to reach the lock/latch mechanism • 2. Clean out debris or corrosion and lubricate the linkage • 3. Cycle the lock and confirm the actuator reaches full travel
2605|3415|7|Navistar||Body controller|Door lock status signal is not responding to the commanded position|hdc_door_control_circuit|SPN 3415 (Door lock status signal) with FMI 7 (Mechanical part not reacting or misadjusted) is set by the Body controller when a power door lock or latch actuator does not reach its commanded position, or the actuator's status/tell-tale circuit reads open or shorted. Typical causes are a mechanically binding or frozen lock mechanism, a failed door lock actuator, or a corroded connector or damaged wiring in the door harness.|navistar_s08327|http://bodybuilder.navistar.com/General/documents/svcmanpdf/S08327.pdf||S08327 Body Controller Diagnostic Trouble Codes (2010)|10606|Replace the door lock/latch actuator|2|Fleet technician|25.0|160.0|0.8|1. Remove the door panel and disconnect the actuator • 2. Install a replacement actuator of the same type • 3. Reconnect the linkage, cycle the lock and confirm full travel
2605|3415|7|Navistar||Body controller|Door lock status signal is not responding to the commanded position|hdc_door_control_circuit|SPN 3415 (Door lock status signal) with FMI 7 (Mechanical part not reacting or misadjusted) is set by the Body controller when a power door lock or latch actuator does not reach its commanded position, or the actuator's status/tell-tale circuit reads open or shorted. Typical causes are a mechanically binding or frozen lock mechanism, a failed door lock actuator, or a corroded connector or damaged wiring in the door harness.|navistar_s08327|http://bodybuilder.navistar.com/General/documents/svcmanpdf/S08327.pdf||S08327 Body Controller Diagnostic Trouble Codes (2010)|10607|Inspect and clean the door harness connector|3|Fleet technician|0.0|15.0|0.4|1. Key off, unplug the connector at the door harness pass-through • 2. Check pins for corrosion, spread terminals • 3. Apply dielectric grease, reconnect and cycle the lock
2605|3415|7|Navistar||Body controller|Door lock status signal is not responding to the commanded position|hdc_door_control_circuit|SPN 3415 (Door lock status signal) with FMI 7 (Mechanical part not reacting or misadjusted) is set by the Body controller when a power door lock or latch actuator does not reach its commanded position, or the actuator's status/tell-tale circuit reads open or shorted. Typical causes are a mechanically binding or frozen lock mechanism, a failed door lock actuator, or a corroded connector or damaged wiring in the door harness.|navistar_s08327|http://bodybuilder.navistar.com/General/documents/svcmanpdf/S08327.pdf||S08327 Body Controller Diagnostic Trouble Codes (2010)|10608|Trace and repair the door actuator drive circuit|4|Fleet technician|10.0|90.0|1.1|1. Back-probe the drive pins at the body controller while commanding the lock • 2. Follow the circuit through the door boot to the actuator, checking for a broken conductor at the hinge flex point • 3. Repair the damaged section, clear and re-check
2647|4046|5|Navistar||Body controller|Transfer case status (general fault) is open, no current detected|hdc_pto_driveline_control|SPN 4046 (Transfer case status (general fault)) with FMI 5 (Current too low; open circuit) is set by the Body controller when a power take-off, transfer case, or driveline engagement sensor or solenoid circuit interfaced through the body controller reads open, shorted, or erratic. Typical causes are a failed position sensor or engagement solenoid, a corroded connector at the PTO or transfer case, or damaged wiring between the component and the body controller.|navistar_s08327|http://bodybuilder.navistar.com/General/documents/svcmanpdf/S08327.pdf||S08327 Body Controller Diagnostic Trouble Codes (2010)|10773|Inspect and clean the PTO/transfer case sensor or solenoid connector|1|Fleet technician|0.0|20.0|0.5|1. Key off, unplug the connector at the sensor or engagement solenoid • 2. Check pins for corrosion and fluid intrusion, spread terminals • 3. Apply dielectric grease, reconnect and cycle the function
2647|4046|5|Navistar||Body controller|Transfer case status (general fault) is open, no current detected|hdc_pto_driveline_control|SPN 4046 (Transfer case status (general fault)) with FMI 5 (Current too low; open circuit) is set by the Body controller when a power take-off, transfer case, or driveline engagement sensor or solenoid circuit interfaced through the body controller reads open, shorted, or erratic. Typical causes are a failed position sensor or engagement solenoid, a corroded connector at the PTO or transfer case, or damaged wiring between the component and the body controller.|navistar_s08327|http://bodybuilder.navistar.com/General/documents/svcmanpdf/S08327.pdf||S08327 Body Controller Diagnostic Trouble Codes (2010)|10774|Trace and repair the sensor/solenoid wiring to the body controller|2|Fleet technician|10.0|100.0|1.3|1. Back-probe the relevant pin at the body controller while cycling the function • 2. Follow the circuit to the component, checking for opens, shorts or chafe near the driveline • 3. Repair the damaged section, clear and re-check
2647|4046|5|Navistar||Body controller|Transfer case status (general fault) is open, no current detected|hdc_pto_driveline_control|SPN 4046 (Transfer case status (general fault)) with FMI 5 (Current too low; open circuit) is set by the Body controller when a power take-off, transfer case, or driveline engagement sensor or solenoid circuit interfaced through the body controller reads open, shorted, or erratic. Typical causes are a failed position sensor or engagement solenoid, a corroded connector at the PTO or transfer case, or damaged wiring between the component and the body controller.|navistar_s08327|http://bodybuilder.navistar.com/General/documents/svcmanpdf/S08327.pdf||S08327 Body Controller Diagnostic Trouble Codes (2010)|10775|Replace the PTO/transfer case position sensor or engagement solenoid|3|Fleet technician|30.0|250.0|0.9|1. Access the sensor or solenoid on the PTO or transfer case • 2. Replace the failed component • 3. Reconnect, cycle the function and confirm correct engagement/position reporting
2647|4046|5|Navistar||Body controller|Transfer case status (general fault) is open, no current detected|hdc_pto_driveline_control|SPN 4046 (Transfer case status (general fault)) with FMI 5 (Current too low; open circuit) is set by the Body controller when a power take-off, transfer case, or driveline engagement sensor or solenoid circuit interfaced through the body controller reads open, shorted, or erratic. Typical causes are a failed position sensor or engagement solenoid, a corroded connector at the PTO or transfer case, or damaged wiring between the component and the body controller.|navistar_s08327|http://bodybuilder.navistar.com/General/documents/svcmanpdf/S08327.pdf||S08327 Body Controller Diagnostic Trouble Codes (2010)|10776|Verify the PTO/driveline output configuration in Diamond Logic Builder|4|Dealer / specialist|0.0|180.0|1.0|1. Connect Diamond Logic Builder and read the PTO/transfer case interlock and output configuration • 2. Confirm the logic matches the installed PTO or transfer case • 3. Reprogram if mismatched, clear codes and re-verify
2689|520488|2|Navistar||Body controller|Remote power module 2, channel 5 output does not match the commanded state|hdc_remote_power_module_output|SPN 520488 (Remote power module 2, channel 5 output) with FMI 2 (Signal unstable, intermittent or implausible) is set by the Body controller when a Remote Power Module (RPM) output channel reports a state the ESC does not expect for the load configured on that channel — open, shorted to ground, or not updating. Typical causes are a failed load device, a corroded connector at the RPM or the load, or damaged wiring on that channel's circuit.|navistar_s08327|http://bodybuilder.navistar.com/General/documents/svcmanpdf/S08327.pdf||S08327 Body Controller Diagnostic Trouble Codes (2010)|10951|Inspect and clean the Remote Power Module output connector|1|Fleet technician|0.0|20.0|0.5|1. Key off, unplug the RPM connector for the affected channel • 2. Check pins for corrosion, spread terminals • 3. Apply dielectric grease, reconnect and cycle the channel to confirm operation
2689|520488|2|Navistar||Body controller|Remote power module 2, channel 5 output does not match the commanded state|hdc_remote_power_module_output|SPN 520488 (Remote power module 2, channel 5 output) with FMI 2 (Signal unstable, intermittent or implausible) is set by the Body controller when a Remote Power Module (RPM) output channel reports a state the ESC does not expect for the load configured on that channel — open, shorted to ground, or not updating. Typical causes are a failed load device, a corroded connector at the RPM or the load, or damaged wiring on that channel's circuit.|navistar_s08327|http://bodybuilder.navistar.com/General/documents/svcmanpdf/S08327.pdf||S08327 Body Controller Diagnostic Trouble Codes (2010)|10952|Trace and repair the output channel wiring|2|Fleet technician|10.0|100.0|1.2|1. Back-probe the RPM output pin while commanding the channel • 2. Follow the circuit to the load, checking for chafe, opens or shorts to ground • 3. Repair the damaged section, clear and re-check
2689|520488|2|Navistar||Body controller|Remote power module 2, channel 5 output does not match the commanded state|hdc_remote_power_module_output|SPN 520488 (Remote power module 2, channel 5 output) with FMI 2 (Signal unstable, intermittent or implausible) is set by the Body controller when a Remote Power Module (RPM) output channel reports a state the ESC does not expect for the load configured on that channel — open, shorted to ground, or not updating. Typical causes are a failed load device, a corroded connector at the RPM or the load, or damaged wiring on that channel's circuit.|navistar_s08327|http://bodybuilder.navistar.com/General/documents/svcmanpdf/S08327.pdf||S08327 Body Controller Diagnostic Trouble Codes (2010)|10953|Replace the failed load device on the channel|3|Fleet technician|10.0|150.0|0.7|1. Identify the load wired to this RPM output channel from the body-builder wiring diagram • 2. Test and replace the failed load device (lamp, motor, solenoid, etc.) • 3. Reconnect, cycle the channel and confirm it powers up cleanly
2689|520488|2|Navistar||Body controller|Remote power module 2, channel 5 output does not match the commanded state|hdc_remote_power_module_output|SPN 520488 (Remote power module 2, channel 5 output) with FMI 2 (Signal unstable, intermittent or implausible) is set by the Body controller when a Remote Power Module (RPM) output channel reports a state the ESC does not expect for the load configured on that channel — open, shorted to ground, or not updating. Typical causes are a failed load device, a corroded connector at the RPM or the load, or damaged wiring on that channel's circuit.|navistar_s08327|http://bodybuilder.navistar.com/General/documents/svcmanpdf/S08327.pdf||S08327 Body Controller Diagnostic Trouble Codes (2010)|10954|Verify the RPM channel assignment in Diamond Logic Builder|4|Dealer / specialist|0.0|180.0|1.0|1. Connect Diamond Logic Builder and read the Remote Power Module channel configuration • 2. Confirm the channel's function and current limit match the installed load • 3. Reprogram if mismatched, then clear codes
2731|520552|2|Navistar||Body controller|TEM auxiliary 1 interlock switch input is erratic or not read correctly|hdc_switch_pack_multiplex|SPN 520552 (TEM auxiliary 1 interlock switch input) with FMI 2 (Signal unstable, intermittent or implausible) is set by the Body controller when a multiplexed switch pack module stops reporting valid switch states to the ESC, and the ESC defaults every switch in that pack to its fallback value. Typical causes are a failed or unpowered switch pack module, a corroded or unseated connector at the module, or damaged wiring on the multiplex link between the switch pack and the body controller.|navistar_s08327|http://bodybuilder.navistar.com/General/documents/svcmanpdf/S08327.pdf||S08327 Body Controller Diagnostic Trouble Codes (2010)|11133|Inspect and reseat the switch pack module connector|1|Fleet technician|0.0|20.0|0.5|1. Key off, unplug the switch pack module connector • 2. Check pins for corrosion and spread terminals • 3. Apply dielectric grease, reconnect and cycle switches to confirm the ESC reports live states
2731|520552|2|Navistar||Body controller|TEM auxiliary 1 interlock switch input is erratic or not read correctly|hdc_switch_pack_multiplex|SPN 520552 (TEM auxiliary 1 interlock switch input) with FMI 2 (Signal unstable, intermittent or implausible) is set by the Body controller when a multiplexed switch pack module stops reporting valid switch states to the ESC, and the ESC defaults every switch in that pack to its fallback value. Typical causes are a failed or unpowered switch pack module, a corroded or unseated connector at the module, or damaged wiring on the multiplex link between the switch pack and the body controller.|navistar_s08327|http://bodybuilder.navistar.com/General/documents/svcmanpdf/S08327.pdf||S08327 Body Controller Diagnostic Trouble Codes (2010)|11134|Check the multiplex link wiring between the switch pack and the ESC|2|Fleet technician|10.0|100.0|1.2|1. With a wiring diagram, locate the multiplex data pair to the switch pack • 2. Check for continuity, shorts to ground/power, and correct termination • 3. Repair the damaged section, clear and re-check
2731|520552|2|Navistar||Body controller|TEM auxiliary 1 interlock switch input is erratic or not read correctly|hdc_switch_pack_multiplex|SPN 520552 (TEM auxiliary 1 interlock switch input) with FMI 2 (Signal unstable, intermittent or implausible) is set by the Body controller when a multiplexed switch pack module stops reporting valid switch states to the ESC, and the ESC defaults every switch in that pack to its fallback value. Typical causes are a failed or unpowered switch pack module, a corroded or unseated connector at the module, or damaged wiring on the multiplex link between the switch pack and the body controller.|navistar_s08327|http://bodybuilder.navistar.com/General/documents/svcmanpdf/S08327.pdf||S08327 Body Controller Diagnostic Trouble Codes (2010)|11135|Replace the switch pack module|3|Dealer / specialist|0.0|0.0|1.5|1. Confirm module power, ground and multiplex link are healthy first • 2. Replace the switch pack module (dealer-sourced) • 3. Reprogram and verify all switches in the pack report correctly
2731|520552|2|Navistar||Body controller|TEM auxiliary 1 interlock switch input is erratic or not read correctly|hdc_switch_pack_multiplex|SPN 520552 (TEM auxiliary 1 interlock switch input) with FMI 2 (Signal unstable, intermittent or implausible) is set by the Body controller when a multiplexed switch pack module stops reporting valid switch states to the ESC, and the ESC defaults every switch in that pack to its fallback value. Typical causes are a failed or unpowered switch pack module, a corroded or unseated connector at the module, or damaged wiring on the multiplex link between the switch pack and the body controller.|navistar_s08327|http://bodybuilder.navistar.com/General/documents/svcmanpdf/S08327.pdf||S08327 Body Controller Diagnostic Trouble Codes (2010)|11136|Reteach the switch pack assignment in Diamond Logic Builder|4|Dealer / specialist|0.0|150.0|1.0|1. Connect Diamond Logic Builder and read the switch pack configuration • 2. Reteach or reassign the switch pack address if it was replaced or reconfigured • 3. Clear codes and verify each switch's function
2773|520589|2|Navistar||Body controller|TEM dual switch 1 input is erratic or not read correctly|hdc_switch_pack_multiplex|SPN 520589 (TEM dual switch 1 input) with FMI 2 (Signal unstable, intermittent or implausible) is set by the Body controller when a multiplexed switch pack module stops reporting valid switch states to the ESC, and the ESC defaults every switch in that pack to its fallback value. Typical causes are a failed or unpowered switch pack module, a corroded or unseated connector at the module, or damaged wiring on the multiplex link between the switch pack and the body controller.|navistar_s08327|http://bodybuilder.navistar.com/General/documents/svcmanpdf/S08327.pdf||S08327 Body Controller Diagnostic Trouble Codes (2010)|11301|Inspect and reseat the switch pack module connector|1|Fleet technician|0.0|20.0|0.5|1. Key off, unplug the switch pack module connector • 2. Check pins for corrosion and spread terminals • 3. Apply dielectric grease, reconnect and cycle switches to confirm the ESC reports live states
2773|520589|2|Navistar||Body controller|TEM dual switch 1 input is erratic or not read correctly|hdc_switch_pack_multiplex|SPN 520589 (TEM dual switch 1 input) with FMI 2 (Signal unstable, intermittent or implausible) is set by the Body controller when a multiplexed switch pack module stops reporting valid switch states to the ESC, and the ESC defaults every switch in that pack to its fallback value. Typical causes are a failed or unpowered switch pack module, a corroded or unseated connector at the module, or damaged wiring on the multiplex link between the switch pack and the body controller.|navistar_s08327|http://bodybuilder.navistar.com/General/documents/svcmanpdf/S08327.pdf||S08327 Body Controller Diagnostic Trouble Codes (2010)|11302|Check the multiplex link wiring between the switch pack and the ESC|2|Fleet technician|10.0|100.0|1.2|1. With a wiring diagram, locate the multiplex data pair to the switch pack • 2. Check for continuity, shorts to ground/power, and correct termination • 3. Repair the damaged section, clear and re-check
2773|520589|2|Navistar||Body controller|TEM dual switch 1 input is erratic or not read correctly|hdc_switch_pack_multiplex|SPN 520589 (TEM dual switch 1 input) with FMI 2 (Signal unstable, intermittent or implausible) is set by the Body controller when a multiplexed switch pack module stops reporting valid switch states to the ESC, and the ESC defaults every switch in that pack to its fallback value. Typical causes are a failed or unpowered switch pack module, a corroded or unseated connector at the module, or damaged wiring on the multiplex link between the switch pack and the body controller.|navistar_s08327|http://bodybuilder.navistar.com/General/documents/svcmanpdf/S08327.pdf||S08327 Body Controller Diagnostic Trouble Codes (2010)|11303|Replace the switch pack module|3|Dealer / specialist|0.0|0.0|1.5|1. Confirm module power, ground and multiplex link are healthy first • 2. Replace the switch pack module (dealer-sourced) • 3. Reprogram and verify all switches in the pack report correctly
2773|520589|2|Navistar||Body controller|TEM dual switch 1 input is erratic or not read correctly|hdc_switch_pack_multiplex|SPN 520589 (TEM dual switch 1 input) with FMI 2 (Signal unstable, intermittent or implausible) is set by the Body controller when a multiplexed switch pack module stops reporting valid switch states to the ESC, and the ESC defaults every switch in that pack to its fallback value. Typical causes are a failed or unpowered switch pack module, a corroded or unseated connector at the module, or damaged wiring on the multiplex link between the switch pack and the body controller.|navistar_s08327|http://bodybuilder.navistar.com/General/documents/svcmanpdf/S08327.pdf||S08327 Body Controller Diagnostic Trouble Codes (2010)|11304|Reteach the switch pack assignment in Diamond Logic Builder|4|Dealer / specialist|0.0|150.0|1.0|1. Connect Diamond Logic Builder and read the switch pack configuration • 2. Reteach or reassign the switch pack address if it was replaced or reconfigured • 3. Clear codes and verify each switch's function
2815|520734|5|Navistar||Body controller|Front driveline engagement circuit is open, no current detected|hdc_pto_driveline_control|SPN 520734 (Front driveline engagement circuit) with FMI 5 (Current too low; open circuit) is set by the Body controller when a power take-off, transfer case, or driveline engagement sensor or solenoid circuit interfaced through the body controller reads open, shorted, or erratic. Typical causes are a failed position sensor or engagement solenoid, a corroded connector at the PTO or transfer case, or damaged wiring between the component and the body controller.|navistar_s08327|http://bodybuilder.navistar.com/General/documents/svcmanpdf/S08327.pdf||S08327 Body Controller Diagnostic Trouble Codes (2010)|11471|Inspect and clean the PTO/transfer case sensor or solenoid connector|1|Fleet technician|0.0|20.0|0.5|1. Key off, unplug the connector at the sensor or engagement solenoid • 2. Check pins for corrosion and fluid intrusion, spread terminals • 3. Apply dielectric grease, reconnect and cycle the function
2815|520734|5|Navistar||Body controller|Front driveline engagement circuit is open, no current detected|hdc_pto_driveline_control|SPN 520734 (Front driveline engagement circuit) with FMI 5 (Current too low; open circuit) is set by the Body controller when a power take-off, transfer case, or driveline engagement sensor or solenoid circuit interfaced through the body controller reads open, shorted, or erratic. Typical causes are a failed position sensor or engagement solenoid, a corroded connector at the PTO or transfer case, or damaged wiring between the component and the body controller.|navistar_s08327|http://bodybuilder.navistar.com/General/documents/svcmanpdf/S08327.pdf||S08327 Body Controller Diagnostic Trouble Codes (2010)|11472|Trace and repair the sensor/solenoid wiring to the body controller|2|Fleet technician|10.0|100.0|1.3|1. Back-probe the relevant pin at the body controller while cycling the function • 2. Follow the circuit to the component, checking for opens, shorts or chafe near the driveline • 3. Repair the damaged section, clear and re-check
2815|520734|5|Navistar||Body controller|Front driveline engagement circuit is open, no current detected|hdc_pto_driveline_control|SPN 520734 (Front driveline engagement circuit) with FMI 5 (Current too low; open circuit) is set by the Body controller when a power take-off, transfer case, or driveline engagement sensor or solenoid circuit interfaced through the body controller reads open, shorted, or erratic. Typical causes are a failed position sensor or engagement solenoid, a corroded connector at the PTO or transfer case, or damaged wiring between the component and the body controller.|navistar_s08327|http://bodybuilder.navistar.com/General/documents/svcmanpdf/S08327.pdf||S08327 Body Controller Diagnostic Trouble Codes (2010)|11473|Replace the PTO/transfer case position sensor or engagement solenoid|3|Fleet technician|30.0|250.0|0.9|1. Access the sensor or solenoid on the PTO or transfer case • 2. Replace the failed component • 3. Reconnect, cycle the function and confirm correct engagement/position reporting
2815|520734|5|Navistar||Body controller|Front driveline engagement circuit is open, no current detected|hdc_pto_driveline_control|SPN 520734 (Front driveline engagement circuit) with FMI 5 (Current too low; open circuit) is set by the Body controller when a power take-off, transfer case, or driveline engagement sensor or solenoid circuit interfaced through the body controller reads open, shorted, or erratic. Typical causes are a failed position sensor or engagement solenoid, a corroded connector at the PTO or transfer case, or damaged wiring between the component and the body controller.|navistar_s08327|http://bodybuilder.navistar.com/General/documents/svcmanpdf/S08327.pdf||S08327 Body Controller Diagnostic Trouble Codes (2010)|11474|Verify the PTO/driveline output configuration in Diamond Logic Builder|4|Dealer / specialist|0.0|180.0|1.0|1. Connect Diamond Logic Builder and read the PTO/transfer case interlock and output configuration • 2. Confirm the logic matches the installed PTO or transfer case • 3. Reprogram if mismatched, clear codes and re-verify
2857|520871|6|Navistar||Body controller|Blackout lighting ignition relay 1 circuit is shorted to ground or drawing excess current|hdc_blackout_lamp_output|SPN 520871 (Blackout lighting ignition relay 1 circuit) with FMI 6 (Current too high; short to ground) is set by the Body controller when a blackout-drive, convoy, or trailer blackout lamp output circuit reads shorted to ground rather than the expected lamp load. This equipment is fitted on tactical and convoy-configured vocational trucks; typical causes are a failed blackout lamp assembly, water intrusion at the lamp connector, or chafed wiring in the trailer or chassis harness feeding the blackout circuit.|navistar_s08327|http://bodybuilder.navistar.com/General/documents/svcmanpdf/S08327.pdf||S08327 Body Controller Diagnostic Trouble Codes (2010)|11640|Trace and repair the blackout lamp output wiring|1|Fleet technician|10.0|100.0|1.3|1. Back-probe the output pin at the body controller with blackout mode selected • 2. Follow the circuit to the lamp, checking for chafe or moisture damage • 3. Repair the damaged section, reseal, clear and re-check
2857|520871|6|Navistar||Body controller|Blackout lighting ignition relay 1 circuit is shorted to ground or drawing excess current|hdc_blackout_lamp_output|SPN 520871 (Blackout lighting ignition relay 1 circuit) with FMI 6 (Current too high; short to ground) is set by the Body controller when a blackout-drive, convoy, or trailer blackout lamp output circuit reads shorted to ground rather than the expected lamp load. This equipment is fitted on tactical and convoy-configured vocational trucks; typical causes are a failed blackout lamp assembly, water intrusion at the lamp connector, or chafed wiring in the trailer or chassis harness feeding the blackout circuit.|navistar_s08327|http://bodybuilder.navistar.com/General/documents/svcmanpdf/S08327.pdf||S08327 Body Controller Diagnostic Trouble Codes (2010)|11641|Inspect and clean the blackout lamp connector|2|Fleet technician|0.0|20.0|0.5|1. Key off, unplug the blackout lamp connector • 2. Check pins for corrosion and water/moisture intrusion, spread terminals • 3. Apply dielectric grease, reconnect and confirm operation
2857|520871|6|Navistar||Body controller|Blackout lighting ignition relay 1 circuit is shorted to ground or drawing excess current|hdc_blackout_lamp_output|SPN 520871 (Blackout lighting ignition relay 1 circuit) with FMI 6 (Current too high; short to ground) is set by the Body controller when a blackout-drive, convoy, or trailer blackout lamp output circuit reads shorted to ground rather than the expected lamp load. This equipment is fitted on tactical and convoy-configured vocational trucks; typical causes are a failed blackout lamp assembly, water intrusion at the lamp connector, or chafed wiring in the trailer or chassis harness feeding the blackout circuit.|navistar_s08327|http://bodybuilder.navistar.com/General/documents/svcmanpdf/S08327.pdf||S08327 Body Controller Diagnostic Trouble Codes (2010)|11642|Replace the blackout lamp assembly|3|Fleet technician|15.0|120.0|0.6|1. Remove the lamp housing • 2. Replace the sealed blackout lamp assembly • 3. Reinstall, seal the mount, and confirm the lamp operates in blackout mode
2857|520871|6|Navistar||Body controller|Blackout lighting ignition relay 1 circuit is shorted to ground or drawing excess current|hdc_blackout_lamp_output|SPN 520871 (Blackout lighting ignition relay 1 circuit) with FMI 6 (Current too high; short to ground) is set by the Body controller when a blackout-drive, convoy, or trailer blackout lamp output circuit reads shorted to ground rather than the expected lamp load. This equipment is fitted on tactical and convoy-configured vocational trucks; typical causes are a failed blackout lamp assembly, water intrusion at the lamp connector, or chafed wiring in the trailer or chassis harness feeding the blackout circuit.|navistar_s08327|http://bodybuilder.navistar.com/General/documents/svcmanpdf/S08327.pdf||S08327 Body Controller Diagnostic Trouble Codes (2010)|11643|Verify the blackout lighting configuration in Diamond Logic Builder|4|Dealer / specialist|0.0|180.0|1.0|1. Connect Diamond Logic Builder and read the blackout/convoy lighting configuration • 2. Confirm the output channel and mode selector match the installed equipment • 3. Reprogram if mismatched, then clear codes
2899|110|31|PSI||Engine ECU|Engine coolant temperature sensor signal stuck, not responding to changes|hde_coolant_temp_sensor|SPN 110 (Engine coolant temperature) with FMI 31 (Fault present; no further detail) is set by the Engine ECU when the engine coolant temperature sensor signal leaves its plausible window or the sensor circuit reads open, shorted or erratic. Typical causes are a failed sensor, corroded connector pins, chafed harness wiring, or a genuine underlying system condition the sensor is correctly reporting.|psi_60l_obdhd|https://dtnacontent-dtna.prd.freightliner.com/content/dam/dtna-servicelit/dtna/pdfs/en_us/fccc/engines/6.0L%20OBD%20MT-88%20HD%20Gasoline%20Diagnostic%20Manual%20(pre-released).pdf|205|PSI 6.0L OBD-HD engine diagnostic manual (FCCC chassis)|11808|Verify the underlying system condition the sensor is reporting|1|Fleet technician|0.0|400.0|1.0|1. Confirm whether the out-of-range reading reflects a real system fault or a bad sensor • 2. Inspect the related system for the root physical cause • 3. Repair as needed, then clear codes and re-verify
2899|110|31|PSI||Engine ECU|Engine coolant temperature sensor signal stuck, not responding to changes|hde_coolant_temp_sensor|SPN 110 (Engine coolant temperature) with FMI 31 (Fault present; no further detail) is set by the Engine ECU when the engine coolant temperature sensor signal leaves its plausible window or the sensor circuit reads open, shorted or erratic. Typical causes are a failed sensor, corroded connector pins, chafed harness wiring, or a genuine underlying system condition the sensor is correctly reporting.|psi_60l_obdhd|https://dtnacontent-dtna.prd.freightliner.com/content/dam/dtna-servicelit/dtna/pdfs/en_us/fccc/engines/6.0L%20OBD%20MT-88%20HD%20Gasoline%20Diagnostic%20Manual%20(pre-released).pdf|205|PSI 6.0L OBD-HD engine diagnostic manual (FCCC chassis)|11809|Replace the engine coolant temperature sensor|2|Fleet technician|25.0|150.0|0.7|1. Confirm the sensor's live reading against a known-good reference (scan tool or hand-held meter) • 2. Remove and replace the sensor, torque per OEM spec • 3. Clear codes and verify the new reading tracks correctly
2899|110|31|PSI||Engine ECU|Engine coolant temperature sensor signal stuck, not responding to changes|hde_coolant_temp_sensor|SPN 110 (Engine coolant temperature) with FMI 31 (Fault present; no further detail) is set by the Engine ECU when the engine coolant temperature sensor signal leaves its plausible window or the sensor circuit reads open, shorted or erratic. Typical causes are a failed sensor, corroded connector pins, chafed harness wiring, or a genuine underlying system condition the sensor is correctly reporting.|psi_60l_obdhd|https://dtnacontent-dtna.prd.freightliner.com/content/dam/dtna-servicelit/dtna/pdfs/en_us/fccc/engines/6.0L%20OBD%20MT-88%20HD%20Gasoline%20Diagnostic%20Manual%20(pre-released).pdf|205|PSI 6.0L OBD-HD engine diagnostic manual (FCCC chassis)|11810|Inspect and clean the engine coolant temperature sensor connector|3|Fleet technician|0.0|15.0|0.5|1. Key off, unplug the sensor connector • 2. Check pins for corrosion, bent terminals or moisture intrusion • 3. Apply dielectric grease, reseat the connector, clear codes and recheck live data
2899|110|31|PSI||Engine ECU|Engine coolant temperature sensor signal stuck, not responding to changes|hde_coolant_temp_sensor|SPN 110 (Engine coolant temperature) with FMI 31 (Fault present; no further detail) is set by the Engine ECU when the engine coolant temperature sensor signal leaves its plausible window or the sensor circuit reads open, shorted or erratic. Typical causes are a failed sensor, corroded connector pins, chafed harness wiring, or a genuine underlying system condition the sensor is correctly reporting.|psi_60l_obdhd|https://dtnacontent-dtna.prd.freightliner.com/content/dam/dtna-servicelit/dtna/pdfs/en_us/fccc/engines/6.0L%20OBD%20MT-88%20HD%20Gasoline%20Diagnostic%20Manual%20(pre-released).pdf|205|PSI 6.0L OBD-HD engine diagnostic manual (FCCC chassis)|11811|Test the engine coolant temperature sensor signal, ground and reference circuits|4|Fleet technician|5.0|60.0|1.2|1. Back-probe the signal, ground and 5V/8V reference pins at the ECU connector • 2. Check for opens, shorts to ground/battery and resistance in range • 3. Repair chafed or corroded wiring, reseal splices, clear codes
2941|653|4|PSI||Engine ECU|Cylinder 3 injector circuit reads low (shorted to ground)|hde_injector_cylinder_circuit|SPN 653 (Injector cylinder 3) with FMI 4 (Circuit voltage low / short to ground) is set by the Engine ECU when the fuel injector driver circuit reads an abnormal current, resistance or calibration value. Typical causes are a failed injector coil/solenoid, a chafed or corroded driver circuit, or an injector trim code that was not carried over after replacement.|psi_60l_obdhd|https://dtnacontent-dtna.prd.freightliner.com/content/dam/dtna-servicelit/dtna/pdfs/en_us/fccc/engines/6.0L%20OBD%20MT-88%20HD%20Gasoline%20Diagnostic%20Manual%20(pre-released).pdf|222|PSI 6.0L OBD-HD engine diagnostic manual (FCCC chassis)|11969|Inspect and clean the fuel injector connector|1|Fleet technician|0.0|20.0|0.5|1. Key off, unplug the injector connector • 2. Check pins for corrosion, heat damage or a loose crimp • 3. Apply dielectric grease, reseat, clear codes
2941|653|4|PSI||Engine ECU|Cylinder 3 injector circuit reads low (shorted to ground)|hde_injector_cylinder_circuit|SPN 653 (Injector cylinder 3) with FMI 4 (Circuit voltage low / short to ground) is set by the Engine ECU when the fuel injector driver circuit reads an abnormal current, resistance or calibration value. Typical causes are a failed injector coil/solenoid, a chafed or corroded driver circuit, or an injector trim code that was not carried over after replacement.|psi_60l_obdhd|https://dtnacontent-dtna.prd.freightliner.com/content/dam/dtna-servicelit/dtna/pdfs/en_us/fccc/engines/6.0L%20OBD%20MT-88%20HD%20Gasoline%20Diagnostic%20Manual%20(pre-released).pdf|222|PSI 6.0L OBD-HD engine diagnostic manual (FCCC chassis)|11970|Test the fuel injector driver circuit resistance and wiring|2|Fleet technician|5.0|70.0|1.3|1. Measure coil/solenoid resistance at the connector against OEM spec • 2. Check the harness back to the ECU/injector driver for opens or shorts • 3. Repair or replace the harness section as needed, clear codes
2941|653|4|PSI||Engine ECU|Cylinder 3 injector circuit reads low (shorted to ground)|hde_injector_cylinder_circuit|SPN 653 (Injector cylinder 3) with FMI 4 (Circuit voltage low / short to ground) is set by the Engine ECU when the fuel injector driver circuit reads an abnormal current, resistance or calibration value. Typical causes are a failed injector coil/solenoid, a chafed or corroded driver circuit, or an injector trim code that was not carried over after replacement.|psi_60l_obdhd|https://dtnacontent-dtna.prd.freightliner.com/content/dam/dtna-servicelit/dtna/pdfs/en_us/fccc/engines/6.0L%20OBD%20MT-88%20HD%20Gasoline%20Diagnostic%20Manual%20(pre-released).pdf|222|PSI 6.0L OBD-HD engine diagnostic manual (FCCC chassis)|11971|Replace the fuel injector|3|Dealer / specialist|120.0|650.0|1.8|1. Confirm which cylinder/position is faulted from live data or cylinder cutout test • 2. Remove and replace the injector, use new seals/washers per OEM spec • 3. Torque to spec, prime the fuel system, clear codes and road-test
2941|653|4|PSI||Engine ECU|Cylinder 3 injector circuit reads low (shorted to ground)|hde_injector_cylinder_circuit|SPN 653 (Injector cylinder 3) with FMI 4 (Circuit voltage low / short to ground) is set by the Engine ECU when the fuel injector driver circuit reads an abnormal current, resistance or calibration value. Typical causes are a failed injector coil/solenoid, a chafed or corroded driver circuit, or an injector trim code that was not carried over after replacement.|psi_60l_obdhd|https://dtnacontent-dtna.prd.freightliner.com/content/dam/dtna-servicelit/dtna/pdfs/en_us/fccc/engines/6.0L%20OBD%20MT-88%20HD%20Gasoline%20Diagnostic%20Manual%20(pre-released).pdf|222|PSI 6.0L OBD-HD engine diagnostic manual (FCCC chassis)|11972|Perform injector trim/coding reset after service|4|Dealer / specialist|0.0|150.0|0.8|1. Enter the injector serial/trim code from the new injector into the ECU (or reset adaptive trims) using the OEM diagnostic tool • 2. Clear codes • 3. Verify smooth idle and no misfire/imbalance codes return
2983|1270|5|PSI||Engine ECU|Ignition coil H primary circuit open (no current)|hde_ignition_coil_circuit|SPN 1270 (Ignition coil H primary circuit) with FMI 5 (Current too low; open circuit) is set by the Engine ECU when the ignition coil circuit or its commanded response is abnormal. Typical causes are a failed coil/solenoid, corroded or chafed wiring, or the actuator mechanically sticking.|psi_60l_obdhd|https://dtnacontent-dtna.prd.freightliner.com/content/dam/dtna-servicelit/dtna/pdfs/en_us/fccc/engines/6.0L%20OBD%20MT-88%20HD%20Gasoline%20Diagnostic%20Manual%20(pre-released).pdf|284|PSI 6.0L OBD-HD engine diagnostic manual (FCCC chassis)|12133|Inspect and clean the ignition coil connector|1|Fleet technician|0.0|15.0|0.5|1. Key off, unplug the actuator connector • 2. Check pins for corrosion or a loose crimp • 3. Apply dielectric grease, reseat, clear codes
2983|1270|5|PSI||Engine ECU|Ignition coil H primary circuit open (no current)|hde_ignition_coil_circuit|SPN 1270 (Ignition coil H primary circuit) with FMI 5 (Current too low; open circuit) is set by the Engine ECU when the ignition coil circuit or its commanded response is abnormal. Typical causes are a failed coil/solenoid, corroded or chafed wiring, or the actuator mechanically sticking.|psi_60l_obdhd|https://dtnacontent-dtna.prd.freightliner.com/content/dam/dtna-servicelit/dtna/pdfs/en_us/fccc/engines/6.0L%20OBD%20MT-88%20HD%20Gasoline%20Diagnostic%20Manual%20(pre-released).pdf|284|PSI 6.0L OBD-HD engine diagnostic manual (FCCC chassis)|12134|Test the ignition coil driver circuit|2|Fleet technician|5.0|60.0|1.1|1. Measure coil resistance against OEM spec • 2. Check the drive and return wiring for opens or shorts to ground/battery • 3. Repair as needed, clear codes
2983|1270|5|PSI||Engine ECU|Ignition coil H primary circuit open (no current)|hde_ignition_coil_circuit|SPN 1270 (Ignition coil H primary circuit) with FMI 5 (Current too low; open circuit) is set by the Engine ECU when the ignition coil circuit or its commanded response is abnormal. Typical causes are a failed coil/solenoid, corroded or chafed wiring, or the actuator mechanically sticking.|psi_60l_obdhd|https://dtnacontent-dtna.prd.freightliner.com/content/dam/dtna-servicelit/dtna/pdfs/en_us/fccc/engines/6.0L%20OBD%20MT-88%20HD%20Gasoline%20Diagnostic%20Manual%20(pre-released).pdf|284|PSI 6.0L OBD-HD engine diagnostic manual (FCCC chassis)|12135|Replace the ignition coil|3|Fleet technician|40.0|350.0|1.2|1. Remove the actuator/solenoid and inspect the mating bore or linkage for wear or contamination • 2. Fit the replacement with new seals per OEM spec • 3. Clear codes and verify commanded movement on a scan tool
2983|1270|5|PSI||Engine ECU|Ignition coil H primary circuit open (no current)|hde_ignition_coil_circuit|SPN 1270 (Ignition coil H primary circuit) with FMI 5 (Current too low; open circuit) is set by the Engine ECU when the ignition coil circuit or its commanded response is abnormal. Typical causes are a failed coil/solenoid, corroded or chafed wiring, or the actuator mechanically sticking.|psi_60l_obdhd|https://dtnacontent-dtna.prd.freightliner.com/content/dam/dtna-servicelit/dtna/pdfs/en_us/fccc/engines/6.0L%20OBD%20MT-88%20HD%20Gasoline%20Diagnostic%20Manual%20(pre-released).pdf|284|PSI 6.0L OBD-HD engine diagnostic manual (FCCC chassis)|12136|Free and verify mechanical movement of the actuated component|4|Fleet technician|0.0|300.0|1.0|1. Check the actuator moves the linkage/valve through its full range without binding or sticking • 2. Clean or free a sticking mechanism, or replace if seized • 3. Clear codes and re-verify commanded response
3025|2011|19|PSI||Engine ECU|ABS control module message failed checksum validation|hdn_received_brake_abs_data|SPN 2011 (Loss/invalid data from ABS control module) with FMI 19 (Network-received value flagged as error) is set by the Engine ECU when a value the brake or ABS/ESC system broadcasts on J1939 -- a wheel speed, a brake pressure, a brake/hill-holder switch state, ABS/ASR status, or an external brake request (XBR) -- stops arriving at the expected rate, fails validation, or is out of the receiving controller's calibrated range. The Engine ECU only receives this value over the network rather than measuring it directly, so the fault is a link problem until the brake/ABS system's own diagnostics say otherwise: check the ABS/ESC controller for its own active codes and confirm it is still transmitting before assuming the Engine ECU itself has failed.|psi_60l_obdhd|https://dtnacontent-dtna.prd.freightliner.com/content/dam/dtna-servicelit/dtna/pdfs/en_us/fccc/engines/6.0L%20OBD%20MT-88%20HD%20Gasoline%20Diagnostic%20Manual%20(pre-released).pdf|353|PSI 6.0L OBD-HD engine diagnostic manual (FCCC chassis)|12292|Confirm the brake/ABS controller is transmitting and check its own active codes|1|Fleet technician|0.0|0.0|0.8|1. Connect a J1939 scan tool and confirm the ABS/ESC controller is present on the bus and broadcasting the expected PGN • 2. Read the ABS/ESC controller's own fault codes; an active brake-side fault often explains why the value is missing or invalid downstream • 3. If the ABS/ESC controller shows no fault and is transmitting normally, proceed to the link and receiving-controller checks
3025|2011|19|PSI||Engine ECU|ABS control module message failed checksum validation|hdn_received_brake_abs_data|SPN 2011 (Loss/invalid data from ABS control module) with FMI 19 (Network-received value flagged as error) is set by the Engine ECU when a value the brake or ABS/ESC system broadcasts on J1939 -- a wheel speed, a brake pressure, a brake/hill-holder switch state, ABS/ASR status, or an external brake request (XBR) -- stops arriving at the expected rate, fails validation, or is out of the receiving controller's calibrated range. The Engine ECU only receives this value over the network rather than measuring it directly, so the fault is a link problem until the brake/ABS system's own diagnostics say otherwise: check the ABS/ESC controller for its own active codes and confirm it is still transmitting before assuming the Engine ECU itself has failed.|psi_60l_obdhd|https://dtnacontent-dtna.prd.freightliner.com/content/dam/dtna-servicelit/dtna/pdfs/en_us/fccc/engines/6.0L%20OBD%20MT-88%20HD%20Gasoline%20Diagnostic%20Manual%20(pre-released).pdf|353|PSI 6.0L OBD-HD engine diagnostic manual (FCCC chassis)|12293|Reconfigure the receiving controller's expected-source parameters|2|Dealer / specialist|0.0|150.0|1.0|1. Connect the OEM service tool to the receiving controller • 2. Check its expected-source and parameter configuration against the OEM specification for this chassis • 3. Reprogram or update as needed, clear codes, and confirm the value now arrives at the expected rate
3025|2011|19|PSI||Engine ECU|ABS control module message failed checksum validation|hdn_received_brake_abs_data|SPN 2011 (Loss/invalid data from ABS control module) with FMI 19 (Network-received value flagged as error) is set by the Engine ECU when a value the brake or ABS/ESC system broadcasts on J1939 -- a wheel speed, a brake pressure, a brake/hill-holder switch state, ABS/ASR status, or an external brake request (XBR) -- stops arriving at the expected rate, fails validation, or is out of the receiving controller's calibrated range. The Engine ECU only receives this value over the network rather than measuring it directly, so the fault is a link problem until the brake/ABS system's own diagnostics say otherwise: check the ABS/ESC controller for its own active codes and confirm it is still transmitting before assuming the Engine ECU itself has failed.|psi_60l_obdhd|https://dtnacontent-dtna.prd.freightliner.com/content/dam/dtna-servicelit/dtna/pdfs/en_us/fccc/engines/6.0L%20OBD%20MT-88%20HD%20Gasoline%20Diagnostic%20Manual%20(pre-released).pdf|353|PSI 6.0L OBD-HD engine diagnostic manual (FCCC chassis)|12294|Inspect connectors on the ABS/ESC controller and the shared backbone|3|Fleet technician|0.0|20.0|0.5|1. Key off, inspect the ABS/ESC controller's main connector and the nearest backbone/drop-line or wheel-speed connector • 2. Check for corrosion, bent pins or a partially seated connector • 3. Clean, reseat, clear codes and retest
3025|2011|19|PSI||Engine ECU|ABS control module message failed checksum validation|hdn_received_brake_abs_data|SPN 2011 (Loss/invalid data from ABS control module) with FMI 19 (Network-received value flagged as error) is set by the Engine ECU when a value the brake or ABS/ESC system broadcasts on J1939 -- a wheel speed, a brake pressure, a brake/hill-holder switch state, ABS/ASR status, or an external brake request (XBR) -- stops arriving at the expected rate, fails validation, or is out of the receiving controller's calibrated range. The Engine ECU only receives this value over the network rather than measuring it directly, so the fault is a link problem until the brake/ABS system's own diagnostics say otherwise: check the ABS/ESC controller for its own active codes and confirm it is still transmitting before assuming the Engine ECU itself has failed.|psi_60l_obdhd|https://dtnacontent-dtna.prd.freightliner.com/content/dam/dtna-servicelit/dtna/pdfs/en_us/fccc/engines/6.0L%20OBD%20MT-88%20HD%20Gasoline%20Diagnostic%20Manual%20(pre-released).pdf|353|PSI 6.0L OBD-HD engine diagnostic manual (FCCC chassis)|12295|Verify ABS/ESC power/ground and backbone termination|4|Fleet technician|5.0|40.0|1.0|1. Back-probe the ABS/ESC controller's power and ground pins and confirm battery voltage and a clean ground • 2. With the bus powered down, measure 60 ohms across CAN H/CAN L to confirm backbone termination is intact • 3. Repair any open, shorted or corroded wiring found
3067|3262|4|PSI||Engine ECU|Oxygen sensor heater circuit, bank 2 sensor 1, reads low (shorted to ground)|hda_catalyst_o2_lambda_sensor|SPN 3262 (Oxygen sensor heater circuit, bank 2 sensor 1) with FMI 4 (Circuit voltage low / short to ground) is set by the Engine ECU for the lambda (wideband O2) sensor used to trim the aftertreatment/combustion feedback loop, or for a post-catalyst fuel trim that has moved outside its expected band. A lazy or contaminated sensor and an exhaust leak ahead of the sensor are the most common causes on gasoline- and dual-fuel heavy-duty engines with a three-way or oxidation catalyst.|psi_60l_obdhd|https://dtnacontent-dtna.prd.freightliner.com/content/dam/dtna-servicelit/dtna/pdfs/en_us/fccc/engines/6.0L%20OBD%20MT-88%20HD%20Gasoline%20Diagnostic%20Manual%20(pre-released).pdf|277|PSI 6.0L OBD-HD engine diagnostic manual (FCCC chassis)|12460|Inspect, clean and reseat the aftertreatment lambda (O2) sensor connector|1|Fleet technician|0.0|25.0|0.5|1. Key off, unplug the aftertreatment lambda (O2) sensor circuit connector • 2. Check pins for corrosion, bent terminals and moisture intrusion, and check the harness for chafing near hot exhaust components • 3. Apply dielectric grease, reseat, clear codes and confirm the fault does not return
3067|3262|4|PSI||Engine ECU|Oxygen sensor heater circuit, bank 2 sensor 1, reads low (shorted to ground)|hda_catalyst_o2_lambda_sensor|SPN 3262 (Oxygen sensor heater circuit, bank 2 sensor 1) with FMI 4 (Circuit voltage low / short to ground) is set by the Engine ECU for the lambda (wideband O2) sensor used to trim the aftertreatment/combustion feedback loop, or for a post-catalyst fuel trim that has moved outside its expected band. A lazy or contaminated sensor and an exhaust leak ahead of the sensor are the most common causes on gasoline- and dual-fuel heavy-duty engines with a three-way or oxidation catalyst.|psi_60l_obdhd|https://dtnacontent-dtna.prd.freightliner.com/content/dam/dtna-servicelit/dtna/pdfs/en_us/fccc/engines/6.0L%20OBD%20MT-88%20HD%20Gasoline%20Diagnostic%20Manual%20(pre-released).pdf|277|PSI 6.0L OBD-HD engine diagnostic manual (FCCC chassis)|12461|Test the aftertreatment lambda (O2) sensor heater, signal and CAN sub-network circuits|2|Fleet technician|5.0|80.0|1.2|1. Back-probe the heater supply, signal and network pins at the connector • 2. Check for battery voltage at the heater pin, correct signal reference and continuity/termination on the sensor's local CAN sub-network • 3. Repair the open, shorted or chafed conductor, reseal the splice, clear codes
3067|3262|4|PSI||Engine ECU|Oxygen sensor heater circuit, bank 2 sensor 1, reads low (shorted to ground)|hda_catalyst_o2_lambda_sensor|SPN 3262 (Oxygen sensor heater circuit, bank 2 sensor 1) with FMI 4 (Circuit voltage low / short to ground) is set by the Engine ECU for the lambda (wideband O2) sensor used to trim the aftertreatment/combustion feedback loop, or for a post-catalyst fuel trim that has moved outside its expected band. A lazy or contaminated sensor and an exhaust leak ahead of the sensor are the most common causes on gasoline- and dual-fuel heavy-duty engines with a three-way or oxidation catalyst.|psi_60l_obdhd|https://dtnacontent-dtna.prd.freightliner.com/content/dam/dtna-servicelit/dtna/pdfs/en_us/fccc/engines/6.0L%20OBD%20MT-88%20HD%20Gasoline%20Diagnostic%20Manual%20(pre-released).pdf|277|PSI 6.0L OBD-HD engine diagnostic manual (FCCC chassis)|12462|Replace the aftertreatment lambda (O2) sensor|3|Dealer / specialist|300.0|700.0|1.2|1. Confirm the fault follows the aftertreatment lambda (O2) sensor and not the harness with a swap or resistance check • 2. Remove and replace the sensor at its mounting boss (exhaust pipe for NOx/O2/NH3 sensors, DEF tank for a quality sensor), torquing/sealing per spec - these are heated, CAN-networked smart sensors; aftermarket HD units commonly run $300-700 • 3. Clear codes, allow the sensor to complete its power-up self-test, and verify normal operation through a duty cycle
3067|3262|4|PSI||Engine ECU|Oxygen sensor heater circuit, bank 2 sensor 1, reads low (shorted to ground)|hda_catalyst_o2_lambda_sensor|SPN 3262 (Oxygen sensor heater circuit, bank 2 sensor 1) with FMI 4 (Circuit voltage low / short to ground) is set by the Engine ECU for the lambda (wideband O2) sensor used to trim the aftertreatment/combustion feedback loop, or for a post-catalyst fuel trim that has moved outside its expected band. A lazy or contaminated sensor and an exhaust leak ahead of the sensor are the most common causes on gasoline- and dual-fuel heavy-duty engines with a three-way or oxidation catalyst.|psi_60l_obdhd|https://dtnacontent-dtna.prd.freightliner.com/content/dam/dtna-servicelit/dtna/pdfs/en_us/fccc/engines/6.0L%20OBD%20MT-88%20HD%20Gasoline%20Diagnostic%20Manual%20(pre-released).pdf|277|PSI 6.0L OBD-HD engine diagnostic manual (FCCC chassis)|12463|Check aftertreatment lambda (O2) sensor calibration/learned values with a service tool|4|Fleet technician|0.0|0.0|0.6|1. Connect a service tool and compare the sensor's live reading against a known reference (refractometer for DEF quality, a second sensor, or a bench check) • 2. Run the OEM's sensor learn/reset procedure if the reading is offset but the circuit tests good • 3. Clear codes and confirm the reading holds through a duty cycle
3109|4241|10|PSI||Engine ECU|Oxygen sensor, bank 2 sensor 1, switches from rich to lean too slowly|hda_catalyst_o2_lambda_sensor|SPN 4241 (Oxygen sensor response time, bank 2 sensor 1) with FMI 10 (Value changing implausibly fast or slow) is set by the Engine ECU for the lambda (wideband O2) sensor used to trim the aftertreatment/combustion feedback loop, or for a post-catalyst fuel trim that has moved outside its expected band. A lazy or contaminated sensor and an exhaust leak ahead of the sensor are the most common causes on gasoline- and dual-fuel heavy-duty engines with a three-way or oxidation catalyst.|psi_60l_obdhd|https://dtnacontent-dtna.prd.freightliner.com/content/dam/dtna-servicelit/dtna/pdfs/en_us/fccc/engines/6.0L%20OBD%20MT-88%20HD%20Gasoline%20Diagnostic%20Manual%20(pre-released).pdf|267|PSI 6.0L OBD-HD engine diagnostic manual (FCCC chassis)|12626|Replace the aftertreatment lambda (O2) sensor|1|Dealer / specialist|300.0|700.0|1.2|1. Confirm the fault follows the aftertreatment lambda (O2) sensor and not the harness with a swap or resistance check • 2. Remove and replace the sensor at its mounting boss (exhaust pipe for NOx/O2/NH3 sensors, DEF tank for a quality sensor), torquing/sealing per spec - these are heated, CAN-networked smart sensors; aftermarket HD units commonly run $300-700 • 3. Clear codes, allow the sensor to complete its power-up self-test, and verify normal operation through a duty cycle
3109|4241|10|PSI||Engine ECU|Oxygen sensor, bank 2 sensor 1, switches from rich to lean too slowly|hda_catalyst_o2_lambda_sensor|SPN 4241 (Oxygen sensor response time, bank 2 sensor 1) with FMI 10 (Value changing implausibly fast or slow) is set by the Engine ECU for the lambda (wideband O2) sensor used to trim the aftertreatment/combustion feedback loop, or for a post-catalyst fuel trim that has moved outside its expected band. A lazy or contaminated sensor and an exhaust leak ahead of the sensor are the most common causes on gasoline- and dual-fuel heavy-duty engines with a three-way or oxidation catalyst.|psi_60l_obdhd|https://dtnacontent-dtna.prd.freightliner.com/content/dam/dtna-servicelit/dtna/pdfs/en_us/fccc/engines/6.0L%20OBD%20MT-88%20HD%20Gasoline%20Diagnostic%20Manual%20(pre-released).pdf|267|PSI 6.0L OBD-HD engine diagnostic manual (FCCC chassis)|12627|Inspect, clean and reseat the aftertreatment lambda (O2) sensor connector|2|Fleet technician|0.0|25.0|0.5|1. Key off, unplug the aftertreatment lambda (O2) sensor circuit connector • 2. Check pins for corrosion, bent terminals and moisture intrusion, and check the harness for chafing near hot exhaust components • 3. Apply dielectric grease, reseat, clear codes and confirm the fault does not return
3109|4241|10|PSI||Engine ECU|Oxygen sensor, bank 2 sensor 1, switches from rich to lean too slowly|hda_catalyst_o2_lambda_sensor|SPN 4241 (Oxygen sensor response time, bank 2 sensor 1) with FMI 10 (Value changing implausibly fast or slow) is set by the Engine ECU for the lambda (wideband O2) sensor used to trim the aftertreatment/combustion feedback loop, or for a post-catalyst fuel trim that has moved outside its expected band. A lazy or contaminated sensor and an exhaust leak ahead of the sensor are the most common causes on gasoline- and dual-fuel heavy-duty engines with a three-way or oxidation catalyst.|psi_60l_obdhd|https://dtnacontent-dtna.prd.freightliner.com/content/dam/dtna-servicelit/dtna/pdfs/en_us/fccc/engines/6.0L%20OBD%20MT-88%20HD%20Gasoline%20Diagnostic%20Manual%20(pre-released).pdf|267|PSI 6.0L OBD-HD engine diagnostic manual (FCCC chassis)|12628|Test the aftertreatment lambda (O2) sensor heater, signal and CAN sub-network circuits|3|Fleet technician|5.0|80.0|1.2|1. Back-probe the heater supply, signal and network pins at the connector • 2. Check for battery voltage at the heater pin, correct signal reference and continuity/termination on the sensor's local CAN sub-network • 3. Repair the open, shorted or chafed conductor, reseal the splice, clear codes
3109|4241|10|PSI||Engine ECU|Oxygen sensor, bank 2 sensor 1, switches from rich to lean too slowly|hda_catalyst_o2_lambda_sensor|SPN 4241 (Oxygen sensor response time, bank 2 sensor 1) with FMI 10 (Value changing implausibly fast or slow) is set by the Engine ECU for the lambda (wideband O2) sensor used to trim the aftertreatment/combustion feedback loop, or for a post-catalyst fuel trim that has moved outside its expected band. A lazy or contaminated sensor and an exhaust leak ahead of the sensor are the most common causes on gasoline- and dual-fuel heavy-duty engines with a three-way or oxidation catalyst.|psi_60l_obdhd|https://dtnacontent-dtna.prd.freightliner.com/content/dam/dtna-servicelit/dtna/pdfs/en_us/fccc/engines/6.0L%20OBD%20MT-88%20HD%20Gasoline%20Diagnostic%20Manual%20(pre-released).pdf|267|PSI 6.0L OBD-HD engine diagnostic manual (FCCC chassis)|12629|Check aftertreatment lambda (O2) sensor calibration/learned values with a service tool|4|Fleet technician|0.0|0.0|0.6|1. Connect a service tool and compare the sensor's live reading against a known reference (refractometer for DEF quality, a second sensor, or a bench check) • 2. Run the OEM's sensor learn/reset procedure if the reading is offset but the circuit tests good • 3. Clear codes and confirm the reading holds through a duty cycle
3151|29|8|Perkins||Engine ECU|Secondary accelerator pedal position sensor frequency or pulse width out of range|hde_throttle_pedal|SPN 29 (Secondary accelerator pedal position sensor) with FMI 8 (Wrong frequency, pulse width or period) is set by the Engine ECU when the accelerator pedal position sensor signal is missing, out of range or implausible relative to the engine's other timing references. Typical causes are a failed sensor, an incorrect air gap, connector corrosion, chafed wiring, or damage to the toothed wheel the sensor reads.|perkins_sebu8601|https://s7d2.scene7.com/is/content/Caterpillar/CM20260911-9f181-9e283|51|SEBU8601-07 1206E-E70TTA industrial engine OMM, Table 3 diagnostic codes|12792|Inspect and clean the accelerator pedal position sensor connector|1|Fleet technician|0.0|15.0|0.5|1. Key off, unplug the sensor connector • 2. Check pins for corrosion, bent terminals or oil/coolant intrusion • 3. Apply dielectric grease, reseat, clear codes
3151|29|8|Perkins||Engine ECU|Secondary accelerator pedal position sensor frequency or pulse width out of range|hde_throttle_pedal|SPN 29 (Secondary accelerator pedal position sensor) with FMI 8 (Wrong frequency, pulse width or period) is set by the Engine ECU when the accelerator pedal position sensor signal is missing, out of range or implausible relative to the engine's other timing references. Typical causes are a failed sensor, an incorrect air gap, connector corrosion, chafed wiring, or damage to the toothed wheel the sensor reads.|perkins_sebu8601|https://s7d2.scene7.com/is/content/Caterpillar/CM20260911-9f181-9e283|51|SEBU8601-07 1206E-E70TTA industrial engine OMM, Table 3 diagnostic codes|12793|Replace the accelerator pedal position sensor|2|Fleet technician|30.0|220.0|0.9|1. Verify sensor air-gap or mounting per OEM spec • 2. Remove and replace the sensor and O-ring/seal • 3. Set the correct gap or torque, clear codes and verify signal quality on a scan tool
3151|29|8|Perkins||Engine ECU|Secondary accelerator pedal position sensor frequency or pulse width out of range|hde_throttle_pedal|SPN 29 (Secondary accelerator pedal position sensor) with FMI 8 (Wrong frequency, pulse width or period) is set by the Engine ECU when the accelerator pedal position sensor signal is missing, out of range or implausible relative to the engine's other timing references. Typical causes are a failed sensor, an incorrect air gap, connector corrosion, chafed wiring, or damage to the toothed wheel the sensor reads.|perkins_sebu8601|https://s7d2.scene7.com/is/content/Caterpillar/CM20260911-9f181-9e283|51|SEBU8601-07 1206E-E70TTA industrial engine OMM, Table 3 diagnostic codes|12794|Test the accelerator pedal position sensor signal and supply circuits|3|Fleet technician|5.0|60.0|1.3|1. Back-probe signal, ground and supply-voltage pins at the ECU connector • 2. Check for opens, shorts and correct reference voltage • 3. Repair chafed wiring or corroded splices, clear codes
3151|29|8|Perkins||Engine ECU|Secondary accelerator pedal position sensor frequency or pulse width out of range|hde_throttle_pedal|SPN 29 (Secondary accelerator pedal position sensor) with FMI 8 (Wrong frequency, pulse width or period) is set by the Engine ECU when the accelerator pedal position sensor signal is missing, out of range or implausible relative to the engine's other timing references. Typical causes are a failed sensor, an incorrect air gap, connector corrosion, chafed wiring, or damage to the toothed wheel the sensor reads.|perkins_sebu8601|https://s7d2.scene7.com/is/content/Caterpillar/CM20260911-9f181-9e283|51|SEBU8601-07 1206E-E70TTA industrial engine OMM, Table 3 diagnostic codes|12795|Check the sensed target (gear teeth, reluctor ring, linkage) for damage|4|Dealer / specialist|0.0|600.0|1.5|1. Inspect the reluctor wheel, gear teeth or mechanical linkage the sensor reads for damage, debris or wear • 2. Repair or replace the damaged component • 3. Reinstall the sensor, clear codes and verify
3193|174|4|Perkins||Engine ECU|Fuel temperature sensor circuit reads low (shorted to ground)|hde_fuel_temp_sensor|SPN 174 (Fuel temperature sensor) with FMI 4 (Circuit voltage low / short to ground) is set by the Engine ECU when the fuel temperature sensor signal leaves its plausible window or the sensor circuit reads open, shorted or erratic. Typical causes are a failed sensor, corroded connector pins, chafed harness wiring, or a genuine underlying system condition the sensor is correctly reporting.|perkins_sebu8601|https://s7d2.scene7.com/is/content/Caterpillar/CM20260911-9f181-9e283|51|SEBU8601-07 1206E-E70TTA industrial engine OMM, Table 3 diagnostic codes|12958|Inspect and clean the fuel temperature sensor connector|1|Fleet technician|0.0|15.0|0.5|1. Key off, unplug the sensor connector • 2. Check pins for corrosion, bent terminals or moisture intrusion • 3. Apply dielectric grease, reseat the connector, clear codes and recheck live data
3193|174|4|Perkins||Engine ECU|Fuel temperature sensor circuit reads low (shorted to ground)|hde_fuel_temp_sensor|SPN 174 (Fuel temperature sensor) with FMI 4 (Circuit voltage low / short to ground) is set by the Engine ECU when the fuel temperature sensor signal leaves its plausible window or the sensor circuit reads open, shorted or erratic. Typical causes are a failed sensor, corroded connector pins, chafed harness wiring, or a genuine underlying system condition the sensor is correctly reporting.|perkins_sebu8601|https://s7d2.scene7.com/is/content/Caterpillar/CM20260911-9f181-9e283|51|SEBU8601-07 1206E-E70TTA industrial engine OMM, Table 3 diagnostic codes|12959|Test the fuel temperature sensor signal, ground and reference circuits|2|Fleet technician|5.0|60.0|1.2|1. Back-probe the signal, ground and 5V/8V reference pins at the ECU connector • 2. Check for opens, shorts to ground/battery and resistance in range • 3. Repair chafed or corroded wiring, reseal splices, clear codes
3193|174|4|Perkins||Engine ECU|Fuel temperature sensor circuit reads low (shorted to ground)|hde_fuel_temp_sensor|SPN 174 (Fuel temperature sensor) with FMI 4 (Circuit voltage low / short to ground) is set by the Engine ECU when the fuel temperature sensor signal leaves its plausible window or the sensor circuit reads open, shorted or erratic. Typical causes are a failed sensor, corroded connector pins, chafed harness wiring, or a genuine underlying system condition the sensor is correctly reporting.|perkins_sebu8601|https://s7d2.scene7.com/is/content/Caterpillar/CM20260911-9f181-9e283|51|SEBU8601-07 1206E-E70TTA industrial engine OMM, Table 3 diagnostic codes|12960|Replace the fuel temperature sensor|3|Fleet technician|25.0|150.0|0.7|1. Confirm the sensor's live reading against a known-good reference (scan tool or hand-held meter) • 2. Remove and replace the sensor, torque per OEM spec • 3. Clear codes and verify the new reading tracks correctly
3193|174|4|Perkins||Engine ECU|Fuel temperature sensor circuit reads low (shorted to ground)|hde_fuel_temp_sensor|SPN 174 (Fuel temperature sensor) with FMI 4 (Circuit voltage low / short to ground) is set by the Engine ECU when the fuel temperature sensor signal leaves its plausible window or the sensor circuit reads open, shorted or erratic. Typical causes are a failed sensor, corroded connector pins, chafed harness wiring, or a genuine underlying system condition the sensor is correctly reporting.|perkins_sebu8601|https://s7d2.scene7.com/is/content/Caterpillar/CM20260911-9f181-9e283|51|SEBU8601-07 1206E-E70TTA industrial engine OMM, Table 3 diagnostic codes|12961|Verify the underlying system condition the sensor is reporting|4|Fleet technician|0.0|400.0|1.0|1. Confirm whether the out-of-range reading reflects a real system fault or a bad sensor • 2. Inspect the related system for the root physical cause • 3. Repair as needed, then clear codes and re-verify
3235|1239|0|Perkins||Engine ECU|Common rail (fuel) pressure sensor reading far above normal range|hde_fuel_rail_pressure|SPN 1239 (Common rail (fuel) pressure sensor) with FMI 0 (Reading in-range but far too high) is set by the Engine ECU when the fuel rail (common rail) pressure sensor signal leaves its plausible window or the sensor circuit reads open, shorted or erratic. Typical causes are a failed sensor, corroded connector pins, chafed harness wiring, or a genuine underlying system condition the sensor is correctly reporting.|perkins_sebu8601|https://s7d2.scene7.com/is/content/Caterpillar/CM20260911-9f181-9e283|54|SEBU8601-07 1206E-E70TTA industrial engine OMM, Table 3 diagnostic codes|13119|Verify the underlying system condition the sensor is reporting|1|Fleet technician|0.0|400.0|1.0|1. Confirm whether the out-of-range reading reflects a real system fault or a bad sensor • 2. Inspect the related system for the root physical cause • 3. Repair as needed, then clear codes and re-verify
3235|1239|0|Perkins||Engine ECU|Common rail (fuel) pressure sensor reading far above normal range|hde_fuel_rail_pressure|SPN 1239 (Common rail (fuel) pressure sensor) with FMI 0 (Reading in-range but far too high) is set by the Engine ECU when the fuel rail (common rail) pressure sensor signal leaves its plausible window or the sensor circuit reads open, shorted or erratic. Typical causes are a failed sensor, corroded connector pins, chafed harness wiring, or a genuine underlying system condition the sensor is correctly reporting.|perkins_sebu8601|https://s7d2.scene7.com/is/content/Caterpillar/CM20260911-9f181-9e283|54|SEBU8601-07 1206E-E70TTA industrial engine OMM, Table 3 diagnostic codes|13120|Replace the fuel rail (common rail) pressure sensor|2|Fleet technician|25.0|150.0|0.7|1. Confirm the sensor's live reading against a known-good reference (scan tool or hand-held meter) • 2. Remove and replace the sensor, torque per OEM spec • 3. Clear codes and verify the new reading tracks correctly
3235|1239|0|Perkins||Engine ECU|Common rail (fuel) pressure sensor reading far above normal range|hde_fuel_rail_pressure|SPN 1239 (Common rail (fuel) pressure sensor) with FMI 0 (Reading in-range but far too high) is set by the Engine ECU when the fuel rail (common rail) pressure sensor signal leaves its plausible window or the sensor circuit reads open, shorted or erratic. Typical causes are a failed sensor, corroded connector pins, chafed harness wiring, or a genuine underlying system condition the sensor is correctly reporting.|perkins_sebu8601|https://s7d2.scene7.com/is/content/Caterpillar/CM20260911-9f181-9e283|54|SEBU8601-07 1206E-E70TTA industrial engine OMM, Table 3 diagnostic codes|13121|Inspect and clean the fuel rail (common rail) pressure sensor connector|3|Fleet technician|0.0|15.0|0.5|1. Key off, unplug the sensor connector • 2. Check pins for corrosion, bent terminals or moisture intrusion • 3. Apply dielectric grease, reseat the connector, clear codes and recheck live data
3235|1239|0|Perkins||Engine ECU|Common rail (fuel) pressure sensor reading far above normal range|hde_fuel_rail_pressure|SPN 1239 (Common rail (fuel) pressure sensor) with FMI 0 (Reading in-range but far too high) is set by the Engine ECU when the fuel rail (common rail) pressure sensor signal leaves its plausible window or the sensor circuit reads open, shorted or erratic. Typical causes are a failed sensor, corroded connector pins, chafed harness wiring, or a genuine underlying system condition the sensor is correctly reporting.|perkins_sebu8601|https://s7d2.scene7.com/is/content/Caterpillar/CM20260911-9f181-9e283|54|SEBU8601-07 1206E-E70TTA industrial engine OMM, Table 3 diagnostic codes|13122|Test the fuel rail (common rail) pressure sensor signal, ground and reference circuits|4|Fleet technician|5.0|60.0|1.2|1. Back-probe the signal, ground and 5V/8V reference pins at the ECU connector • 2. Check for opens, shorts to ground/battery and resistance in range • 3. Repair chafed or corroded wiring, reseal splices, clear codes
3277|3510|3|Perkins||Engine ECU|ECU sensor supply voltage 2 circuit reads high (shorted to supply)|hde_sensor_supply_5v|SPN 3510 (ECU sensor supply voltage 2, out-of-range fault) with FMI 3 (Circuit voltage high / short to supply) is set by the Engine ECU when the 5V/8V sensor supply rail reads outside its expected voltage band. Typical causes are a shorted sensor or harness branch overloading the shared supply, a corroded connector, or a failed regulator/relay.|perkins_sebu8601|https://s7d2.scene7.com/is/content/Caterpillar/CM20260911-9f181-9e283|52|SEBU8601-07 1206E-E70TTA industrial engine OMM, Table 3 diagnostic codes|13266|Inspect connectors on all circuits fed by the 5V/8V sensor supply rail|1|Fleet technician|0.0|20.0|0.7|1. Key off, inspect every sensor connector sharing this supply rail for corrosion or water intrusion • 2. Clean and reseat as needed • 3. Clear codes and recheck rail voltage
3277|3510|3|Perkins||Engine ECU|ECU sensor supply voltage 2 circuit reads high (shorted to supply)|hde_sensor_supply_5v|SPN 3510 (ECU sensor supply voltage 2, out-of-range fault) with FMI 3 (Circuit voltage high / short to supply) is set by the Engine ECU when the 5V/8V sensor supply rail reads outside its expected voltage band. Typical causes are a shorted sensor or harness branch overloading the shared supply, a corroded connector, or a failed regulator/relay.|perkins_sebu8601|https://s7d2.scene7.com/is/content/Caterpillar/CM20260911-9f181-9e283|52|SEBU8601-07 1206E-E70TTA industrial engine OMM, Table 3 diagnostic codes|13267|Test the 5V/8V sensor supply rail for a short or excessive load|2|Fleet technician|5.0|60.0|1.1|1. Measure the supply rail voltage at the ECU connector against OEM spec with all sensors connected, then with each disconnected in turn • 2. Isolate the shorted or overloaded branch • 3. Repair the wiring/sensor causing the short, clear codes
3277|3510|3|Perkins||Engine ECU|ECU sensor supply voltage 2 circuit reads high (shorted to supply)|hde_sensor_supply_5v|SPN 3510 (ECU sensor supply voltage 2, out-of-range fault) with FMI 3 (Circuit voltage high / short to supply) is set by the Engine ECU when the 5V/8V sensor supply rail reads outside its expected voltage band. Typical causes are a shorted sensor or harness branch overloading the shared supply, a corroded connector, or a failed regulator/relay.|perkins_sebu8601|https://s7d2.scene7.com/is/content/Caterpillar/CM20260911-9f181-9e283|52|SEBU8601-07 1206E-E70TTA industrial engine OMM, Table 3 diagnostic codes|13268|Replace the regulator/relay supplying the 5V/8V sensor supply rail|3|Fleet technician|15.0|150.0|0.8|1. Confirm the supply is out of spec at the ECU's own output pin (points to the ECU/regulator, not the wiring) • 2. Replace the affected relay or, if internal, the ECU • 3. Clear codes and verify
3319|5425|5|Perkins||Engine ECU|Parameter 5425: circuit current too low (open circuit)|hde_unidentified_circuit_fault|SPN 5425 (Parameter 5425 (role not stated by the OEM tables)) is a Perkins-specific parameter with no plain-language description in the source OEM tables; FMI 5 (Current too low; open circuit) reported by the Engine ECU indicates a circuit-type electrical fault (open, short or out-of-range voltage) on whatever sensor or actuator this parameter represents. Diagnose it as a wiring/connector fault using the OEM pin-out for this SPN rather than assuming a specific component.|perkins_sebu8601|https://s7d2.scene7.com/is/content/Caterpillar/CM20260911-9f181-9e283|52|SEBU8601-07 1206E-E70TTA industrial engine OMM, Table 3 diagnostic codes|13416|Inspect and clean the connector for this parameter's circuit|1|Fleet technician|0.0|15.0|0.5|1. Key off, unplug the connector serving this circuit (identify via the pin-out for this SPN in the OEM wiring diagram) • 2. Check pins for corrosion or a loose crimp • 3. Apply dielectric grease, reseat, clear codes
3319|5425|5|Perkins||Engine ECU|Parameter 5425: circuit current too low (open circuit)|hde_unidentified_circuit_fault|SPN 5425 (Parameter 5425 (role not stated by the OEM tables)) is a Perkins-specific parameter with no plain-language description in the source OEM tables; FMI 5 (Current too low; open circuit) reported by the Engine ECU indicates a circuit-type electrical fault (open, short or out-of-range voltage) on whatever sensor or actuator this parameter represents. Diagnose it as a wiring/connector fault using the OEM pin-out for this SPN rather than assuming a specific component.|perkins_sebu8601|https://s7d2.scene7.com/is/content/Caterpillar/CM20260911-9f181-9e283|52|SEBU8601-07 1206E-E70TTA industrial engine OMM, Table 3 diagnostic codes|13417|Test the circuit for an open, short or out-of-range voltage|2|Fleet technician|5.0|70.0|1.3|1. Back-probe the affected pin(s) at the module connector • 2. Check for opens, shorts to ground/battery and correct reference voltage against the OEM wiring diagram • 3. Repair chafed or corroded wiring, clear codes
3319|5425|5|Perkins||Engine ECU|Parameter 5425: circuit current too low (open circuit)|hde_unidentified_circuit_fault|SPN 5425 (Parameter 5425 (role not stated by the OEM tables)) is a Perkins-specific parameter with no plain-language description in the source OEM tables; FMI 5 (Current too low; open circuit) reported by the Engine ECU indicates a circuit-type electrical fault (open, short or out-of-range voltage) on whatever sensor or actuator this parameter represents. Diagnose it as a wiring/connector fault using the OEM pin-out for this SPN rather than assuming a specific component.|perkins_sebu8601|https://s7d2.scene7.com/is/content/Caterpillar/CM20260911-9f181-9e283|52|SEBU8601-07 1206E-E70TTA industrial engine OMM, Table 3 diagnostic codes|13418|Replace the sensor or actuator on this circuit|3|Dealer / specialist|30.0|300.0|1.2|1. Identify the physical component tied to this manufacturer-specific parameter from the OEM wiring diagram or dealer tool • 2. Replace the component • 3. Clear codes and verify
3361|704|4|WABCO||ABS/ESC|Trailer auxiliary output circuit (WABCO aux): circuit shorted to ground (voltage low)|hdb_auxiliary_output_solenoid_circuit|SPN 704 (Auxiliary I/O channel 4) with FMI 4 (Circuit voltage low / short to ground) is set by the ABS/ESC on a configurable auxiliary output driver -- wired at the factory to a differential lock, transfer case, trailer, or a general-purpose 3/2 valve solenoid -- when that output circuit reads shorted to voltage or ground, open, or does not match its parameter-set configuration. Diagnosis follows the wiring for whichever solenoid the output is assigned to on this vehicle.|wabco_mm1719|https://www.zf.com/products/media/automotive/cv/literature_downloads_wna/truck_solutions/abs_maintenance_manuals_/MM1719_web.pdf|22|MM1719 mBSP ABS/ESC maintenance manual (08.2018)|13578|Identify the assigned solenoid and inspect its connector|1|Fleet technician|0.0|15.0|0.5|1. Use the diagnostic tool to read which function (diff lock, transfer case, trailer, 3/2 valve) the output is configured for • 2. Locate and inspect that solenoid's connector for corrosion • 3. Clean, reconnect and clear codes
3361|704|4|WABCO||ABS/ESC|Trailer auxiliary output circuit (WABCO aux): circuit shorted to ground (voltage low)|hdb_auxiliary_output_solenoid_circuit|SPN 704 (Auxiliary I/O channel 4) with FMI 4 (Circuit voltage low / short to ground) is set by the ABS/ESC on a configurable auxiliary output driver -- wired at the factory to a differential lock, transfer case, trailer, or a general-purpose 3/2 valve solenoid -- when that output circuit reads shorted to voltage or ground, open, or does not match its parameter-set configuration. Diagnosis follows the wiring for whichever solenoid the output is assigned to on this vehicle.|wabco_mm1719|https://www.zf.com/products/media/automotive/cv/literature_downloads_wna/truck_solutions/abs_maintenance_manuals_/MM1719_web.pdf|22|MM1719 mBSP ABS/ESC maintenance manual (08.2018)|13579|Test the auxiliary output driver circuit for a short or open|2|Fleet technician|5.0|70.0|1.2|1. Back-probe the output pin at the ECU and measure resistance to the solenoid coil • 2. Check for a short to ground or voltage along the harness • 3. Repair the wiring and re-test
3361|704|4|WABCO||ABS/ESC|Trailer auxiliary output circuit (WABCO aux): circuit shorted to ground (voltage low)|hdb_auxiliary_output_solenoid_circuit|SPN 704 (Auxiliary I/O channel 4) with FMI 4 (Circuit voltage low / short to ground) is set by the ABS/ESC on a configurable auxiliary output driver -- wired at the factory to a differential lock, transfer case, trailer, or a general-purpose 3/2 valve solenoid -- when that output circuit reads shorted to voltage or ground, open, or does not match its parameter-set configuration. Diagnosis follows the wiring for whichever solenoid the output is assigned to on this vehicle.|wabco_mm1719|https://www.zf.com/products/media/automotive/cv/literature_downloads_wna/truck_solutions/abs_maintenance_manuals_/MM1719_web.pdf|22|MM1719 mBSP ABS/ESC maintenance manual (08.2018)|13580|Replace the assigned solenoid valve|3|Fleet technician|60.0|300.0|1.3|1. Tag and disconnect the air line and electrical connector • 2. Remove and replace the diff lock, transfer case, trailer or 3/2 valve solenoid • 3. Leak-check, clear codes and function-test
3361|704|4|WABCO||ABS/ESC|Trailer auxiliary output circuit (WABCO aux): circuit shorted to ground (voltage low)|hdb_auxiliary_output_solenoid_circuit|SPN 704 (Auxiliary I/O channel 4) with FMI 4 (Circuit voltage low / short to ground) is set by the ABS/ESC on a configurable auxiliary output driver -- wired at the factory to a differential lock, transfer case, trailer, or a general-purpose 3/2 valve solenoid -- when that output circuit reads shorted to voltage or ground, open, or does not match its parameter-set configuration. Diagnosis follows the wiring for whichever solenoid the output is assigned to on this vehicle.|wabco_mm1719|https://www.zf.com/products/media/automotive/cv/literature_downloads_wna/truck_solutions/abs_maintenance_manuals_/MM1719_web.pdf|22|MM1719 mBSP ABS/ESC maintenance manual (08.2018)|13581|Verify the auxiliary output's parameter assignment with a diagnostic tool|4|Dealer / specialist|0.0|150.0|0.8|1. Connect a dealer-level diagnostic tool and read the auxiliary output configuration • 2. Confirm it matches the solenoid actually wired on the truck • 3. Correct the parameter and clear codes
3403|790|8|WABCO||ABS/ESC|Wheel speed sensor, steer axle right: signal frequency or pulse width wrong|hdb_wheel_speed_signal_erratic|SPN 790 (Wheel speed sensor, steer axle right) with FMI 8 (Wrong frequency, pulse width or period) is set by the ABS/ESC when a wheel-speed signal is plausible in amplitude but behaves erratically -- chattering, jumping, arriving at the wrong update rate, or disagreeing with the other wheels on the axle, including a sensor pair wired in reverse or an output too low at drive-off. Typical causes are a damaged or debris-packed tone ring, a loose sensor, mismatched tire sizes on an axle, or a mis-wired sensor after a service.|wabco_mm1719|https://www.zf.com/products/media/automotive/cv/literature_downloads_wna/truck_solutions/abs_maintenance_manuals_/MM1719_web.pdf|24|MM1719 mBSP ABS/ESC maintenance manual (08.2018)|13769|Verify wheel-speed sensor wiring matches the correct wheel position|1|Fleet technician|0.0|0.0|0.5|1. Confirm each sensor connector is routed to its labeled ECU pin • 2. Correct any swapped or reversed left/right connections • 3. Clear codes and road-test
3403|790|8|WABCO||ABS/ESC|Wheel speed sensor, steer axle right: signal frequency or pulse width wrong|hdb_wheel_speed_signal_erratic|SPN 790 (Wheel speed sensor, steer axle right) with FMI 8 (Wrong frequency, pulse width or period) is set by the ABS/ESC when a wheel-speed signal is plausible in amplitude but behaves erratically -- chattering, jumping, arriving at the wrong update rate, or disagreeing with the other wheels on the axle, including a sensor pair wired in reverse or an output too low at drive-off. Typical causes are a damaged or debris-packed tone ring, a loose sensor, mismatched tire sizes on an axle, or a mis-wired sensor after a service.|wabco_mm1719|https://www.zf.com/products/media/automotive/cv/literature_downloads_wna/truck_solutions/abs_maintenance_manuals_/MM1719_web.pdf|24|MM1719 mBSP ABS/ESC maintenance manual (08.2018)|13770|Replace a worn or damaged tone ring|2|Fleet technician|60.0|220.0|1.5|1. Access and remove the damaged tone ring • 2. Press on the replacement ring • 3. Reassemble, set the air gap and road-test
3403|790|8|WABCO||ABS/ESC|Wheel speed sensor, steer axle right: signal frequency or pulse width wrong|hdb_wheel_speed_signal_erratic|SPN 790 (Wheel speed sensor, steer axle right) with FMI 8 (Wrong frequency, pulse width or period) is set by the ABS/ESC when a wheel-speed signal is plausible in amplitude but behaves erratically -- chattering, jumping, arriving at the wrong update rate, or disagreeing with the other wheels on the axle, including a sensor pair wired in reverse or an output too low at drive-off. Typical causes are a damaged or debris-packed tone ring, a loose sensor, mismatched tire sizes on an axle, or a mis-wired sensor after a service.|wabco_mm1719|https://www.zf.com/products/media/automotive/cv/literature_downloads_wna/truck_solutions/abs_maintenance_manuals_/MM1719_web.pdf|24|MM1719 mBSP ABS/ESC maintenance manual (08.2018)|13771|Clean the tone ring and check sensor mounting security|3|Fleet technician|0.0|40.0|0.8|1. Remove debris and metal fines from the tone ring teeth • 2. Confirm the sensor is fully seated and not vibrating loose • 3. Clear codes and road-test through a speed range
3403|790|8|WABCO||ABS/ESC|Wheel speed sensor, steer axle right: signal frequency or pulse width wrong|hdb_wheel_speed_signal_erratic|SPN 790 (Wheel speed sensor, steer axle right) with FMI 8 (Wrong frequency, pulse width or period) is set by the ABS/ESC when a wheel-speed signal is plausible in amplitude but behaves erratically -- chattering, jumping, arriving at the wrong update rate, or disagreeing with the other wheels on the axle, including a sensor pair wired in reverse or an output too low at drive-off. Typical causes are a damaged or debris-packed tone ring, a loose sensor, mismatched tire sizes on an axle, or a mis-wired sensor after a service.|wabco_mm1719|https://www.zf.com/products/media/automotive/cv/literature_downloads_wna/truck_solutions/abs_maintenance_manuals_/MM1719_web.pdf|24|MM1719 mBSP ABS/ESC maintenance manual (08.2018)|13772|Replace a mismatched tire so the axle set matches|4|Fleet technician|400.0|900.0|1.5|1. Identify the tire(s) that do not match the axle set • 2. Replace with a correctly sized/matched tire • 3. Re-verify sizes and pressures, then clear codes
3403|790|8|WABCO||ABS/ESC|Wheel speed sensor, steer axle right: signal frequency or pulse width wrong|hdb_wheel_speed_signal_erratic|SPN 790 (Wheel speed sensor, steer axle right) with FMI 8 (Wrong frequency, pulse width or period) is set by the ABS/ESC when a wheel-speed signal is plausible in amplitude but behaves erratically -- chattering, jumping, arriving at the wrong update rate, or disagreeing with the other wheels on the axle, including a sensor pair wired in reverse or an output too low at drive-off. Typical causes are a damaged or debris-packed tone ring, a loose sensor, mismatched tire sizes on an axle, or a mis-wired sensor after a service.|wabco_mm1719|https://www.zf.com/products/media/automotive/cv/literature_downloads_wna/truck_solutions/abs_maintenance_manuals_/MM1719_web.pdf|24|MM1719 mBSP ABS/ESC maintenance manual (08.2018)|13773|Verify matched tire sizes and pressures across the axle|5|Driver check|0.0|0.0|0.3|1. Measure rolling circumference or check size/load ratings on each tire of the axle • 2. Correct pressure to spec on all positions • 3. Note any mismatched tire for replacement
3445|792|6|WABCO|4+3|ABS/ESC|Sensor circuit shorted; check for corroded or damaged wiring (drive axle right)|hdb_wheel_speed_sensor_circuit|SPN 792 (Wheel speed sensor, drive axle right) with FMI 6 (Current too high; short to ground) is set by the ABS/ESC when a wheel-speed sensor circuit reads open, shorted to voltage or ground, or the sensor no longer reports as a valid device to the ECU. Typical causes are a broken or corroded sensor connector, a chafed harness near the axle or suspension travel, a failed sensor coil, or a wiring short at the ECU pin.|wabco_mm0112|https://www.zf.com/products/media/automotive/cv/literature_downloads_wna/truck_solutions/abs_maintenance_manuals_/MM0112_web.pdf|99|MM0112 ABS/ESC E-version maintenance manual (05.2020)|13973|Trace and repair the sensor wiring harness|1|Fleet technician|5.0|75.0|1.0|1. Back-probe the sensor pins at the ECU and measure coil resistance • 2. Follow the harness to the axle looking for chafe points and pinches • 3. Repair or splice the damaged run, reseal and re-test
3445|792|6|WABCO|4+3|ABS/ESC|Sensor circuit shorted; check for corroded or damaged wiring (drive axle right)|hdb_wheel_speed_sensor_circuit|SPN 792 (Wheel speed sensor, drive axle right) with FMI 6 (Current too high; short to ground) is set by the ABS/ESC when a wheel-speed sensor circuit reads open, shorted to voltage or ground, or the sensor no longer reports as a valid device to the ECU. Typical causes are a broken or corroded sensor connector, a chafed harness near the axle or suspension travel, a failed sensor coil, or a wiring short at the ECU pin.|wabco_mm0112|https://www.zf.com/products/media/automotive/cv/literature_downloads_wna/truck_solutions/abs_maintenance_manuals_/MM0112_web.pdf|99|MM0112 ABS/ESC E-version maintenance manual (05.2020)|13974|Inspect and clean the wheel-speed sensor connector|2|Fleet technician|0.0|15.0|0.4|1. Key off, unplug the sensor connector • 2. Check pins for corrosion, moisture and spread terminals • 3. Clean, apply dielectric grease, reconnect and clear codes
3445|792|6|WABCO|4+3|ABS/ESC|Sensor circuit shorted; check for corroded or damaged wiring (drive axle right)|hdb_wheel_speed_sensor_circuit|SPN 792 (Wheel speed sensor, drive axle right) with FMI 6 (Current too high; short to ground) is set by the ABS/ESC when a wheel-speed sensor circuit reads open, shorted to voltage or ground, or the sensor no longer reports as a valid device to the ECU. Typical causes are a broken or corroded sensor connector, a chafed harness near the axle or suspension travel, a failed sensor coil, or a wiring short at the ECU pin.|wabco_mm0112|https://www.zf.com/products/media/automotive/cv/literature_downloads_wna/truck_solutions/abs_maintenance_manuals_/MM0112_web.pdf|99|MM0112 ABS/ESC E-version maintenance manual (05.2020)|13975|Replace the wheel-speed sensor|3|Fleet technician|40.0|120.0|0.6|1. Remove the old sensor and clean the bore • 2. Fit the new sensor and set the air gap per spec • 3. Reconnect, clear codes and road-test
3445|792|6|WABCO|4+3|ABS/ESC|Sensor circuit shorted; check for corroded or damaged wiring (drive axle right)|hdb_wheel_speed_sensor_circuit|SPN 792 (Wheel speed sensor, drive axle right) with FMI 6 (Current too high; short to ground) is set by the ABS/ESC when a wheel-speed sensor circuit reads open, shorted to voltage or ground, or the sensor no longer reports as a valid device to the ECU. Typical causes are a broken or corroded sensor connector, a chafed harness near the axle or suspension travel, a failed sensor coil, or a wiring short at the ECU pin.|wabco_mm0112|https://www.zf.com/products/media/automotive/cv/literature_downloads_wna/truck_solutions/abs_maintenance_manuals_/MM0112_web.pdf|99|MM0112 ABS/ESC E-version maintenance manual (05.2020)|13976|Replace the sensor pigtail/extension harness|4|Fleet technician|20.0|90.0|0.8|1. Disconnect the failed pigtail at the sensor and at the chassis harness • 2. Route and secure the new pigtail away from moving parts • 3. Reconnect, clear codes and verify a clean speed trace
3445|792|6|WABCO|4+3|ABS/ESC|Sensor circuit shorted; check for corroded or damaged wiring (drive axle right)|hdb_wheel_speed_sensor_circuit|SPN 792 (Wheel speed sensor, drive axle right) with FMI 6 (Current too high; short to ground) is set by the ABS/ESC when a wheel-speed sensor circuit reads open, shorted to voltage or ground, or the sensor no longer reports as a valid device to the ECU. Typical causes are a broken or corroded sensor connector, a chafed harness near the axle or suspension travel, a failed sensor coil, or a wiring short at the ECU pin.|wabco_mm0112|https://www.zf.com/products/media/automotive/cv/literature_downloads_wna/truck_solutions/abs_maintenance_manuals_/MM0112_web.pdf|99|MM0112 ABS/ESC E-version maintenance manual (05.2020)|13977|Clear codes and confirm the fault does not return|5|Fleet technician|0.0|0.0|0.3|1. Clear stored and active codes with a diagnostic tool • 2. Road-test through a speed range • 3. Re-scan to confirm the SPN/FMI has not reset
3487|794|6|WABCO||ABS/ESC|Wheel speed sensor, additional axle right: circuit shorted to ground, current too high|hdb_wheel_speed_sensor_circuit|SPN 794 (Wheel speed sensor, additional axle right) with FMI 6 (Current too high; short to ground) is set by the ABS/ESC when a wheel-speed sensor circuit reads open, shorted to voltage or ground, or the sensor no longer reports as a valid device to the ECU. Typical causes are a broken or corroded sensor connector, a chafed harness near the axle or suspension travel, a failed sensor coil, or a wiring short at the ECU pin.|wabco_mm1719|https://www.zf.com/products/media/automotive/cv/literature_downloads_wna/truck_solutions/abs_maintenance_manuals_/MM1719_web.pdf|28|MM1719 mBSP ABS/ESC maintenance manual (08.2018)|14176|Trace and repair the sensor wiring harness|1|Fleet technician|5.0|75.0|1.0|1. Back-probe the sensor pins at the ECU and measure coil resistance • 2. Follow the harness to the axle looking for chafe points and pinches • 3. Repair or splice the damaged run, reseal and re-test
3487|794|6|WABCO||ABS/ESC|Wheel speed sensor, additional axle right: circuit shorted to ground, current too high|hdb_wheel_speed_sensor_circuit|SPN 794 (Wheel speed sensor, additional axle right) with FMI 6 (Current too high; short to ground) is set by the ABS/ESC when a wheel-speed sensor circuit reads open, shorted to voltage or ground, or the sensor no longer reports as a valid device to the ECU. Typical causes are a broken or corroded sensor connector, a chafed harness near the axle or suspension travel, a failed sensor coil, or a wiring short at the ECU pin.|wabco_mm1719|https://www.zf.com/products/media/automotive/cv/literature_downloads_wna/truck_solutions/abs_maintenance_manuals_/MM1719_web.pdf|28|MM1719 mBSP ABS/ESC maintenance manual (08.2018)|14177|Inspect and clean the wheel-speed sensor connector|2|Fleet technician|0.0|15.0|0.4|1. Key off, unplug the sensor connector • 2. Check pins for corrosion, moisture and spread terminals • 3. Clean, apply dielectric grease, reconnect and clear codes
3487|794|6|WABCO||ABS/ESC|Wheel speed sensor, additional axle right: circuit shorted to ground, current too high|hdb_wheel_speed_sensor_circuit|SPN 794 (Wheel speed sensor, additional axle right) with FMI 6 (Current too high; short to ground) is set by the ABS/ESC when a wheel-speed sensor circuit reads open, shorted to voltage or ground, or the sensor no longer reports as a valid device to the ECU. Typical causes are a broken or corroded sensor connector, a chafed harness near the axle or suspension travel, a failed sensor coil, or a wiring short at the ECU pin.|wabco_mm1719|https://www.zf.com/products/media/automotive/cv/literature_downloads_wna/truck_solutions/abs_maintenance_manuals_/MM1719_web.pdf|28|MM1719 mBSP ABS/ESC maintenance manual (08.2018)|14178|Replace the wheel-speed sensor|3|Fleet technician|40.0|120.0|0.6|1. Remove the old sensor and clean the bore • 2. Fit the new sensor and set the air gap per spec • 3. Reconnect, clear codes and road-test
3487|794|6|WABCO||ABS/ESC|Wheel speed sensor, additional axle right: circuit shorted to ground, current too high|hdb_wheel_speed_sensor_circuit|SPN 794 (Wheel speed sensor, additional axle right) with FMI 6 (Current too high; short to ground) is set by the ABS/ESC when a wheel-speed sensor circuit reads open, shorted to voltage or ground, or the sensor no longer reports as a valid device to the ECU. Typical causes are a broken or corroded sensor connector, a chafed harness near the axle or suspension travel, a failed sensor coil, or a wiring short at the ECU pin.|wabco_mm1719|https://www.zf.com/products/media/automotive/cv/literature_downloads_wna/truck_solutions/abs_maintenance_manuals_/MM1719_web.pdf|28|MM1719 mBSP ABS/ESC maintenance manual (08.2018)|14179|Replace the sensor pigtail/extension harness|4|Fleet technician|20.0|90.0|0.8|1. Disconnect the failed pigtail at the sensor and at the chassis harness • 2. Route and secure the new pigtail away from moving parts • 3. Reconnect, clear codes and verify a clean speed trace
3487|794|6|WABCO||ABS/ESC|Wheel speed sensor, additional axle right: circuit shorted to ground, current too high|hdb_wheel_speed_sensor_circuit|SPN 794 (Wheel speed sensor, additional axle right) with FMI 6 (Current too high; short to ground) is set by the ABS/ESC when a wheel-speed sensor circuit reads open, shorted to voltage or ground, or the sensor no longer reports as a valid device to the ECU. Typical causes are a broken or corroded sensor connector, a chafed harness near the axle or suspension travel, a failed sensor coil, or a wiring short at the ECU pin.|wabco_mm1719|https://www.zf.com/products/media/automotive/cv/literature_downloads_wna/truck_solutions/abs_maintenance_manuals_/MM1719_web.pdf|28|MM1719 mBSP ABS/ESC maintenance manual (08.2018)|14180|Clear codes and confirm the fault does not return|5|Fleet technician|0.0|0.0|0.3|1. Clear stored and active codes with a diagnostic tool • 2. Road-test through a speed range • 3. Re-scan to confirm the SPN/FMI has not reset
3529|800|4|WABCO||ABS/ESC|ABS pressure modulator valve channel, additional axle right: circuit shorted to ground (voltage low)|hdb_abs_modulator_valve|SPN 800 (ABS pressure modulator valve channel, additional axle right) with FMI 4 (Circuit voltage low / short to ground) is set by the ABS/ESC when an ABS pressure-modulator valve solenoid circuit -- the hold or release coil, or the shared common return -- reads shorted, open, or has exceeded its expected duty-cycle life. The fault points to the solenoid coil, its wiring back to the ECU, or the modulator valve body itself.|wabco_mm1719|https://www.zf.com/products/media/automotive/cv/literature_downloads_wna/truck_solutions/abs_maintenance_manuals_/MM1719_web.pdf|31|MM1719 mBSP ABS/ESC maintenance manual (08.2018)|14354|Inspect and clean the modulator valve connector|1|Fleet technician|0.0|15.0|0.4|1. Key off, unplug the valve connector • 2. Check pins for corrosion and spread terminals • 3. Clean, apply dielectric grease, reconnect and clear codes
3529|800|4|WABCO||ABS/ESC|ABS pressure modulator valve channel, additional axle right: circuit shorted to ground (voltage low)|hdb_abs_modulator_valve|SPN 800 (ABS pressure modulator valve channel, additional axle right) with FMI 4 (Circuit voltage low / short to ground) is set by the ABS/ESC when an ABS pressure-modulator valve solenoid circuit -- the hold or release coil, or the shared common return -- reads shorted, open, or has exceeded its expected duty-cycle life. The fault points to the solenoid coil, its wiring back to the ECU, or the modulator valve body itself.|wabco_mm1719|https://www.zf.com/products/media/automotive/cv/literature_downloads_wna/truck_solutions/abs_maintenance_manuals_/MM1719_web.pdf|31|MM1719 mBSP ABS/ESC maintenance manual (08.2018)|14355|Test the hold/release solenoid coil resistance and wiring|2|Fleet technician|5.0|60.0|1.0|1. Back-probe the hold and release coil pins and measure resistance against spec • 2. Check for a short to ground or to voltage on the harness • 3. Repair or replace the wiring as needed
3529|800|4|WABCO||ABS/ESC|ABS pressure modulator valve channel, additional axle right: circuit shorted to ground (voltage low)|hdb_abs_modulator_valve|SPN 800 (ABS pressure modulator valve channel, additional axle right) with FMI 4 (Circuit voltage low / short to ground) is set by the ABS/ESC when an ABS pressure-modulator valve solenoid circuit -- the hold or release coil, or the shared common return -- reads shorted, open, or has exceeded its expected duty-cycle life. The fault points to the solenoid coil, its wiring back to the ECU, or the modulator valve body itself.|wabco_mm1719|https://www.zf.com/products/media/automotive/cv/literature_downloads_wna/truck_solutions/abs_maintenance_manuals_/MM1719_web.pdf|31|MM1719 mBSP ABS/ESC maintenance manual (08.2018)|14356|Replace the ABS pressure modulator valve|3|Fleet technician|250.0|600.0|1.8|1. Tag and disconnect the air lines and electrical connector • 2. Remove and replace the modulator valve, torquing fittings per spec • 3. Leak-check, clear codes and road-test
3529|800|4|WABCO||ABS/ESC|ABS pressure modulator valve channel, additional axle right: circuit shorted to ground (voltage low)|hdb_abs_modulator_valve|SPN 800 (ABS pressure modulator valve channel, additional axle right) with FMI 4 (Circuit voltage low / short to ground) is set by the ABS/ESC when an ABS pressure-modulator valve solenoid circuit -- the hold or release coil, or the shared common return -- reads shorted, open, or has exceeded its expected duty-cycle life. The fault points to the solenoid coil, its wiring back to the ECU, or the modulator valve body itself.|wabco_mm1719|https://www.zf.com/products/media/automotive/cv/literature_downloads_wna/truck_solutions/abs_maintenance_manuals_/MM1719_web.pdf|31|MM1719 mBSP ABS/ESC maintenance manual (08.2018)|14357|Check the modulator for a sticking spool or internal air leak|4|Fleet technician|0.0|350.0|1.2|1. Listen and feel for continuous air flow or chatter at the valve • 2. Cycle the valve with a diagnostic tool and observe exhaust/response • 3. Replace the valve if it sticks or leaks internally
3571|1807|7|WABCO|8+6|ABS/ESC|ESC disabled; steering ratio implausible, recalibrate SAS after steering/front-axle work|hdb_steering_angle_sensor|SPN 1807 (Steering angle sensor (SAS) circuit) with FMI 7 (Mechanical part not reacting or misadjusted) is set by the ABS/ESC when the steering-angle sensor (SAS) that feeds the stability control system reads out of range, times out on the data link, or has not finished its self-calibration. Causes range from a disconnected or misaligned sensor to a needed re-calibration after front-end or steering work.|wabco_mm0112|https://www.zf.com/products/media/automotive/cv/literature_downloads_wna/truck_solutions/abs_maintenance_manuals_/MM0112_web.pdf|117|MM0112 ABS/ESC E-version maintenance manual (05.2020)|14515|Verify the SAS is correctly centered and securely mounted on the column|1|Fleet technician|0.0|60.0|0.8|1. Check the sensor housing for secure mounting and correct orientation • 2. Confirm the steering wheel is centered with the wheels straight ahead • 3. Re-seat or re-align as needed
3571|1807|7|WABCO|8+6|ABS/ESC|ESC disabled; steering ratio implausible, recalibrate SAS after steering/front-axle work|hdb_steering_angle_sensor|SPN 1807 (Steering angle sensor (SAS) circuit) with FMI 7 (Mechanical part not reacting or misadjusted) is set by the ABS/ESC when the steering-angle sensor (SAS) that feeds the stability control system reads out of range, times out on the data link, or has not finished its self-calibration. Causes range from a disconnected or misaligned sensor to a needed re-calibration after front-end or steering work.|wabco_mm0112|https://www.zf.com/products/media/automotive/cv/literature_downloads_wna/truck_solutions/abs_maintenance_manuals_/MM0112_web.pdf|117|MM0112 ABS/ESC E-version maintenance manual (05.2020)|14516|Replace the steering angle sensor|2|Fleet technician|100.0|350.0|1.0|1. Remove the steering column trim and disconnect the sensor • 2. Install the replacement sensor • 3. Reassemble and run the calibration procedure
3571|1807|7|WABCO|8+6|ABS/ESC|ESC disabled; steering ratio implausible, recalibrate SAS after steering/front-axle work|hdb_steering_angle_sensor|SPN 1807 (Steering angle sensor (SAS) circuit) with FMI 7 (Mechanical part not reacting or misadjusted) is set by the ABS/ESC when the steering-angle sensor (SAS) that feeds the stability control system reads out of range, times out on the data link, or has not finished its self-calibration. Causes range from a disconnected or misaligned sensor to a needed re-calibration after front-end or steering work.|wabco_mm0112|https://www.zf.com/products/media/automotive/cv/literature_downloads_wna/truck_solutions/abs_maintenance_manuals_/MM0112_web.pdf|117|MM0112 ABS/ESC E-version maintenance manual (05.2020)|14517|Run the steering angle sensor calibration procedure with a diagnostic tool|3|Dealer / specialist|0.0|120.0|0.5|1. Center the steering wheel, wheels straight, vehicle on level ground • 2. Run the SAS calibration in the diagnostic tool • 3. Verify the learned zero point and clear codes
3571|1807|7|WABCO|8+6|ABS/ESC|ESC disabled; steering ratio implausible, recalibrate SAS after steering/front-axle work|hdb_steering_angle_sensor|SPN 1807 (Steering angle sensor (SAS) circuit) with FMI 7 (Mechanical part not reacting or misadjusted) is set by the ABS/ESC when the steering-angle sensor (SAS) that feeds the stability control system reads out of range, times out on the data link, or has not finished its self-calibration. Causes range from a disconnected or misaligned sensor to a needed re-calibration after front-end or steering work.|wabco_mm0112|https://www.zf.com/products/media/automotive/cv/literature_downloads_wna/truck_solutions/abs_maintenance_manuals_/MM0112_web.pdf|117|MM0112 ABS/ESC E-version maintenance manual (05.2020)|14518|Inspect and reseat the steering angle sensor connector|4|Fleet technician|0.0|15.0|0.4|1. Key off, unplug the SAS connector under the steering column • 2. Check pins for corrosion and spread terminals • 3. Clean, reconnect and clear codes
3613|520210|8|WABCO||ABS/ESC|ESC module CAN communication fault: message counter increments incorrectly|hdn_data_link_generic|SPN 520210 (ESC module CAN communication fault) with FMI 8 (Wrong frequency, pulse width or period) is set by the ABS/ESC when the primary or secondary J1939 vehicle network is reporting a general fault -- traffic that is erratic, arriving too slowly, or a multiplexing/configuration mismatch -- that is not tied to one identifiable partner message. Typical causes are marginal wiring shared with the physical-layer fault list, a node flooding or slowing the bus, a baud-rate or address mismatch after a software update, or (on older engine ECUs) a fault on the legacy J1587 serial link that still runs alongside J1939.|wabco_mm1719|https://www.zf.com/products/media/automotive/cv/literature_downloads_wna/truck_solutions/abs_maintenance_manuals_/MM1719_web.pdf|38|MM1719 mBSP ABS/ESC maintenance manual (08.2018)|14679|Inspect network connectors and grounds at the diagnostic connector and main ECUs|1|Fleet technician|0.0|20.0|0.5|1. Key off, inspect the diagnostic connector and the main ECU connectors feeding the network • 2. Check for corrosion, bent pins and loose grounds • 3. Clean, reseat, clear codes and retest
3613|520210|8|WABCO||ABS/ESC|ESC module CAN communication fault: message counter increments incorrectly|hdn_data_link_generic|SPN 520210 (ESC module CAN communication fault) with FMI 8 (Wrong frequency, pulse width or period) is set by the ABS/ESC when the primary or secondary J1939 vehicle network is reporting a general fault -- traffic that is erratic, arriving too slowly, or a multiplexing/configuration mismatch -- that is not tied to one identifiable partner message. Typical causes are marginal wiring shared with the physical-layer fault list, a node flooding or slowing the bus, a baud-rate or address mismatch after a software update, or (on older engine ECUs) a fault on the legacy J1587 serial link that still runs alongside J1939.|wabco_mm1719|https://www.zf.com/products/media/automotive/cv/literature_downloads_wna/truck_solutions/abs_maintenance_manuals_/MM1719_web.pdf|38|MM1719 mBSP ABS/ESC maintenance manual (08.2018)|14680|Verify CAN H/CAN L continuity and isolate a node holding the bus|2|Fleet technician|10.0|60.0|1.2|1. With the bus unpowered, confirm CAN H/CAN L resistance and continuity as in the physical-layer check • 2. With the bus powered, disconnect network nodes one at a time (starting with recently serviced ECUs) to find one holding the bus high, low or flooding it with traffic • 3. Repair or replace the offending node's wiring or connector
3613|520210|8|WABCO||ABS/ESC|ESC module CAN communication fault: message counter increments incorrectly|hdn_data_link_generic|SPN 520210 (ESC module CAN communication fault) with FMI 8 (Wrong frequency, pulse width or period) is set by the ABS/ESC when the primary or secondary J1939 vehicle network is reporting a general fault -- traffic that is erratic, arriving too slowly, or a multiplexing/configuration mismatch -- that is not tied to one identifiable partner message. Typical causes are marginal wiring shared with the physical-layer fault list, a node flooding or slowing the bus, a baud-rate or address mismatch after a software update, or (on older engine ECUs) a fault on the legacy J1587 serial link that still runs alongside J1939.|wabco_mm1719|https://www.zf.com/products/media/automotive/cv/literature_downloads_wna/truck_solutions/abs_maintenance_manuals_/MM1719_web.pdf|38|MM1719 mBSP ABS/ESC maintenance manual (08.2018)|14681|Reconfigure the reporting ECU's multiplexing/baud parameters|3|Dealer / specialist|0.0|150.0|1.0|1. Connect the OEM service tool to the reporting ECU • 2. Compare its multiplexing configuration, expected source list and baud setting against the OEM specification • 3. Reprogram any parameter that does not match, then clear codes and confirm normal bus traffic
3613|520210|8|WABCO||ABS/ESC|ESC module CAN communication fault: message counter increments incorrectly|hdn_data_link_generic|SPN 520210 (ESC module CAN communication fault) with FMI 8 (Wrong frequency, pulse width or period) is set by the ABS/ESC when the primary or secondary J1939 vehicle network is reporting a general fault -- traffic that is erratic, arriving too slowly, or a multiplexing/configuration mismatch -- that is not tied to one identifiable partner message. Typical causes are marginal wiring shared with the physical-layer fault list, a node flooding or slowing the bus, a baud-rate or address mismatch after a software update, or (on older engine ECUs) a fault on the legacy J1587 serial link that still runs alongside J1939.|wabco_mm1719|https://www.zf.com/products/media/automotive/cv/literature_downloads_wna/truck_solutions/abs_maintenance_manuals_/MM1719_web.pdf|38|MM1719 mBSP ABS/ESC maintenance manual (08.2018)|14682|Scan the bus for error frames, bus load and duplicate addresses|4|Fleet technician|0.0|0.0|1.0|1. Connect a J1939 datalink analyzer or the OEM diagnostic tool at the diagnostic connector • 2. Record bus load percentage, error-frame count and the list of active source addresses • 3. Flag any address appearing twice or any node with an abnormally high error count for follow-up
3655|520504|9|WABCO||ABS/ESC|Wheel-speed plausibility, axle 2 right: sudden downward jump in wheel-speed reading|hdb_wheel_speed_signal_erratic|SPN 520504 (Wheel-speed plausibility, axle 2 right) with FMI 9 (Message not arriving at expected rate) is set by the ABS/ESC when a wheel-speed signal is plausible in amplitude but behaves erratically -- chattering, jumping, arriving at the wrong update rate, or disagreeing with the other wheels on the axle, including a sensor pair wired in reverse or an output too low at drive-off. Typical causes are a damaged or debris-packed tone ring, a loose sensor, mismatched tire sizes on an axle, or a mis-wired sensor after a service.|wabco_mm1719|https://www.zf.com/products/media/automotive/cv/literature_downloads_wna/truck_solutions/abs_maintenance_manuals_/MM1719_web.pdf|43|MM1719 mBSP ABS/ESC maintenance manual (08.2018)|14867|Verify wheel-speed sensor wiring matches the correct wheel position|1|Fleet technician|0.0|0.0|0.5|1. Confirm each sensor connector is routed to its labeled ECU pin • 2. Correct any swapped or reversed left/right connections • 3. Clear codes and road-test
3655|520504|9|WABCO||ABS/ESC|Wheel-speed plausibility, axle 2 right: sudden downward jump in wheel-speed reading|hdb_wheel_speed_signal_erratic|SPN 520504 (Wheel-speed plausibility, axle 2 right) with FMI 9 (Message not arriving at expected rate) is set by the ABS/ESC when a wheel-speed signal is plausible in amplitude but behaves erratically -- chattering, jumping, arriving at the wrong update rate, or disagreeing with the other wheels on the axle, including a sensor pair wired in reverse or an output too low at drive-off. Typical causes are a damaged or debris-packed tone ring, a loose sensor, mismatched tire sizes on an axle, or a mis-wired sensor after a service.|wabco_mm1719|https://www.zf.com/products/media/automotive/cv/literature_downloads_wna/truck_solutions/abs_maintenance_manuals_/MM1719_web.pdf|43|MM1719 mBSP ABS/ESC maintenance manual (08.2018)|14868|Replace a worn or damaged tone ring|2|Fleet technician|60.0|220.0|1.5|1. Access and remove the damaged tone ring • 2. Press on the replacement ring • 3. Reassemble, set the air gap and road-test
3655|520504|9|WABCO||ABS/ESC|Wheel-speed plausibility, axle 2 right: sudden downward jump in wheel-speed reading|hdb_wheel_speed_signal_erratic|SPN 520504 (Wheel-speed plausibility, axle 2 right) with FMI 9 (Message not arriving at expected rate) is set by the ABS/ESC when a wheel-speed signal is plausible in amplitude but behaves erratically -- chattering, jumping, arriving at the wrong update rate, or disagreeing with the other wheels on the axle, including a sensor pair wired in reverse or an output too low at drive-off. Typical causes are a damaged or debris-packed tone ring, a loose sensor, mismatched tire sizes on an axle, or a mis-wired sensor after a service.|wabco_mm1719|https://www.zf.com/products/media/automotive/cv/literature_downloads_wna/truck_solutions/abs_maintenance_manuals_/MM1719_web.pdf|43|MM1719 mBSP ABS/ESC maintenance manual (08.2018)|14869|Clean the tone ring and check sensor mounting security|3|Fleet technician|0.0|40.0|0.8|1. Remove debris and metal fines from the tone ring teeth • 2. Confirm the sensor is fully seated and not vibrating loose • 3. Clear codes and road-test through a speed range
3655|520504|9|WABCO||ABS/ESC|Wheel-speed plausibility, axle 2 right: sudden downward jump in wheel-speed reading|hdb_wheel_speed_signal_erratic|SPN 520504 (Wheel-speed plausibility, axle 2 right) with FMI 9 (Message not arriving at expected rate) is set by the ABS/ESC when a wheel-speed signal is plausible in amplitude but behaves erratically -- chattering, jumping, arriving at the wrong update rate, or disagreeing with the other wheels on the axle, including a sensor pair wired in reverse or an output too low at drive-off. Typical causes are a damaged or debris-packed tone ring, a loose sensor, mismatched tire sizes on an axle, or a mis-wired sensor after a service.|wabco_mm1719|https://www.zf.com/products/media/automotive/cv/literature_downloads_wna/truck_solutions/abs_maintenance_manuals_/MM1719_web.pdf|43|MM1719 mBSP ABS/ESC maintenance manual (08.2018)|14870|Replace a mismatched tire so the axle set matches|4|Fleet technician|400.0|900.0|1.5|1. Identify the tire(s) that do not match the axle set • 2. Replace with a correctly sized/matched tire • 3. Re-verify sizes and pressures, then clear codes
3655|520504|9|WABCO||ABS/ESC|Wheel-speed plausibility, axle 2 right: sudden downward jump in wheel-speed reading|hdb_wheel_speed_signal_erratic|SPN 520504 (Wheel-speed plausibility, axle 2 right) with FMI 9 (Message not arriving at expected rate) is set by the ABS/ESC when a wheel-speed signal is plausible in amplitude but behaves erratically -- chattering, jumping, arriving at the wrong update rate, or disagreeing with the other wheels on the axle, including a sensor pair wired in reverse or an output too low at drive-off. Typical causes are a damaged or debris-packed tone ring, a loose sensor, mismatched tire sizes on an axle, or a mis-wired sensor after a service.|wabco_mm1719|https://www.zf.com/products/media/automotive/cv/literature_downloads_wna/truck_solutions/abs_maintenance_manuals_/MM1719_web.pdf|43|MM1719 mBSP ABS/ESC maintenance manual (08.2018)|14871|Verify matched tire sizes and pressures across the axle|5|Driver check|0.0|0.0|0.3|1. Measure rolling circumference or check size/load ratings on each tire of the axle • 2. Correct pressure to spec on all positions • 3. Note any mismatched tire for replacement
3697|520511|9|WABCO||ABS/ESC|Wheel-speed plausibility, axle 6 left: no wheel-speed signal being measured for this wheel|hdb_wheel_speed_signal_erratic|SPN 520511 (Wheel-speed plausibility, axle 6 left) with FMI 9 (Message not arriving at expected rate) is set by the ABS/ESC when a wheel-speed signal is plausible in amplitude but behaves erratically -- chattering, jumping, arriving at the wrong update rate, or disagreeing with the other wheels on the axle, including a sensor pair wired in reverse or an output too low at drive-off. Typical causes are a damaged or debris-packed tone ring, a loose sensor, mismatched tire sizes on an axle, or a mis-wired sensor after a service.|wabco_mm1719|https://www.zf.com/products/media/automotive/cv/literature_downloads_wna/truck_solutions/abs_maintenance_manuals_/MM1719_web.pdf|50|MM1719 mBSP ABS/ESC maintenance manual (08.2018)|15077|Verify wheel-speed sensor wiring matches the correct wheel position|1|Fleet technician|0.0|0.0|0.5|1. Confirm each sensor connector is routed to its labeled ECU pin • 2. Correct any swapped or reversed left/right connections • 3. Clear codes and road-test
3697|520511|9|WABCO||ABS/ESC|Wheel-speed plausibility, axle 6 left: no wheel-speed signal being measured for this wheel|hdb_wheel_speed_signal_erratic|SPN 520511 (Wheel-speed plausibility, axle 6 left) with FMI 9 (Message not arriving at expected rate) is set by the ABS/ESC when a wheel-speed signal is plausible in amplitude but behaves erratically -- chattering, jumping, arriving at the wrong update rate, or disagreeing with the other wheels on the axle, including a sensor pair wired in reverse or an output too low at drive-off. Typical causes are a damaged or debris-packed tone ring, a loose sensor, mismatched tire sizes on an axle, or a mis-wired sensor after a service.|wabco_mm1719|https://www.zf.com/products/media/automotive/cv/literature_downloads_wna/truck_solutions/abs_maintenance_manuals_/MM1719_web.pdf|50|MM1719 mBSP ABS/ESC maintenance manual (08.2018)|15078|Replace a worn or damaged tone ring|2|Fleet technician|60.0|220.0|1.5|1. Access and remove the damaged tone ring • 2. Press on the replacement ring • 3. Reassemble, set the air gap and road-test
3697|520511|9|WABCO||ABS/ESC|Wheel-speed plausibility, axle 6 left: no wheel-speed signal being measured for this wheel|hdb_wheel_speed_signal_erratic|SPN 520511 (Wheel-speed plausibility, axle 6 left) with FMI 9 (Message not arriving at expected rate) is set by the ABS/ESC when a wheel-speed signal is plausible in amplitude but behaves erratically -- chattering, jumping, arriving at the wrong update rate, or disagreeing with the other wheels on the axle, including a sensor pair wired in reverse or an output too low at drive-off. Typical causes are a damaged or debris-packed tone ring, a loose sensor, mismatched tire sizes on an axle, or a mis-wired sensor after a service.|wabco_mm1719|https://www.zf.com/products/media/automotive/cv/literature_downloads_wna/truck_solutions/abs_maintenance_manuals_/MM1719_web.pdf|50|MM1719 mBSP ABS/ESC maintenance manual (08.2018)|15079|Clean the tone ring and check sensor mounting security|3|Fleet technician|0.0|40.0|0.8|1. Remove debris and metal fines from the tone ring teeth • 2. Confirm the sensor is fully seated and not vibrating loose • 3. Clear codes and road-test through a speed range
3697|520511|9|WABCO||ABS/ESC|Wheel-speed plausibility, axle 6 left: no wheel-speed signal being measured for this wheel|hdb_wheel_speed_signal_erratic|SPN 520511 (Wheel-speed plausibility, axle 6 left) with FMI 9 (Message not arriving at expected rate) is set by the ABS/ESC when a wheel-speed signal is plausible in amplitude but behaves erratically -- chattering, jumping, arriving at the wrong update rate, or disagreeing with the other wheels on the axle, including a sensor pair wired in reverse or an output too low at drive-off. Typical causes are a damaged or debris-packed tone ring, a loose sensor, mismatched tire sizes on an axle, or a mis-wired sensor after a service.|wabco_mm1719|https://www.zf.com/products/media/automotive/cv/literature_downloads_wna/truck_solutions/abs_maintenance_manuals_/MM1719_web.pdf|50|MM1719 mBSP ABS/ESC maintenance manual (08.2018)|15080|Replace a mismatched tire so the axle set matches|4|Fleet technician|400.0|900.0|1.5|1. Identify the tire(s) that do not match the axle set • 2. Replace with a correctly sized/matched tire • 3. Re-verify sizes and pressures, then clear codes
3697|520511|9|WABCO||ABS/ESC|Wheel-speed plausibility, axle 6 left: no wheel-speed signal being measured for this wheel|hdb_wheel_speed_signal_erratic|SPN 520511 (Wheel-speed plausibility, axle 6 left) with FMI 9 (Message not arriving at expected rate) is set by the ABS/ESC when a wheel-speed signal is plausible in amplitude but behaves erratically -- chattering, jumping, arriving at the wrong update rate, or disagreeing with the other wheels on the axle, including a sensor pair wired in reverse or an output too low at drive-off. Typical causes are a damaged or debris-packed tone ring, a loose sensor, mismatched tire sizes on an axle, or a mis-wired sensor after a service.|wabco_mm1719|https://www.zf.com/products/media/automotive/cv/literature_downloads_wna/truck_solutions/abs_maintenance_manuals_/MM1719_web.pdf|50|MM1719 mBSP ABS/ESC maintenance manual (08.2018)|15081|Verify matched tire sizes and pressures across the axle|5|Driver check|0.0|0.0|0.3|1. Measure rolling circumference or check size/load ratings on each tire of the axle • 2. Correct pressure to spec on all positions • 3. Note any mismatched tire for replacement
3739|520523|3|WABCO||ABS/ESC|Auxiliary output solenoid ground circuit: shorted to supply (voltage high)|hdb_auxiliary_output_solenoid_circuit|SPN 520523 (Auxiliary output solenoid ground circuit) with FMI 3 (Circuit voltage high / short to supply) is set by the ABS/ESC on a configurable auxiliary output driver -- wired at the factory to a differential lock, transfer case, trailer, or a general-purpose 3/2 valve solenoid -- when that output circuit reads shorted to voltage or ground, open, or does not match its parameter-set configuration. Diagnosis follows the wiring for whichever solenoid the output is assigned to on this vehicle.|wabco_mm1719|https://www.zf.com/products/media/automotive/cv/literature_downloads_wna/truck_solutions/abs_maintenance_manuals_/MM1719_web.pdf|57|MM1719 mBSP ABS/ESC maintenance manual (08.2018)|15277|Identify the assigned solenoid and inspect its connector|1|Fleet technician|0.0|15.0|0.5|1. Use the diagnostic tool to read which function (diff lock, transfer case, trailer, 3/2 valve) the output is configured for • 2. Locate and inspect that solenoid's connector for corrosion • 3. Clean, reconnect and clear codes
3739|520523|3|WABCO||ABS/ESC|Auxiliary output solenoid ground circuit: shorted to supply (voltage high)|hdb_auxiliary_output_solenoid_circuit|SPN 520523 (Auxiliary output solenoid ground circuit) with FMI 3 (Circuit voltage high / short to supply) is set by the ABS/ESC on a configurable auxiliary output driver -- wired at the factory to a differential lock, transfer case, trailer, or a general-purpose 3/2 valve solenoid -- when that output circuit reads shorted to voltage or ground, open, or does not match its parameter-set configuration. Diagnosis follows the wiring for whichever solenoid the output is assigned to on this vehicle.|wabco_mm1719|https://www.zf.com/products/media/automotive/cv/literature_downloads_wna/truck_solutions/abs_maintenance_manuals_/MM1719_web.pdf|57|MM1719 mBSP ABS/ESC maintenance manual (08.2018)|15278|Test the auxiliary output driver circuit for a short or open|2|Fleet technician|5.0|70.0|1.2|1. Back-probe the output pin at the ECU and measure resistance to the solenoid coil • 2. Check for a short to ground or voltage along the harness • 3. Repair the wiring and re-test
3739|520523|3|WABCO||ABS/ESC|Auxiliary output solenoid ground circuit: shorted to supply (voltage high)|hdb_auxiliary_output_solenoid_circuit|SPN 520523 (Auxiliary output solenoid ground circuit) with FMI 3 (Circuit voltage high / short to supply) is set by the ABS/ESC on a configurable auxiliary output driver -- wired at the factory to a differential lock, transfer case, trailer, or a general-purpose 3/2 valve solenoid -- when that output circuit reads shorted to voltage or ground, open, or does not match its parameter-set configuration. Diagnosis follows the wiring for whichever solenoid the output is assigned to on this vehicle.|wabco_mm1719|https://www.zf.com/products/media/automotive/cv/literature_downloads_wna/truck_solutions/abs_maintenance_manuals_/MM1719_web.pdf|57|MM1719 mBSP ABS/ESC maintenance manual (08.2018)|15279|Replace the assigned solenoid valve|3|Fleet technician|60.0|300.0|1.3|1. Tag and disconnect the air line and electrical connector • 2. Remove and replace the diff lock, transfer case, trailer or 3/2 valve solenoid • 3. Leak-check, clear codes and function-test
3739|520523|3|WABCO||ABS/ESC|Auxiliary output solenoid ground circuit: shorted to supply (voltage high)|hdb_auxiliary_output_solenoid_circuit|SPN 520523 (Auxiliary output solenoid ground circuit) with FMI 3 (Circuit voltage high / short to supply) is set by the ABS/ESC on a configurable auxiliary output driver -- wired at the factory to a differential lock, transfer case, trailer, or a general-purpose 3/2 valve solenoid -- when that output circuit reads shorted to voltage or ground, open, or does not match its parameter-set configuration. Diagnosis follows the wiring for whichever solenoid the output is assigned to on this vehicle.|wabco_mm1719|https://www.zf.com/products/media/automotive/cv/literature_downloads_wna/truck_solutions/abs_maintenance_manuals_/MM1719_web.pdf|57|MM1719 mBSP ABS/ESC maintenance manual (08.2018)|15280|Verify the auxiliary output's parameter assignment with a diagnostic tool|4|Dealer / specialist|0.0|150.0|0.8|1. Connect a dealer-level diagnostic tool and read the auxiliary output configuration • 2. Confirm it matches the solenoid actually wired on the truck • 3. Correct the parameter and clear codes
3781|523100|26|WABCO||ABS/ESC|Safety monitor, wheel-speed calculation: speed value fails 0-1 m/s plausibility check|hdb_esc_safety_monitor_fault|SPN 523100 (Safety monitor, wheel-speed calculation) with FMI 26 (Reserved by SAE; some OEMs assign proprietary meanings) is set by the ABS/ESC's internal safety-monitor software, which cross-checks stability-control functions -- wheel-speed math, roll/yaw control, brake blending, valve monitoring -- against each other and flags an inconsistency. WABCO is the OEM assigning this proprietary meaning to the FMI code here; diagnosis calls for a dealer-level scan tool, not a parts swap on the first visit.|wabco_mm1719|https://www.zf.com/products/media/automotive/cv/literature_downloads_wna/truck_solutions/abs_maintenance_manuals_/MM1719_web.pdf|62|MM1719 mBSP ABS/ESC maintenance manual (08.2018)|15445|Replace the ECU if the safety-monitor fault persists after software and configuration checks|1|Dealer / specialist|900.0|2500.0|2.0|1. Confirm the fault returns after a software update and EOL re-check • 2. Replace the ECU with the correct part number • 3. Complete dealer end-of-line programming and configuration
3781|523100|26|WABCO||ABS/ESC|Safety monitor, wheel-speed calculation: speed value fails 0-1 m/s plausibility check|hdb_esc_safety_monitor_fault|SPN 523100 (Safety monitor, wheel-speed calculation) with FMI 26 (Reserved by SAE; some OEMs assign proprietary meanings) is set by the ABS/ESC's internal safety-monitor software, which cross-checks stability-control functions -- wheel-speed math, roll/yaw control, brake blending, valve monitoring -- against each other and flags an inconsistency. WABCO is the OEM assigning this proprietary meaning to the FMI code here; diagnosis calls for a dealer-level scan tool, not a parts swap on the first visit.|wabco_mm1719|https://www.zf.com/products/media/automotive/cv/literature_downloads_wna/truck_solutions/abs_maintenance_manuals_/MM1719_web.pdf|62|MM1719 mBSP ABS/ESC maintenance manual (08.2018)|15446|Re-run end-of-line configuration if a related sensor or valve was recently replaced|2|Dealer / specialist|0.0|150.0|0.8|1. Check service history for a recent sensor, modulator or ECU replacement • 2. Re-run the EOL configuration for the affected function • 3. Clear codes and road-test
3781|523100|26|WABCO||ABS/ESC|Safety monitor, wheel-speed calculation: speed value fails 0-1 m/s plausibility check|hdb_esc_safety_monitor_fault|SPN 523100 (Safety monitor, wheel-speed calculation) with FMI 26 (Reserved by SAE; some OEMs assign proprietary meanings) is set by the ABS/ESC's internal safety-monitor software, which cross-checks stability-control functions -- wheel-speed math, roll/yaw control, brake blending, valve monitoring -- against each other and flags an inconsistency. WABCO is the OEM assigning this proprietary meaning to the FMI code here; diagnosis calls for a dealer-level scan tool, not a parts swap on the first visit.|wabco_mm1719|https://www.zf.com/products/media/automotive/cv/literature_downloads_wna/truck_solutions/abs_maintenance_manuals_/MM1719_web.pdf|62|MM1719 mBSP ABS/ESC maintenance manual (08.2018)|15447|Read the full fault history and cross-reference related SPNs with a dealer scan tool|3|Dealer / specialist|0.0|0.0|1.0|1. Pull all active and stored codes, not just the safety-monitor SPN • 2. Cross-reference against wheel-speed, valve and sensor SPNs logged at the same time • 3. Diagnose the underlying SPN first
3781|523100|26|WABCO||ABS/ESC|Safety monitor, wheel-speed calculation: speed value fails 0-1 m/s plausibility check|hdb_esc_safety_monitor_fault|SPN 523100 (Safety monitor, wheel-speed calculation) with FMI 26 (Reserved by SAE; some OEMs assign proprietary meanings) is set by the ABS/ESC's internal safety-monitor software, which cross-checks stability-control functions -- wheel-speed math, roll/yaw control, brake blending, valve monitoring -- against each other and flags an inconsistency. WABCO is the OEM assigning this proprietary meaning to the FMI code here; diagnosis calls for a dealer-level scan tool, not a parts swap on the first visit.|wabco_mm1719|https://www.zf.com/products/media/automotive/cv/literature_downloads_wna/truck_solutions/abs_maintenance_manuals_/MM1719_web.pdf|62|MM1719 mBSP ABS/ESC maintenance manual (08.2018)|15448|Update the ECU software/calibration to the latest release|4|Dealer / specialist|0.0|200.0|1.0|1. Connect the dealer diagnostic tool and check the current software level • 2. Apply the latest released calibration/update • 3. Clear codes and road-test
3823|524270|9|WABCO||ABS/ESC|EEPROM parameter block 1 fails checksum verification, ECU may use a default value|hdb_ecu_eeprom_parameter_fault|SPN 524270 (EEPROM parameter block 1 checksum fault) with FMI 9 (Message not arriving at expected rate) is set by the ABS/ESC when a checksum on one of its stored EEPROM parameter groups -- traction control, brake configuration, gravity/vehicle setup, axle configuration -- fails, meaning the ECU's own configuration memory is corrupted. This is an internal ECU fault, not a wiring problem.|wabco_mm1719|https://www.zf.com/products/media/automotive/cv/literature_downloads_wna/truck_solutions/abs_maintenance_manuals_/MM1719_web.pdf|66|MM1719 mBSP ABS/ESC maintenance manual (08.2018)|15604|Cycle ignition and re-scan; a transient checksum error may clear|1|Fleet technician|0.0|0.0|0.3|1. Record the active fault • 2. Cycle the ignition off and on • 3. Re-scan to see if the checksum fault clears
3823|524270|9|WABCO||ABS/ESC|EEPROM parameter block 1 fails checksum verification, ECU may use a default value|hdb_ecu_eeprom_parameter_fault|SPN 524270 (EEPROM parameter block 1 checksum fault) with FMI 9 (Message not arriving at expected rate) is set by the ABS/ESC when a checksum on one of its stored EEPROM parameter groups -- traction control, brake configuration, gravity/vehicle setup, axle configuration -- fails, meaning the ECU's own configuration memory is corrupted. This is an internal ECU fault, not a wiring problem.|wabco_mm1719|https://www.zf.com/products/media/automotive/cv/literature_downloads_wna/truck_solutions/abs_maintenance_manuals_/MM1719_web.pdf|66|MM1719 mBSP ABS/ESC maintenance manual (08.2018)|15605|Replace the ECU if the checksum fault returns after reprogramming|2|Dealer / specialist|900.0|2500.0|2.0|1. Confirm the checksum fault repeats after a full parameter reload • 2. Replace the ECU with the correct part number • 3. Complete dealer end-of-line programming and configuration
3823|524270|9|WABCO||ABS/ESC|EEPROM parameter block 1 fails checksum verification, ECU may use a default value|hdb_ecu_eeprom_parameter_fault|SPN 524270 (EEPROM parameter block 1 checksum fault) with FMI 9 (Message not arriving at expected rate) is set by the ABS/ESC when a checksum on one of its stored EEPROM parameter groups -- traction control, brake configuration, gravity/vehicle setup, axle configuration -- fails, meaning the ECU's own configuration memory is corrupted. This is an internal ECU fault, not a wiring problem.|wabco_mm1719|https://www.zf.com/products/media/automotive/cv/literature_downloads_wna/truck_solutions/abs_maintenance_manuals_/MM1719_web.pdf|66|MM1719 mBSP ABS/ESC maintenance manual (08.2018)|15606|Re-load the vehicle configuration parameters with a dealer diagnostic tool|3|Dealer / specialist|0.0|150.0|1.0|1. Connect the dealer diagnostic tool • 2. Re-enter or re-load the affected parameter group (traction control, brake, gravity/vehicle, axle configuration) • 3. Save, clear codes and road-test
3865|524271|19|WABCO||ABS/ESC|EEPROM parameter block 2 fails checksum verification, ECU may use a default value|hdb_ecu_eeprom_parameter_fault|SPN 524271 (EEPROM parameter block 2 checksum fault) with FMI 19 (Network-received value flagged as error) is set by the ABS/ESC when a checksum on one of its stored EEPROM parameter groups -- traction control, brake configuration, gravity/vehicle setup, axle configuration -- fails, meaning the ECU's own configuration memory is corrupted. This is an internal ECU fault, not a wiring problem.|wabco_mm1719|https://www.zf.com/products/media/automotive/cv/literature_downloads_wna/truck_solutions/abs_maintenance_manuals_/MM1719_web.pdf|70|MM1719 mBSP ABS/ESC maintenance manual (08.2018)|15730|Cycle ignition and re-scan; a transient checksum error may clear|1|Fleet technician|0.0|0.0|0.3|1. Record the active fault • 2. Cycle the ignition off and on • 3. Re-scan to see if the checksum fault clears
3865|524271|19|WABCO||ABS/ESC|EEPROM parameter block 2 fails checksum verification, ECU may use a default value|hdb_ecu_eeprom_parameter_fault|SPN 524271 (EEPROM parameter block 2 checksum fault) with FMI 19 (Network-received value flagged as error) is set by the ABS/ESC when a checksum on one of its stored EEPROM parameter groups -- traction control, brake configuration, gravity/vehicle setup, axle configuration -- fails, meaning the ECU's own configuration memory is corrupted. This is an internal ECU fault, not a wiring problem.|wabco_mm1719|https://www.zf.com/products/media/automotive/cv/literature_downloads_wna/truck_solutions/abs_maintenance_manuals_/MM1719_web.pdf|70|MM1719 mBSP ABS/ESC maintenance manual (08.2018)|15731|Replace the ECU if the checksum fault returns after reprogramming|2|Dealer / specialist|900.0|2500.0|2.0|1. Confirm the checksum fault repeats after a full parameter reload • 2. Replace the ECU with the correct part number • 3. Complete dealer end-of-line programming and configuration
3865|524271|19|WABCO||ABS/ESC|EEPROM parameter block 2 fails checksum verification, ECU may use a default value|hdb_ecu_eeprom_parameter_fault|SPN 524271 (EEPROM parameter block 2 checksum fault) with FMI 19 (Network-received value flagged as error) is set by the ABS/ESC when a checksum on one of its stored EEPROM parameter groups -- traction control, brake configuration, gravity/vehicle setup, axle configuration -- fails, meaning the ECU's own configuration memory is corrupted. This is an internal ECU fault, not a wiring problem.|wabco_mm1719|https://www.zf.com/products/media/automotive/cv/literature_downloads_wna/truck_solutions/abs_maintenance_manuals_/MM1719_web.pdf|70|MM1719 mBSP ABS/ESC maintenance manual (08.2018)|15732|Re-load the vehicle configuration parameters with a dealer diagnostic tool|3|Dealer / specialist|0.0|150.0|1.0|1. Connect the dealer diagnostic tool • 2. Re-enter or re-load the affected parameter group (traction control, brake, gravity/vehicle, axle configuration) • 3. Save, clear codes and road-test
3907|3516|4|Yanmar|P206C|Aftertreatment DCU|DEF quality sensor internal circuit shorted|hda_def_quality|SPN 3516 (DEF (urea) quality sensor, concentration error) with FMI 4 (Circuit voltage low / short to ground) is set by the Aftertreatment DCU when the DEF quality (concentration) sensor reports an out-of-range reading, an optical/electrical fault, or a contaminated or wrong-type DEF condition. Wrong-strength or contaminated DEF is a real, common cause of this family, not just a sensor defect - check DEF concentration with a refractometer before replacing the sensor.|yanmar_over56kw|https://www.yanmar.com/media/news/2024/08/08065132/over_56kw_troubleshooting_manual.pdf|2-4-31|Troubleshooting manual, engines over 56 kW (2024)|15865|Inspect, clean and reseat the DEF/urea quality sensor connector|1|Fleet technician|0.0|25.0|0.5|1. Key off, unplug the DEF/urea quality sensor circuit connector • 2. Check pins for corrosion, bent terminals and moisture intrusion, and check the harness for chafing near hot exhaust components • 3. Apply dielectric grease, reseat, clear codes and confirm the fault does not return
3907|3516|4|Yanmar|P206C|Aftertreatment DCU|DEF quality sensor internal circuit shorted|hda_def_quality|SPN 3516 (DEF (urea) quality sensor, concentration error) with FMI 4 (Circuit voltage low / short to ground) is set by the Aftertreatment DCU when the DEF quality (concentration) sensor reports an out-of-range reading, an optical/electrical fault, or a contaminated or wrong-type DEF condition. Wrong-strength or contaminated DEF is a real, common cause of this family, not just a sensor defect - check DEF concentration with a refractometer before replacing the sensor.|yanmar_over56kw|https://www.yanmar.com/media/news/2024/08/08065132/over_56kw_troubleshooting_manual.pdf|2-4-31|Troubleshooting manual, engines over 56 kW (2024)|15866|Test the DEF/urea quality sensor heater, signal and CAN sub-network circuits|2|Fleet technician|5.0|80.0|1.2|1. Back-probe the heater supply, signal and network pins at the connector • 2. Check for battery voltage at the heater pin, correct signal reference and continuity/termination on the sensor's local CAN sub-network • 3. Repair the open, shorted or chafed conductor, reseal the splice, clear codes
3907|3516|4|Yanmar|P206C|Aftertreatment DCU|DEF quality sensor internal circuit shorted|hda_def_quality|SPN 3516 (DEF (urea) quality sensor, concentration error) with FMI 4 (Circuit voltage low / short to ground) is set by the Aftertreatment DCU when the DEF quality (concentration) sensor reports an out-of-range reading, an optical/electrical fault, or a contaminated or wrong-type DEF condition. Wrong-strength or contaminated DEF is a real, common cause of this family, not just a sensor defect - check DEF concentration with a refractometer before replacing the sensor.|yanmar_over56kw|https://www.yanmar.com/media/news/2024/08/08065132/over_56kw_troubleshooting_manual.pdf|2-4-31|Troubleshooting manual, engines over 56 kW (2024)|15867|Replace the DEF/urea quality sensor|3|Dealer / specialist|300.0|700.0|1.2|1. Confirm the fault follows the DEF/urea quality sensor and not the harness with a swap or resistance check • 2. Remove and replace the sensor at its mounting boss (exhaust pipe for NOx/O2/NH3 sensors, DEF tank for a quality sensor), torquing/sealing per spec - these are heated, CAN-networked smart sensors; aftermarket HD units commonly run $300-700 • 3. Clear codes, allow the sensor to complete its power-up self-test, and verify normal operation through a duty cycle
3907|3516|4|Yanmar|P206C|Aftertreatment DCU|DEF quality sensor internal circuit shorted|hda_def_quality|SPN 3516 (DEF (urea) quality sensor, concentration error) with FMI 4 (Circuit voltage low / short to ground) is set by the Aftertreatment DCU when the DEF quality (concentration) sensor reports an out-of-range reading, an optical/electrical fault, or a contaminated or wrong-type DEF condition. Wrong-strength or contaminated DEF is a real, common cause of this family, not just a sensor defect - check DEF concentration with a refractometer before replacing the sensor.|yanmar_over56kw|https://www.yanmar.com/media/news/2024/08/08065132/over_56kw_troubleshooting_manual.pdf|2-4-31|Troubleshooting manual, engines over 56 kW (2024)|15868|Check DEF/urea quality sensor calibration/learned values with a service tool|4|Fleet technician|0.0|0.0|0.6|1. Connect a service tool and compare the sensor's live reading against a known reference (refractometer for DEF quality, a second sensor, or a bench check) • 2. Run the OEM's sensor learn/reset procedure if the reading is offset but the circuit tests good • 3. Clear codes and confirm the reading holds through a duty cycle
3949|523557|3|Yanmar|P1510|Aftertreatment DCU|DEF hose heater (back-flow/pressure/suction), H- or L-side shorted to battery|hda_def_line_heater|SPN 523557 (DEF hose heater, H-side circuit) with FMI 3 (Circuit voltage high / short to supply) is set by the Aftertreatment DCU for one of the electric heater circuits on the DEF supply, return, suction or backflow hoses (open circuit, short to ground, short to battery, or critical overcurrent). These heaters keep DEF from freezing in the lines below ambient; a failed heater does not stop the truck from running but will set an inducement path if DEF cannot be pumped in cold weather.|yanmar_over56kw|https://www.yanmar.com/media/news/2024/08/08065132/over_56kw_troubleshooting_manual.pdf|2-4-114|Troubleshooting manual, engines over 56 kW (2024)|16012|Inspect, clean and reseat the DEF line heater connector|1|Fleet technician|0.0|20.0|0.5|1. Key off, unplug the DEF line heater circuit connector • 2. Check pins for corrosion, bent terminals and moisture intrusion, and check the harness for chafing near hot exhaust components • 3. Apply dielectric grease, reseat, clear codes and confirm the fault does not return
3949|523557|3|Yanmar|P1510|Aftertreatment DCU|DEF hose heater (back-flow/pressure/suction), H- or L-side shorted to battery|hda_def_line_heater|SPN 523557 (DEF hose heater, H-side circuit) with FMI 3 (Circuit voltage high / short to supply) is set by the Aftertreatment DCU for one of the electric heater circuits on the DEF supply, return, suction or backflow hoses (open circuit, short to ground, short to battery, or critical overcurrent). These heaters keep DEF from freezing in the lines below ambient; a failed heater does not stop the truck from running but will set an inducement path if DEF cannot be pumped in cold weather.|yanmar_over56kw|https://www.yanmar.com/media/news/2024/08/08065132/over_56kw_troubleshooting_manual.pdf|2-4-114|Troubleshooting manual, engines over 56 kW (2024)|16013|Test the DEF line heater circuit for opens, shorts and correct supply voltage|2|Fleet technician|5.0|60.0|1.0|1. Back-probe the circuit at the connector with the harness connected • 2. Check for supply voltage, continuity to the controller and resistance to ground/battery • 3. Repair the open, shorted or chafed conductor, reseal the splice, clear codes
3949|523557|3|Yanmar|P1510|Aftertreatment DCU|DEF hose heater (back-flow/pressure/suction), H- or L-side shorted to battery|hda_def_line_heater|SPN 523557 (DEF hose heater, H-side circuit) with FMI 3 (Circuit voltage high / short to supply) is set by the Aftertreatment DCU for one of the electric heater circuits on the DEF supply, return, suction or backflow hoses (open circuit, short to ground, short to battery, or critical overcurrent). These heaters keep DEF from freezing in the lines below ambient; a failed heater does not stop the truck from running but will set an inducement path if DEF cannot be pumped in cold weather.|yanmar_over56kw|https://www.yanmar.com/media/news/2024/08/08065132/over_56kw_troubleshooting_manual.pdf|2-4-114|Troubleshooting manual, engines over 56 kW (2024)|16014|Replace the DEF line heater|3|Fleet technician|40.0|300.0|1.0|1. Confirm the fault follows the DEF line heater and not the harness with a swap or resistance check • 2. Remove and replace the component, transferring any mounting hardware • 3. Clear codes and verify normal operation through a duty cycle
3991|523596|3|Yanmar|P2216|Aftertreatment DCU|SCR downstream NOx sensor internal circuit shorted|hda_nox_sensor_downstream|SPN 523596 (SCR downstream NOx sensor internal circuit) with FMI 3 (Circuit voltage high / short to supply) is set by the Aftertreatment DCU for the NOx sensor mounted after the SCR catalyst (measuring tailpipe-out NOx to confirm conversion). The fault covers open/short circuits, communication loss, heater faults, offset/drift error, or the sensor reporting itself removed from the exhaust stream.|yanmar_over56kw|https://www.yanmar.com/media/news/2024/08/08065132/over_56kw_troubleshooting_manual.pdf|2-4-9|Troubleshooting manual, engines over 56 kW (2024)|16154|Inspect, clean and reseat the NOx sensor, downstream of SCR connector|1|Fleet technician|0.0|25.0|0.5|1. Key off, unplug the NOx sensor, downstream of SCR circuit connector • 2. Check pins for corrosion, bent terminals and moisture intrusion, and check the harness for chafing near hot exhaust components • 3. Apply dielectric grease, reseat, clear codes and confirm the fault does not return
3991|523596|3|Yanmar|P2216|Aftertreatment DCU|SCR downstream NOx sensor internal circuit shorted|hda_nox_sensor_downstream|SPN 523596 (SCR downstream NOx sensor internal circuit) with FMI 3 (Circuit voltage high / short to supply) is set by the Aftertreatment DCU for the NOx sensor mounted after the SCR catalyst (measuring tailpipe-out NOx to confirm conversion). The fault covers open/short circuits, communication loss, heater faults, offset/drift error, or the sensor reporting itself removed from the exhaust stream.|yanmar_over56kw|https://www.yanmar.com/media/news/2024/08/08065132/over_56kw_troubleshooting_manual.pdf|2-4-9|Troubleshooting manual, engines over 56 kW (2024)|16155|Test the NOx sensor, downstream of SCR heater, signal and CAN sub-network circuits|2|Fleet technician|5.0|80.0|1.2|1. Back-probe the heater supply, signal and network pins at the connector • 2. Check for battery voltage at the heater pin, correct signal reference and continuity/termination on the sensor's local CAN sub-network • 3. Repair the open, shorted or chafed conductor, reseal the splice, clear codes
3991|523596|3|Yanmar|P2216|Aftertreatment DCU|SCR downstream NOx sensor internal circuit shorted|hda_nox_sensor_downstream|SPN 523596 (SCR downstream NOx sensor internal circuit) with FMI 3 (Circuit voltage high / short to supply) is set by the Aftertreatment DCU for the NOx sensor mounted after the SCR catalyst (measuring tailpipe-out NOx to confirm conversion). The fault covers open/short circuits, communication loss, heater faults, offset/drift error, or the sensor reporting itself removed from the exhaust stream.|yanmar_over56kw|https://www.yanmar.com/media/news/2024/08/08065132/over_56kw_troubleshooting_manual.pdf|2-4-9|Troubleshooting manual, engines over 56 kW (2024)|16156|Replace the NOx sensor, downstream of SCR|3|Dealer / specialist|300.0|700.0|1.2|1. Confirm the fault follows the NOx sensor, downstream of SCR and not the harness with a swap or resistance check • 2. Remove and replace the sensor at its mounting boss (exhaust pipe for NOx/O2/NH3 sensors, DEF tank for a quality sensor), torquing/sealing per spec - these are heated, CAN-networked smart sensors; aftermarket HD units commonly run $300-700 • 3. Clear codes, allow the sensor to complete its power-up self-test, and verify normal operation through a duty cycle
3991|523596|3|Yanmar|P2216|Aftertreatment DCU|SCR downstream NOx sensor internal circuit shorted|hda_nox_sensor_downstream|SPN 523596 (SCR downstream NOx sensor internal circuit) with FMI 3 (Circuit voltage high / short to supply) is set by the Aftertreatment DCU for the NOx sensor mounted after the SCR catalyst (measuring tailpipe-out NOx to confirm conversion). The fault covers open/short circuits, communication loss, heater faults, offset/drift error, or the sensor reporting itself removed from the exhaust stream.|yanmar_over56kw|https://www.yanmar.com/media/news/2024/08/08065132/over_56kw_troubleshooting_manual.pdf|2-4-9|Troubleshooting manual, engines over 56 kW (2024)|16157|Check NOx sensor, downstream of SCR calibration/learned values with a service tool|4|Fleet technician|0.0|0.0|0.6|1. Connect a service tool and compare the sensor's live reading against a known reference (refractometer for DEF quality, a second sensor, or a bench check) • 2. Run the OEM's sensor learn/reset procedure if the reading is offset but the circuit tests good • 3. Clear codes and confirm the reading holds through a duty cycle
4033|91|4|Yanmar|P0122|Engine ECU|Accelerator pedal position sensor circuit reads low (shorted to ground)|hde_throttle_pedal|SPN 91 (Accelerator pedal position sensor) with FMI 4 (Circuit voltage low / short to ground) is set by the Engine ECU when the accelerator pedal position sensor signal is missing, out of range or implausible relative to the engine's other timing references. Typical causes are a failed sensor, an incorrect air gap, connector corrosion, chafed wiring, or damage to the toothed wheel the sensor reads.|yanmar_over56kw|https://www.yanmar.com/media/news/2024/08/08065132/over_56kw_troubleshooting_manual.pdf|2-3-11|Troubleshooting manual, engines over 56 kW (2024)|16318|Inspect and clean the accelerator pedal position sensor connector|1|Fleet technician|0.0|15.0|0.5|1. Key off, unplug the sensor connector • 2. Check pins for corrosion, bent terminals or oil/coolant intrusion • 3. Apply dielectric grease, reseat, clear codes
4033|91|4|Yanmar|P0122|Engine ECU|Accelerator pedal position sensor circuit reads low (shorted to ground)|hde_throttle_pedal|SPN 91 (Accelerator pedal position sensor) with FMI 4 (Circuit voltage low / short to ground) is set by the Engine ECU when the accelerator pedal position sensor signal is missing, out of range or implausible relative to the engine's other timing references. Typical causes are a failed sensor, an incorrect air gap, connector corrosion, chafed wiring, or damage to the toothed wheel the sensor reads.|yanmar_over56kw|https://www.yanmar.com/media/news/2024/08/08065132/over_56kw_troubleshooting_manual.pdf|2-3-11|Troubleshooting manual, engines over 56 kW (2024)|16319|Test the accelerator pedal position sensor signal and supply circuits|2|Fleet technician|5.0|60.0|1.3|1. Back-probe signal, ground and supply-voltage pins at the ECU connector • 2. Check for opens, shorts and correct reference voltage • 3. Repair chafed wiring or corroded splices, clear codes
4033|91|4|Yanmar|P0122|Engine ECU|Accelerator pedal position sensor circuit reads low (shorted to ground)|hde_throttle_pedal|SPN 91 (Accelerator pedal position sensor) with FMI 4 (Circuit voltage low / short to ground) is set by the Engine ECU when the accelerator pedal position sensor signal is missing, out of range or implausible relative to the engine's other timing references. Typical causes are a failed sensor, an incorrect air gap, connector corrosion, chafed wiring, or damage to the toothed wheel the sensor reads.|yanmar_over56kw|https://www.yanmar.com/media/news/2024/08/08065132/over_56kw_troubleshooting_manual.pdf|2-3-11|Troubleshooting manual, engines over 56 kW (2024)|16320|Replace the accelerator pedal position sensor|3|Fleet technician|30.0|220.0|0.9|1. Verify sensor air-gap or mounting per OEM spec • 2. Remove and replace the sensor and O-ring/seal • 3. Set the correct gap or torque, clear codes and verify signal quality on a scan tool
4033|91|4|Yanmar|P0122|Engine ECU|Accelerator pedal position sensor circuit reads low (shorted to ground)|hde_throttle_pedal|SPN 91 (Accelerator pedal position sensor) with FMI 4 (Circuit voltage low / short to ground) is set by the Engine ECU when the accelerator pedal position sensor signal is missing, out of range or implausible relative to the engine's other timing references. Typical causes are a failed sensor, an incorrect air gap, connector corrosion, chafed wiring, or damage to the toothed wheel the sensor reads.|yanmar_over56kw|https://www.yanmar.com/media/news/2024/08/08065132/over_56kw_troubleshooting_manual.pdf|2-3-11|Troubleshooting manual, engines over 56 kW (2024)|16321|Check the sensed target (gear teeth, reluctor ring, linkage) for damage|4|Dealer / specialist|0.0|600.0|1.5|1. Inspect the reluctor wheel, gear teeth or mechanical linkage the sensor reads for damage, debris or wear • 2. Repair or replace the damaged component • 3. Reinstall the sensor, clear codes and verify
4075|630|2|Yanmar|P1601|Engine ECU|ECU EEPROM memory fault|hde_ecu_internal|SPN 630 (Engine control module calibration/configuration fault) with FMI 2 (Signal unstable, intermittent or implausible) is set by the Engine ECU when it detects an internal fault in its own memory, software or supply. Typical causes are a corrupted calibration, a power/ground fault at the ECU connector, or, rarely, a failed ECU that needs dealer replacement and reprogramming.|yanmar_over56kw|https://www.yanmar.com/media/news/2024/08/08065132/over_56kw_troubleshooting_manual.pdf|2-3-232|Troubleshooting manual, engines over 56 kW (2024)|16483|Check ECU power, ground and case-connector integrity|1|Fleet technician|0.0|40.0|0.8|1. Key off, inspect the main ECU harness connectors for corrosion, bent pins or moisture intrusion • 2. Check the ECU's power and ground straps for a clean, tight connection • 3. Reseat, clear codes
4075|630|2|Yanmar|P1601|Engine ECU|ECU EEPROM memory fault|hde_ecu_internal|SPN 630 (Engine control module calibration/configuration fault) with FMI 2 (Signal unstable, intermittent or implausible) is set by the Engine ECU when it detects an internal fault in its own memory, software or supply. Typical causes are a corrupted calibration, a power/ground fault at the ECU connector, or, rarely, a failed ECU that needs dealer replacement and reprogramming.|yanmar_over56kw|https://www.yanmar.com/media/news/2024/08/08065132/over_56kw_troubleshooting_manual.pdf|2-3-232|Troubleshooting manual, engines over 56 kW (2024)|16484|Test ECU supply and ground circuit wiring for the affected channel|2|Fleet technician|5.0|80.0|1.2|1. Verify battery voltage reaches the ECU's power pins with the key on • 2. Check chassis ground points for corrosion or a poor connection • 3. Repair as needed, clear codes
4075|630|2|Yanmar|P1601|Engine ECU|ECU EEPROM memory fault|hde_ecu_internal|SPN 630 (Engine control module calibration/configuration fault) with FMI 2 (Signal unstable, intermittent or implausible) is set by the Engine ECU when it detects an internal fault in its own memory, software or supply. Typical causes are a corrupted calibration, a power/ground fault at the ECU connector, or, rarely, a failed ECU that needs dealer replacement and reprogramming.|yanmar_over56kw|https://www.yanmar.com/media/news/2024/08/08065132/over_56kw_troubleshooting_manual.pdf|2-3-232|Troubleshooting manual, engines over 56 kW (2024)|16485|Replace the engine control unit (ECU) (or the affected internal module)|3|Dealer / specialist|400.0|3500.0|3.0|1. Confirm the fault persists after a reflash and clean power/ground • 2. Replace the ECU/module and transfer or re-program its configuration data • 3. Clear codes and verify with a full system scan
4075|630|2|Yanmar|P1601|Engine ECU|ECU EEPROM memory fault|hde_ecu_internal|SPN 630 (Engine control module calibration/configuration fault) with FMI 2 (Signal unstable, intermittent or implausible) is set by the Engine ECU when it detects an internal fault in its own memory, software or supply. Typical causes are a corrupted calibration, a power/ground fault at the ECU connector, or, rarely, a failed ECU that needs dealer replacement and reprogramming.|yanmar_over56kw|https://www.yanmar.com/media/news/2024/08/08065132/over_56kw_troubleshooting_manual.pdf|2-3-232|Troubleshooting manual, engines over 56 kW (2024)|16486|Reflash/reprogram the engine control unit (ECU) with the latest calibration|4|Dealer / specialist|0.0|300.0|1.5|1. Connect the OEM diagnostic tool and check for a newer software/calibration release • 2. Reflash the ECU per the OEM procedure • 3. Clear codes, run a full DTC scan and road-test
4117|2971|12|Yanmar|P0403|Engine ECU|EGR valve actuator motor coil circuit open (disconnected)|hda_egr_valve_actuator|SPN 2971 (EGR valve actuator motor coil circuit) with FMI 12 (Smart device or component defective) is set by the Engine ECU when the EGR valve actuator will not reach or hold a commanded position, reports an internal fault, loses calibration, or the motor coil circuit is open or shorted. Carbon buildup in the valve bore that increases actuator load is a leading mechanical cause behind an electrical-looking fault.|yanmar_over56kw|https://www.yanmar.com/media/news/2024/08/08065132/over_56kw_troubleshooting_manual.pdf|2-3-220|Troubleshooting manual, engines over 56 kW (2024)|16651|Replace the EGR valve actuator|1|Dealer / specialist|250.0|1400.0|2.0|1. Remove the EGR valve actuator assembly and its gasket/clamp • 2. Install the replacement, torque fasteners per spec and reconnect the harness • 3. Clear codes, run the actuator's self-calibration/learn procedure if the OEM tool supports one, and confirm normal operation
4117|2971|12|Yanmar|P0403|Engine ECU|EGR valve actuator motor coil circuit open (disconnected)|hda_egr_valve_actuator|SPN 2971 (EGR valve actuator motor coil circuit) with FMI 12 (Smart device or component defective) is set by the Engine ECU when the EGR valve actuator will not reach or hold a commanded position, reports an internal fault, loses calibration, or the motor coil circuit is open or shorted. Carbon buildup in the valve bore that increases actuator load is a leading mechanical cause behind an electrical-looking fault.|yanmar_over56kw|https://www.yanmar.com/media/news/2024/08/08065132/over_56kw_troubleshooting_manual.pdf|2-3-220|Troubleshooting manual, engines over 56 kW (2024)|16652|Inspect and clean the EGR valve actuator connector|2|Fleet technician|0.0|20.0|0.5|1. Key off, unplug the EGR valve actuator • 2. Check pins for corrosion and the harness for chafing or heat damage near the exhaust • 3. Apply dielectric grease, reseat, clear codes and cycle the actuator with a service tool
4117|2971|12|Yanmar|P0403|Engine ECU|EGR valve actuator motor coil circuit open (disconnected)|hda_egr_valve_actuator|SPN 2971 (EGR valve actuator motor coil circuit) with FMI 12 (Smart device or component defective) is set by the Engine ECU when the EGR valve actuator will not reach or hold a commanded position, reports an internal fault, loses calibration, or the motor coil circuit is open or shorted. Carbon buildup in the valve bore that increases actuator load is a leading mechanical cause behind an electrical-looking fault.|yanmar_over56kw|https://www.yanmar.com/media/news/2024/08/08065132/over_56kw_troubleshooting_manual.pdf|2-3-220|Troubleshooting manual, engines over 56 kW (2024)|16653|Test the EGR valve actuator motor/coil circuit|3|Fleet technician|5.0|70.0|1.2|1. Back-probe the motor or coil circuit at the connector • 2. Check winding resistance against spec and continuity/insulation to ground • 3. Repair chafed or shorted wiring, clear codes and re-test with a commanded sweep
4117|2971|12|Yanmar|P0403|Engine ECU|EGR valve actuator motor coil circuit open (disconnected)|hda_egr_valve_actuator|SPN 2971 (EGR valve actuator motor coil circuit) with FMI 12 (Smart device or component defective) is set by the Engine ECU when the EGR valve actuator will not reach or hold a commanded position, reports an internal fault, loses calibration, or the motor coil circuit is open or shorted. Carbon buildup in the valve bore that increases actuator load is a leading mechanical cause behind an electrical-looking fault.|yanmar_over56kw|https://www.yanmar.com/media/news/2024/08/08065132/over_56kw_troubleshooting_manual.pdf|2-3-220|Troubleshooting manual, engines over 56 kW (2024)|16654|Free up and clean a sticking EGR valve actuator|4|Fleet technician|30.0|250.0|1.5|1. Remove the EGR valve actuator (or access it in place per OEM procedure) • 2. Clean carbon and soot buildup from the bore/shaft with an approved solvent, working the shaft through its full travel • 3. Reinstall, clear codes and command a full-range sweep with a service tool to confirm smooth travel
4159|518280|6|Yanmar|P1735|Engine ECU|Buzzer output circuit shorted to battery supply|hde_lamp_output_circuit|SPN 518280 (Buzzer output circuit) with FMI 6 (Current too high; short to ground) is set by the Engine ECU when the dashboard warning lamp or indicator output circuit reads an abnormal voltage or current. Typical causes are a burned-out bulb/LED, a corroded connector, or a short/open in the wiring between the module and the indicator.|yanmar_over56kw|https://www.yanmar.com/media/news/2024/08/08065132/over_56kw_troubleshooting_manual.pdf|2-3-278|Troubleshooting manual, engines over 56 kW (2024)|16800|Test the dashboard warning lamp or indicator output driver circuit|1|Fleet technician|5.0|45.0|0.8|1. Back-probe the output pin at the ECU/module connector • 2. Check for a short to ground/battery or an open in the wiring to the lamp/indicator • 3. Repair as needed, clear codes
4159|518280|6|Yanmar|P1735|Engine ECU|Buzzer output circuit shorted to battery supply|hde_lamp_output_circuit|SPN 518280 (Buzzer output circuit) with FMI 6 (Current too high; short to ground) is set by the Engine ECU when the dashboard warning lamp or indicator output circuit reads an abnormal voltage or current. Typical causes are a burned-out bulb/LED, a corroded connector, or a short/open in the wiring between the module and the indicator.|yanmar_over56kw|https://www.yanmar.com/media/news/2024/08/08065132/over_56kw_troubleshooting_manual.pdf|2-3-278|Troubleshooting manual, engines over 56 kW (2024)|16801|Inspect and clean the dashboard warning lamp or indicator connector|2|Fleet technician|0.0|10.0|0.3|1. Key off, unplug the lamp/indicator connector • 2. Check pins for corrosion or a loose crimp • 3. Apply dielectric grease, reseat, clear codes
4159|518280|6|Yanmar|P1735|Engine ECU|Buzzer output circuit shorted to battery supply|hde_lamp_output_circuit|SPN 518280 (Buzzer output circuit) with FMI 6 (Current too high; short to ground) is set by the Engine ECU when the dashboard warning lamp or indicator output circuit reads an abnormal voltage or current. Typical causes are a burned-out bulb/LED, a corroded connector, or a short/open in the wiring between the module and the indicator.|yanmar_over56kw|https://www.yanmar.com/media/news/2024/08/08065132/over_56kw_troubleshooting_manual.pdf|2-3-278|Troubleshooting manual, engines over 56 kW (2024)|16802|Replace the failed bulb, LED module or indicator|3|Fleet technician|5.0|60.0|0.4|1. Confirm the bulb/LED itself is not simply burned out • 2. Replace the bulb or indicator module • 3. Clear codes and verify the indicator responds to a commanded test
