entity_ref|entity_type|numeric_id|parent_ref|procedure_key|part_template_key|content_digest
mechanicdb:v1:obd:code:213|code|213||||cc9610ce29faca5edb03ab7709b4bd70
mechanicdb:v1:obd:code:217|code|217||||17f1b6b1dbfd6f60e6987ddf83241e92
mechanicdb:v1:obd:code:228|code|228||||287730a0ede595294ea70fb5669a978f
mechanicdb:v1:obd:code:684|code|684||||e5fc125d1c93237aff3c20f092a83680
mechanicdb:v1:obd:code:689|code|689||||cf1493cfe33fcc76402f6123a849b493
mechanicdb:v1:obd:code:924|code|924||||f426d8c652abb50cce064da2d2ac9552
mechanicdb:v1:obd:code:925|code|925||||7ee130d7639d35e3fa6bfdc7270c9b5a
mechanicdb:v1:obd:code:929|code|929||||d79d795d250f94fe7dfcfa732178e2d1
mechanicdb:v1:obd:code:942|code|942||||4b872baeb1451adf2daea7b3ef030ff7
mechanicdb:v1:obd:code:943|code|943||||b9043d9586f1782182c83fd6aec3c7fb
mechanicdb:v1:obd:code:947|code|947||||c0eaab4125aa459538f33a70610f1553
mechanicdb:v1:obd:code:956|code|956||||a28ec7d771c7a4226fa22e03bb9c0f47
mechanicdb:v1:obd:code:963|code|963||||01087b35b4058496620eacc092d8d565
mechanicdb:v1:obd:code:972|code|972||||b681a924065eb019430693df4b994c2b
mechanicdb:v1:obd:code:974|code|974||||16586e625588df8f9b8e9905812c3bbf
mechanicdb:v1:obd:code:976|code|976||||5c916bd57d70de8a00a11fafd04a055c
mechanicdb:v1:obd:code:979|code|979||||92ea6dfe4581510cf16721d60b4d70a1
mechanicdb:v1:obd:code:988|code|988||||19532299321769826c6b978b2a5aac44
mechanicdb:v1:obd:code:1036|code|1036||||da5cc9f25df33ccab65faeab55961b0e
mechanicdb:v1:obd:code:1037|code|1037||||dd969dcab65d6a23bf3c7d4a0e3ca4f9
mechanicdb:v1:obd:code:1039|code|1039||||936d5a76eb81b8e1d86d953dc99f846d
mechanicdb:v1:obd:code:1040|code|1040||||659e61f174cc48257de2669e64c6343d
mechanicdb:v1:obd:code:1435|code|1435||||f4a1cee65f1b6078d7f598eb12fe00f1
mechanicdb:v1:obd:code:1436|code|1436||||ef623ff0d7d83c0a134d624bd76a89a7
mechanicdb:v1:obd:code:1437|code|1437||||3b63f46da2638c7e8254f0e9c150ea5b
mechanicdb:v1:obd:code:1438|code|1438||||574a4055cf27e5c54396897d2b228d2e
mechanicdb:v1:obd:code:1439|code|1439||||2958d64fa4cd89ffa51ee8cc91a01550
mechanicdb:v1:obd:code:1440|code|1440||||5127fec57106295538a37accfacedabf
mechanicdb:v1:obd:code:1441|code|1441||||2eff95226583bf479d3845f4b6079430
mechanicdb:v1:obd:code:1472|code|1472||||54606ff565c13c00e7b3d48094e495cb
mechanicdb:v1:obd:code:1488|code|1488||||af5eeb051c5787d39ad7a1b2f8be6eba
mechanicdb:v1:obd:code:1499|code|1499||||2945afd74cd7b031a044f21f6f372412
mechanicdb:v1:obd:code:1500|code|1500||||b19b5fa6543e87f9bfd8c37d6a61df3b
mechanicdb:v1:obd:code:1689|code|1689||||a60f3daef843507526f46260b0a8d14b
mechanicdb:v1:obd:code:1690|code|1690||||bd802e198fc8aff3e39b6efc356f23d4
mechanicdb:v1:obd:code:1691|code|1691||||b98445a8e006a9fbc08e0ce168e2fb3b
mechanicdb:v1:obd:code:1705|code|1705||||5bd7479d221a04967660d67dbe6aaf03
mechanicdb:v1:obd:code:1720|code|1720||||577f2340adec5c9a61f945ec42b321b1
mechanicdb:v1:obd:code:1736|code|1736||||8000ed5f48ebdbe3f2c22acc88935afb
mechanicdb:v1:obd:code:1752|code|1752||||586cec07825bb59c4f5ee8483dfc302c
mechanicdb:v1:obd:code:1753|code|1753||||fc13e62674754a57527052879a1e11d6
mechanicdb:v1:obd:code:1754|code|1754||||3aae53d1919c3d58c7858dd7dc9718cc
mechanicdb:v1:obd:code:1758|code|1758||||f12873c807f9217bfad56e4be9b5ab5a
mechanicdb:v1:obd:code:1773|code|1773||||57d969cee4a3b7594ee322fff3a0bf56
mechanicdb:v1:obd:code:1774|code|1774||||0af3f71943aa3dd69d89d34f29bcd5e7
mechanicdb:v1:obd:code:1775|code|1775||||32987da309e84d0e9e1176df07061a59
mechanicdb:v1:obd:code:1944|code|1944||||1346fc92400f443533f5ee4c793fb86e
mechanicdb:v1:obd:code:1949|code|1949||||c3b28770d61cff670aec83a93ca53196
mechanicdb:v1:obd:code:1950|code|1950||||29c418dde610b63ac2cfb26cd9ae2db3
mechanicdb:v1:obd:code:1951|code|1951||||f2972f2293e046b6b339d848a1cbb80d
mechanicdb:v1:obd:code:2042|code|2042||||4edf295f51dd2c3bcc6aa89f2dc2361b
mechanicdb:v1:obd:code:2043|code|2043||||aa590643688bce53cc8f997604738fe9
mechanicdb:v1:obd:code:2201|code|2201||||806b21bc035ee1b482f005d50d7e780f
mechanicdb:v1:obd:code:2206|code|2206||||5a5a1f17afd0c62700949ed1d2671ad8
mechanicdb:v1:obd:code:2456|code|2456||||9931729a677b9b07c213f5069a0da5d1
mechanicdb:v1:obd:code:2461|code|2461||||d18751e32b7dbd531cfca03cc7d45c75
mechanicdb:v1:obd:code:2462|code|2462||||7e73c016a76b47159580d91fe9bb2a3e
mechanicdb:v1:obd:code:2477|code|2477||||9eb226afc2c0397cbc9e8f76ad4f5374
mechanicdb:v1:obd:code:2488|code|2488||||4d60d9fc31355d97ee43ed9d34599718
mechanicdb:v1:obd:code:2521|code|2521||||aaff474ca1bfb6137e2c57bc11a851a0
mechanicdb:v1:obd:code:2523|code|2523||||f339dda3b6088898b8dda56d530f17f3
mechanicdb:v1:obd:code:2541|code|2541||||4c07cc23c0c9a5380a28c69b6110f069
mechanicdb:v1:obd:code:4374|code|4374||||fd7e95b8e34ecf3703754dd295ebc857
mechanicdb:v1:obd:code:4522|code|4522||||76521ca96db1988b88fe94c1dc0c1c77
mechanicdb:v1:obd:code:4523|code|4523||||af42e955f2d89af826fb2aa862b7b56a
mechanicdb:v1:obd:code:4629|code|4629||||b783c1e93e9148171b2ce10edf5f5029
mechanicdb:v1:obd:code:4681|code|4681||||5ce864868a4ed58a6f4f972ac58933ee
mechanicdb:v1:obd:code:4684|code|4684||||3907ac9a969ba245377e097f4297d104
mechanicdb:v1:obd:code:4757|code|4757||||af0e9fd53b0443c8f9f09c663cb2d39b
mechanicdb:v1:obd:code:4763|code|4763||||081da2d561490d87dd7f27651c81c8e4
mechanicdb:v1:obd:code:4777|code|4777||||2f4a0d6a1338a87dee222988c6c9a5fd
mechanicdb:v1:obd:code:4996|code|4996||||f70eb1655f170f474e5e813f4306c4b2
mechanicdb:v1:obd:code:8138|code|8138||||52cf17e14ae684459d2e8dc6c2135bad
mechanicdb:v1:obd:code:8139|code|8139||||102f9ee59cf30a97faf12d250db62b26
mechanicdb:v1:obd:code:8171|code|8171||||5bc321cffc5d8c1270f4ae37dbc7670d
mechanicdb:v1:obd:code:9344|code|9344||||614d647cc2ca50c884b7c29da5555213
mechanicdb:v1:obd:code:9346|code|9346||||db39572ddaf212b8a26c2ae975457253
mechanicdb:v1:obd:code:9349|code|9349||||7e7406d175a401d1b7cee7e45453b094
mechanicdb:v1:obd:code:10510|code|10510||||11717a26d8e0dff6d2237b2a50b46039
mechanicdb:v1:obd:code:10676|code|10676||||96e8e42d710b5dbacdb3458f2e927334
mechanicdb:v1:obd:code:11169|code|11169||||eb2448447976c3ccc70d769eabeafa74
mechanicdb:v1:obd:code:11181|code|11181||||c077aef21604c1c08b9e23e519412fb6
mechanicdb:v1:obd:code:11210|code|11210||||814780393928f75f2d54d4185e5e5106
mechanicdb:v1:obd:code:12109|code|12109||||67abc80c59120a36e202cf38ff6b66b1
mechanicdb:v1:obd:code:12446|code|12446||||76545ab629d49f608d8a9d828d3af22b
mechanicdb:v1:obd:code:12990|code|12990||||369f839dfad80bab5d7bda47556a6123
mechanicdb:v1:obd:code:14131|code|14131||||28417e05ec64feb2d4e31ac35e176f3b
mechanicdb:v1:obd:code:15314|code|15314||||c7689a615ce649b0a65346ae86f6bd77
mechanicdb:v1:obd:code:15327|code|15327||||4b9b57ebb49d3f149d26e4a7de539d8b
mechanicdb:v1:obd:code:15386|code|15386||||cf31508fc0b1801269d8c6d3360a5c14
mechanicdb:v1:obd:fix:849|fix|849|mechanicdb:v1:obd:code:213|obd-procedure-1919||b76718c5c66240e867bc69117e42ce75
mechanicdb:v1:obd:fix:850|fix|850|mechanicdb:v1:obd:code:213|obd-procedure-1920||10f376caf0b5d2de8fc8a95bed8dbbce
mechanicdb:v1:obd:fix:851|fix|851|mechanicdb:v1:obd:code:213|obd-procedure-1921||274a800c2d59567bbdcca88f13348c4e
mechanicdb:v1:obd:fix:852|fix|852|mechanicdb:v1:obd:code:213|obd-procedure-1922||ecb6da87a9f3ae53d9005d8ea430c4a6
mechanicdb:v1:obd:fix:865|fix|865|mechanicdb:v1:obd:code:217|obd-procedure-1919||265404d23e41b5062d56260696347988
mechanicdb:v1:obd:fix:866|fix|866|mechanicdb:v1:obd:code:217|obd-procedure-1920||c573912c0063afa3e25e6bf90fad8ae1
mechanicdb:v1:obd:fix:867|fix|867|mechanicdb:v1:obd:code:217|obd-procedure-1921||8e54fd2ebcf8f50a863e31233b86e5c3
mechanicdb:v1:obd:fix:868|fix|868|mechanicdb:v1:obd:code:217|obd-procedure-1922||5939b121e8ee7135976e63c9100d04ec
mechanicdb:v1:obd:fix:909|fix|909|mechanicdb:v1:obd:code:228|obd-procedure-1827||59a23db01178665068215d4edcb55ada
mechanicdb:v1:obd:fix:910|fix|910|mechanicdb:v1:obd:code:228|obd-procedure-1828||1a3949723f3c2c538f366abc0ded41ac
mechanicdb:v1:obd:fix:911|fix|911|mechanicdb:v1:obd:code:228|obd-procedure-1829||28e6cf0f796bbc565a29ccd374ebf71e
mechanicdb:v1:obd:fix:912|fix|912|mechanicdb:v1:obd:code:228|obd-procedure-1830||c598abd76757c746cc7bd9ac6821189d
mechanicdb:v1:obd:fix:2710|fix|2710|mechanicdb:v1:obd:code:684|obd-procedure-0024||91d9db3f1726f04837bffcedccc1478e
mechanicdb:v1:obd:fix:2711|fix|2711|mechanicdb:v1:obd:code:684|obd-procedure-0025||11798cc20bba2aaa9d03e5b327289744
mechanicdb:v1:obd:fix:2712|fix|2712|mechanicdb:v1:obd:code:684|obd-procedure-0026||5022089e1a631f207122030aea8b084f
mechanicdb:v1:obd:fix:2713|fix|2713|mechanicdb:v1:obd:code:684|obd-procedure-0027||6789fa02ed0a5d99a138615459970c62
mechanicdb:v1:obd:fix:2729|fix|2729|mechanicdb:v1:obd:code:689|obd-procedure-0012||ccddecc5b0595ea48d20e6af85e3917b
mechanicdb:v1:obd:fix:2730|fix|2730|mechanicdb:v1:obd:code:689|obd-procedure-0013||d4a8e75890f35704fd4efc8e65bfc9d3
mechanicdb:v1:obd:fix:2731|fix|2731|mechanicdb:v1:obd:code:689|obd-procedure-0014||6cd6de871a5efaec4890f02e048bd022
mechanicdb:v1:obd:fix:3481|fix|3481|mechanicdb:v1:obd:code:924|obd-procedure-0001||37151f45a4bda131b064f4c02f719ac6
mechanicdb:v1:obd:fix:3482|fix|3482|mechanicdb:v1:obd:code:924|obd-procedure-0002||2a4a56ccfe9bbf126d59a97d399df79f
mechanicdb:v1:obd:fix:3483|fix|3483|mechanicdb:v1:obd:code:924|obd-procedure-0003||c832fe5c17a19eb3d6aa45abbcf5487c
mechanicdb:v1:obd:fix:3484|fix|3484|mechanicdb:v1:obd:code:924|obd-procedure-0004||f9084ad4d82819f4687790def96a630a
mechanicdb:v1:obd:fix:3485|fix|3485|mechanicdb:v1:obd:code:925|obd-procedure-0001||34b3d37f15d34e49cb7263e11932928c
mechanicdb:v1:obd:fix:3486|fix|3486|mechanicdb:v1:obd:code:925|obd-procedure-0002||7d0e568ae59d0da0d8b707ff12fa2862
mechanicdb:v1:obd:fix:3487|fix|3487|mechanicdb:v1:obd:code:925|obd-procedure-0003||7351631e35912bf9ceca3beb75593d09
mechanicdb:v1:obd:fix:3488|fix|3488|mechanicdb:v1:obd:code:925|obd-procedure-0004||211cd9499209ae5baff4f8979683bb11
mechanicdb:v1:obd:fix:3500|fix|3500|mechanicdb:v1:obd:code:929|obd-procedure-0093||59d64849abb52fcb39aae0316988abd3
mechanicdb:v1:obd:fix:3501|fix|3501|mechanicdb:v1:obd:code:929|obd-procedure-0094||b46336f1446ef0cd52074c4cb8302bef
mechanicdb:v1:obd:fix:3502|fix|3502|mechanicdb:v1:obd:code:929|obd-procedure-0095||605adf2f2177af5ec019d1f39ec38b75
mechanicdb:v1:obd:fix:3545|fix|3545|mechanicdb:v1:obd:code:942|obd-procedure-0069||ab8ce110444ca5d790d76775e73693cc
mechanicdb:v1:obd:fix:3546|fix|3546|mechanicdb:v1:obd:code:942|obd-procedure-0070||ac07e6f568872e5b86e374a3a8731fd9
mechanicdb:v1:obd:fix:3547|fix|3547|mechanicdb:v1:obd:code:942|obd-procedure-0071||bb11fc5dcf2fff944d698ec93f31f7d2
mechanicdb:v1:obd:fix:3548|fix|3548|mechanicdb:v1:obd:code:943|obd-procedure-0069||17fd4ba3f5338b8be7649ad2b2e295dc
mechanicdb:v1:obd:fix:3549|fix|3549|mechanicdb:v1:obd:code:943|obd-procedure-0070||be2f963ce0e54b8d9bf67befb427b526
mechanicdb:v1:obd:fix:3550|fix|3550|mechanicdb:v1:obd:code:943|obd-procedure-0071||41f0cefbdab6bf0d3d51f68762f9876a
mechanicdb:v1:obd:fix:3560|fix|3560|mechanicdb:v1:obd:code:947|obd-procedure-0096||bf6a28b1b9af5948ec09801156e1e165
mechanicdb:v1:obd:fix:3561|fix|3561|mechanicdb:v1:obd:code:947|obd-procedure-0097||d71300a0edaf0937fcec87e5296b4691
mechanicdb:v1:obd:fix:3562|fix|3562|mechanicdb:v1:obd:code:947|obd-procedure-0098||060afb6ca319c491d703135e99adaa97
mechanicdb:v1:obd:fix:3587|fix|3587|mechanicdb:v1:obd:code:956|obd-procedure-0099||a57eec30a0d3415e7742f95b748b42b3
mechanicdb:v1:obd:fix:3588|fix|3588|mechanicdb:v1:obd:code:956|obd-procedure-0100||ba353c0bcae60f6dff7081e6c1a05d27
mechanicdb:v1:obd:fix:3589|fix|3589|mechanicdb:v1:obd:code:956|obd-procedure-0101||890cdb6364bf1e82f8a2daaf55c1f4b5
mechanicdb:v1:obd:fix:3608|fix|3608|mechanicdb:v1:obd:code:963|obd-procedure-0102||87697a4d75985593cd0bec76364dbdff
mechanicdb:v1:obd:fix:3609|fix|3609|mechanicdb:v1:obd:code:963|obd-procedure-0103||caa0f8aa27a02a989df2b8cc67c65d62
mechanicdb:v1:obd:fix:3610|fix|3610|mechanicdb:v1:obd:code:963|obd-procedure-0104||424fa6799f200204ae0d05d22a199d19
mechanicdb:v1:obd:fix:3635|fix|3635|mechanicdb:v1:obd:code:972|obd-procedure-0111||55471a6ecb41190e0fbe0dfdf0f9aa0e
mechanicdb:v1:obd:fix:3636|fix|3636|mechanicdb:v1:obd:code:972|obd-procedure-0112||2b565fcfe776138cba310eccb2db2d39
mechanicdb:v1:obd:fix:3637|fix|3637|mechanicdb:v1:obd:code:972|obd-procedure-0113||8d3ed8edd15ed13e77eb8fb52130139f
mechanicdb:v1:obd:fix:3641|fix|3641|mechanicdb:v1:obd:code:974|obd-procedure-0117||f0888161a0bbd4ed30ca6bd8bd7d4b0c
mechanicdb:v1:obd:fix:3642|fix|3642|mechanicdb:v1:obd:code:974|obd-procedure-0118||52e559aae959e033cc8f522d8ea8f4b0
mechanicdb:v1:obd:fix:3643|fix|3643|mechanicdb:v1:obd:code:974|obd-procedure-0119||365abd635c18845409a6635adccce129
mechanicdb:v1:obd:fix:3647|fix|3647|mechanicdb:v1:obd:code:976|obd-procedure-0031||b3adbc6a2b75d90d98bd8b529ed984be
mechanicdb:v1:obd:fix:3648|fix|3648|mechanicdb:v1:obd:code:976|obd-procedure-0032||8e7d8675a0640b6523d3c282a805e838
mechanicdb:v1:obd:fix:3649|fix|3649|mechanicdb:v1:obd:code:976|obd-procedure-0033||8d8b994c86befcaca80c8d3dc7186bff
mechanicdb:v1:obd:fix:3656|fix|3656|mechanicdb:v1:obd:code:979|obd-procedure-0111||7b5b233d2c54d5761aed4fb57abda83a
mechanicdb:v1:obd:fix:3657|fix|3657|mechanicdb:v1:obd:code:979|obd-procedure-0112||7572b3c2024645ad0b0ee53520bc255e
mechanicdb:v1:obd:fix:3658|fix|3658|mechanicdb:v1:obd:code:979|obd-procedure-0113||02c6c08c4c92a0b4f3a29b5874b94783
mechanicdb:v1:obd:fix:3683|fix|3683|mechanicdb:v1:obd:code:988|obd-procedure-0031||6a626bb045158e2bf56448587315d254
mechanicdb:v1:obd:fix:3684|fix|3684|mechanicdb:v1:obd:code:988|obd-procedure-0032||83f09c651e6b2c2bd549dfaa98ea714b
mechanicdb:v1:obd:fix:3685|fix|3685|mechanicdb:v1:obd:code:988|obd-procedure-0033||0f7aad0a091df7c11f5fa3fa1ebb7bee
mechanicdb:v1:obd:fix:3827|fix|3827|mechanicdb:v1:obd:code:1036|obd-procedure-0126||3ca4401f374e7472e231b8fef7c94f91
mechanicdb:v1:obd:fix:3828|fix|3828|mechanicdb:v1:obd:code:1036|obd-procedure-0127||b8f418f4b11cde9046397face09508ff
mechanicdb:v1:obd:fix:3829|fix|3829|mechanicdb:v1:obd:code:1036|obd-procedure-0128||bee6d25517b6170e04c981d1ddce8b3a
mechanicdb:v1:obd:fix:3830|fix|3830|mechanicdb:v1:obd:code:1037|obd-procedure-0129||5f9eb66b59fb4d2119edacdc49df89e4
mechanicdb:v1:obd:fix:3831|fix|3831|mechanicdb:v1:obd:code:1037|obd-procedure-0130||8ee0824a12e64604dc5bef5c955c1c1b
mechanicdb:v1:obd:fix:3832|fix|3832|mechanicdb:v1:obd:code:1037|obd-procedure-0131||e42d5463239103c91ddc09e52b069a25
mechanicdb:v1:obd:fix:3836|fix|3836|mechanicdb:v1:obd:code:1039|obd-procedure-0126||9a2048c332089bea063bfd40a89a712b
mechanicdb:v1:obd:fix:3837|fix|3837|mechanicdb:v1:obd:code:1039|obd-procedure-0127||3ab6dbdec21409c022856ce661288548
mechanicdb:v1:obd:fix:3838|fix|3838|mechanicdb:v1:obd:code:1039|obd-procedure-0128||feeb8c5aba652749aceb0a90816613eb
mechanicdb:v1:obd:fix:3839|fix|3839|mechanicdb:v1:obd:code:1040|obd-procedure-0129||f402aac14b7c7720398e1ad778a62341
mechanicdb:v1:obd:fix:3840|fix|3840|mechanicdb:v1:obd:code:1040|obd-procedure-0130||1b6e33a8ab567ec58d4800404b9ccf9c
mechanicdb:v1:obd:fix:3841|fix|3841|mechanicdb:v1:obd:code:1040|obd-procedure-0131||2f6c0ace251604a74995dda67f114f66
mechanicdb:v1:obd:fix:5039|fix|5039|mechanicdb:v1:obd:code:1435|obd-procedure-0236||dc6e4b7cfbd1e1d35e4e4c9a0cbc732c
mechanicdb:v1:obd:fix:5040|fix|5040|mechanicdb:v1:obd:code:1435|obd-procedure-0237||2d0cb6b4a135976590d752dd7e47bc42
mechanicdb:v1:obd:fix:5041|fix|5041|mechanicdb:v1:obd:code:1435|obd-procedure-0238||df6135557cfa9fc184501dd9edfb5db9
mechanicdb:v1:obd:fix:5042|fix|5042|mechanicdb:v1:obd:code:1435|obd-procedure-0239||ee514643b91a9042b5013baaef51cfe9
mechanicdb:v1:obd:fix:5043|fix|5043|mechanicdb:v1:obd:code:1436|obd-procedure-0240||f18220d798291af7fa7fd9ed3ee2370a
mechanicdb:v1:obd:fix:5044|fix|5044|mechanicdb:v1:obd:code:1436|obd-procedure-0241||7a805e6b380df77fc5b653969d7d3849
mechanicdb:v1:obd:fix:5045|fix|5045|mechanicdb:v1:obd:code:1436|obd-procedure-0242||4ab3270b5329d4efcd643a6f2a44702d
mechanicdb:v1:obd:fix:5046|fix|5046|mechanicdb:v1:obd:code:1436|obd-procedure-0243||5fd8a5f77e3c0f50f11e2cab4998b79a
mechanicdb:v1:obd:fix:5047|fix|5047|mechanicdb:v1:obd:code:1437|obd-procedure-0240||77898df4c3eec9fdc7324db6f5e42279
mechanicdb:v1:obd:fix:5048|fix|5048|mechanicdb:v1:obd:code:1437|obd-procedure-0241||3ebab329c77bbec4dfd54ff030e25c02
mechanicdb:v1:obd:fix:5049|fix|5049|mechanicdb:v1:obd:code:1437|obd-procedure-0242||36c543a7da6334d3aa569cdfb4df4a5f
mechanicdb:v1:obd:fix:5050|fix|5050|mechanicdb:v1:obd:code:1437|obd-procedure-0243||9d9aa1879a38ea4f68222e49858bbbf7
mechanicdb:v1:obd:fix:5051|fix|5051|mechanicdb:v1:obd:code:1438|obd-procedure-0240||81f65161b0eb460ae8087f4dd3e1c5cd
mechanicdb:v1:obd:fix:5052|fix|5052|mechanicdb:v1:obd:code:1438|obd-procedure-0241||f25f6f88e141a7f69e71a43bc7edefbe
mechanicdb:v1:obd:fix:5053|fix|5053|mechanicdb:v1:obd:code:1438|obd-procedure-0242||637992a89e653fb2634101468642c70c
mechanicdb:v1:obd:fix:5054|fix|5054|mechanicdb:v1:obd:code:1438|obd-procedure-0243||0b903a3c395d1fa43019c522471a0070
mechanicdb:v1:obd:fix:5055|fix|5055|mechanicdb:v1:obd:code:1439|obd-procedure-0240||6df99d577f2763b7324b6ff18c214e04
mechanicdb:v1:obd:fix:5056|fix|5056|mechanicdb:v1:obd:code:1439|obd-procedure-0241||7664e36b76d9136afcd88ef093137082
mechanicdb:v1:obd:fix:5057|fix|5057|mechanicdb:v1:obd:code:1439|obd-procedure-0242||e3740c0bcc857b8ac34b8e368f29256b
mechanicdb:v1:obd:fix:5058|fix|5058|mechanicdb:v1:obd:code:1439|obd-procedure-0243||b0728c92ddc98166a89955f0215b1f52
mechanicdb:v1:obd:fix:5059|fix|5059|mechanicdb:v1:obd:code:1440|obd-procedure-0240||70efeaafb08c5f32669e5a16b73e4478
mechanicdb:v1:obd:fix:5060|fix|5060|mechanicdb:v1:obd:code:1440|obd-procedure-0241||a2ae7f87a8801d0574bb82afc1f01a0b
mechanicdb:v1:obd:fix:5061|fix|5061|mechanicdb:v1:obd:code:1440|obd-procedure-0242||8944af6cb635801a493a3fff1d6f7c20
mechanicdb:v1:obd:fix:5062|fix|5062|mechanicdb:v1:obd:code:1440|obd-procedure-0243||a2e8bfca7229fc680592b4435364225f
mechanicdb:v1:obd:fix:5063|fix|5063|mechanicdb:v1:obd:code:1441|obd-procedure-0240||631f1b4c1bee5c66e2d2a630664c42ae
mechanicdb:v1:obd:fix:5064|fix|5064|mechanicdb:v1:obd:code:1441|obd-procedure-0241||497be10c6643aad9f53f34287b2156ee
mechanicdb:v1:obd:fix:5065|fix|5065|mechanicdb:v1:obd:code:1441|obd-procedure-0242||6012a3977ae1d6dd8e371e509a965872
mechanicdb:v1:obd:fix:5066|fix|5066|mechanicdb:v1:obd:code:1441|obd-procedure-0243||dba4a66428810ab536e1931d7a7ed001
mechanicdb:v1:obd:fix:5187|fix|5187|mechanicdb:v1:obd:code:1472|obd-procedure-0252||4d5cb68a2434ac9be603bd02bd99b131
mechanicdb:v1:obd:fix:5188|fix|5188|mechanicdb:v1:obd:code:1472|obd-procedure-0253||5896bc07a4689a598bd584adf585a9cc
mechanicdb:v1:obd:fix:5189|fix|5189|mechanicdb:v1:obd:code:1472|obd-procedure-0254||6f6f2ec7806d9783eb0cb9b498c18989
mechanicdb:v1:obd:fix:5190|fix|5190|mechanicdb:v1:obd:code:1472|obd-procedure-0255||01c26ce748f625229133cd0b0ab341fc
mechanicdb:v1:obd:fix:5251|fix|5251|mechanicdb:v1:obd:code:1488|obd-procedure-0256||8f54b99258bb058489f6acec7efeaf79
mechanicdb:v1:obd:fix:5252|fix|5252|mechanicdb:v1:obd:code:1488|obd-procedure-0257||bbb5f723d15ee9a63d1dc55565bcc068
mechanicdb:v1:obd:fix:5253|fix|5253|mechanicdb:v1:obd:code:1488|obd-procedure-0258||d5861c8325d50f182c3e299de45741f9
mechanicdb:v1:obd:fix:5254|fix|5254|mechanicdb:v1:obd:code:1488|obd-procedure-0259||54bff72e826a112eb4f19b9463c2d008
mechanicdb:v1:obd:fix:5294|fix|5294|mechanicdb:v1:obd:code:1499|obd-procedure-0264||b8a69cc6049416522d66f7c340c4d1ce
mechanicdb:v1:obd:fix:5295|fix|5295|mechanicdb:v1:obd:code:1499|obd-procedure-0265||6366527a881562e24007be8b99345abb
mechanicdb:v1:obd:fix:5296|fix|5296|mechanicdb:v1:obd:code:1499|obd-procedure-0266||845002965a5a129489731fefe3cba1c6
mechanicdb:v1:obd:fix:5297|fix|5297|mechanicdb:v1:obd:code:1499|obd-procedure-0267||5c3146e794b83fd604c188e6849fe947
mechanicdb:v1:obd:fix:5298|fix|5298|mechanicdb:v1:obd:code:1500|obd-procedure-0264||56e8947c09deef6834d4e3d970a95566
mechanicdb:v1:obd:fix:5299|fix|5299|mechanicdb:v1:obd:code:1500|obd-procedure-0265||584d079a14409209c3bec79eb0f9125f
mechanicdb:v1:obd:fix:5300|fix|5300|mechanicdb:v1:obd:code:1500|obd-procedure-0266||c9ac2388f4396763fff4e479f9969eb6
mechanicdb:v1:obd:fix:5301|fix|5301|mechanicdb:v1:obd:code:1500|obd-procedure-0267||433eb8d407f02eb6488423e23fa0fef4
mechanicdb:v1:obd:fix:6037|fix|6037|mechanicdb:v1:obd:code:1689|obd-procedure-0300||c0acadab8fafeaadc1d3f9cd5545fa8e
mechanicdb:v1:obd:fix:6038|fix|6038|mechanicdb:v1:obd:code:1689|obd-procedure-0301||c9a5813905be350e5f3e01fa35907cd3
mechanicdb:v1:obd:fix:6039|fix|6039|mechanicdb:v1:obd:code:1689|obd-procedure-0302||d5205ba682509ad5d5ea2ae229b938e8
mechanicdb:v1:obd:fix:6040|fix|6040|mechanicdb:v1:obd:code:1689|obd-procedure-0303||0fde60039c17e9ad5eac11cd305167b9
mechanicdb:v1:obd:fix:6041|fix|6041|mechanicdb:v1:obd:code:1690|obd-procedure-0300||913337d9b095745400793346834ec36b
mechanicdb:v1:obd:fix:6042|fix|6042|mechanicdb:v1:obd:code:1690|obd-procedure-0301||1c73adf25910c761353b81df03c6c77c
mechanicdb:v1:obd:fix:6043|fix|6043|mechanicdb:v1:obd:code:1690|obd-procedure-0302||2604a6d45a6a50f2b1b914ca553b95fe
mechanicdb:v1:obd:fix:6044|fix|6044|mechanicdb:v1:obd:code:1690|obd-procedure-0303||5900816b5be4a5c44b7d663ed50a5477
mechanicdb:v1:obd:fix:6045|fix|6045|mechanicdb:v1:obd:code:1691|obd-procedure-0304||07de7bdb7785cfb253b2793ffd6d8c1b
mechanicdb:v1:obd:fix:6046|fix|6046|mechanicdb:v1:obd:code:1691|obd-procedure-0305||4a821de196bbc0c6eea2ca38b2c73a22
mechanicdb:v1:obd:fix:6047|fix|6047|mechanicdb:v1:obd:code:1691|obd-procedure-0306||f358b0aefa48155479d7ba4da0e24c6d
mechanicdb:v1:obd:fix:6048|fix|6048|mechanicdb:v1:obd:code:1691|obd-procedure-0307||e31d2c3379ea937c5b5e95bc55bb9276
mechanicdb:v1:obd:fix:6101|fix|6101|mechanicdb:v1:obd:code:1705|obd-procedure-0316||938e7540c9d9de40abff5c0513377d9a
mechanicdb:v1:obd:fix:6102|fix|6102|mechanicdb:v1:obd:code:1705|obd-procedure-0317||6d485675519a6924cf9dcf5724948c3f
mechanicdb:v1:obd:fix:6103|fix|6103|mechanicdb:v1:obd:code:1705|obd-procedure-0318||34a77d67704173e4c44ca092a0a6e0ff
mechanicdb:v1:obd:fix:6104|fix|6104|mechanicdb:v1:obd:code:1705|obd-procedure-0319||9b3299b5efbc634262d9f7d481533959
mechanicdb:v1:obd:fix:6161|fix|6161|mechanicdb:v1:obd:code:1720|obd-procedure-0320||89496d6909e9edb8da0160251acedade
mechanicdb:v1:obd:fix:6162|fix|6162|mechanicdb:v1:obd:code:1720|obd-procedure-0321||4b2e326749ed134b29ee54a3452fd7c0
mechanicdb:v1:obd:fix:6163|fix|6163|mechanicdb:v1:obd:code:1720|obd-procedure-0322||4ee5ee1c23300097ba89274ef7bded89
mechanicdb:v1:obd:fix:6164|fix|6164|mechanicdb:v1:obd:code:1720|obd-procedure-0323||0bea63c625a511cb5206a3b817d7a8af
mechanicdb:v1:obd:fix:6225|fix|6225|mechanicdb:v1:obd:code:1736|obd-procedure-0320||f8b9938c1e1c12a311cc1f9568882e05
mechanicdb:v1:obd:fix:6226|fix|6226|mechanicdb:v1:obd:code:1736|obd-procedure-0321||5c74e3b1370d0e5ef8eedf087c43b5e7
mechanicdb:v1:obd:fix:6227|fix|6227|mechanicdb:v1:obd:code:1736|obd-procedure-0322||6ea7ee12d5c4c815766cfb803fc99114
mechanicdb:v1:obd:fix:6228|fix|6228|mechanicdb:v1:obd:code:1736|obd-procedure-0323||34fe60e6f79ff74dd0aeaed6ddddbc79
mechanicdb:v1:obd:fix:6289|fix|6289|mechanicdb:v1:obd:code:1752|obd-procedure-0336||36f008e824e043ad732ee49baf29592a
mechanicdb:v1:obd:fix:6290|fix|6290|mechanicdb:v1:obd:code:1752|obd-procedure-0337||939f37c392b38a630c62fc2d2f7869ba
mechanicdb:v1:obd:fix:6291|fix|6291|mechanicdb:v1:obd:code:1752|obd-procedure-0338||6b7380eec42e2c50064f58906b38d1a5
mechanicdb:v1:obd:fix:6292|fix|6292|mechanicdb:v1:obd:code:1752|obd-procedure-0339||f24c5dccbd87cfa3275522eb59d1f5b5
mechanicdb:v1:obd:fix:6293|fix|6293|mechanicdb:v1:obd:code:1753|obd-procedure-0344||1ab252ae4ee94a2893e7c62cccb59dbc
mechanicdb:v1:obd:fix:6294|fix|6294|mechanicdb:v1:obd:code:1753|obd-procedure-0345||35f803759dc91f26b8967dd403b9cef2
mechanicdb:v1:obd:fix:6295|fix|6295|mechanicdb:v1:obd:code:1753|obd-procedure-0346||050e3e9610319b02b2dbeb2b746dcb8e
mechanicdb:v1:obd:fix:6296|fix|6296|mechanicdb:v1:obd:code:1753|obd-procedure-0347||afc76b307ca5055576a474ff88ee1251
mechanicdb:v1:obd:fix:6297|fix|6297|mechanicdb:v1:obd:code:1754|obd-procedure-0336||3c1de1fcdc42ea348119b3bd9f7926de
mechanicdb:v1:obd:fix:6298|fix|6298|mechanicdb:v1:obd:code:1754|obd-procedure-0337||2bd31ff7e9594dfcba5bc9a8520cad33
mechanicdb:v1:obd:fix:6299|fix|6299|mechanicdb:v1:obd:code:1754|obd-procedure-0338||2a7cdc4f1225ed4c7243696525abc52c
mechanicdb:v1:obd:fix:6300|fix|6300|mechanicdb:v1:obd:code:1754|obd-procedure-0339||1894d7fe16bd4ed5cfd8ddc05ea6bfee
mechanicdb:v1:obd:fix:6313|fix|6313|mechanicdb:v1:obd:code:1758|obd-procedure-0352||b6a5169a148e642d40e17a59f46ec98e
mechanicdb:v1:obd:fix:6314|fix|6314|mechanicdb:v1:obd:code:1758|obd-procedure-0353||2f849195aa31a6b1b7bfc373f92d3c8b
mechanicdb:v1:obd:fix:6315|fix|6315|mechanicdb:v1:obd:code:1758|obd-procedure-0354||fb5fbe9fe59d37cd709151706f364d32
mechanicdb:v1:obd:fix:6316|fix|6316|mechanicdb:v1:obd:code:1758|obd-procedure-0355||4394ae27416e1d7e40be99c397f1d8d8
mechanicdb:v1:obd:fix:6373|fix|6373|mechanicdb:v1:obd:code:1773|obd-procedure-0340||2548290cdb5224d62572a1e710019632
mechanicdb:v1:obd:fix:6374|fix|6374|mechanicdb:v1:obd:code:1773|obd-procedure-0341||d5abe62253f684d8db52c8aa2a9d07f3
mechanicdb:v1:obd:fix:6375|fix|6375|mechanicdb:v1:obd:code:1773|obd-procedure-0342||954bf9639b00972abf0e26ab297252bd
mechanicdb:v1:obd:fix:6376|fix|6376|mechanicdb:v1:obd:code:1773|obd-procedure-0343||6f9fea03b2e5960001dc50fe0c3b8445
mechanicdb:v1:obd:fix:6377|fix|6377|mechanicdb:v1:obd:code:1774|obd-procedure-0336||bcc969cfc6fa0f4fc7b5b3eeecc435c7
mechanicdb:v1:obd:fix:6378|fix|6378|mechanicdb:v1:obd:code:1774|obd-procedure-0337||f70a3fc1c344de86c4743c43ff9f772e
mechanicdb:v1:obd:fix:6379|fix|6379|mechanicdb:v1:obd:code:1774|obd-procedure-0338||4f6544fab31d610b1e98bf1ebfa6bb14
mechanicdb:v1:obd:fix:6380|fix|6380|mechanicdb:v1:obd:code:1774|obd-procedure-0339||3d5a613cb26aa25af8f3daf34370627f
mechanicdb:v1:obd:fix:6381|fix|6381|mechanicdb:v1:obd:code:1775|obd-procedure-0336||5dd71a1784b13f8cfa6392fe1f7ab082
mechanicdb:v1:obd:fix:6382|fix|6382|mechanicdb:v1:obd:code:1775|obd-procedure-0337||3754545e112346f43cd637e1bef9a6a8
mechanicdb:v1:obd:fix:6383|fix|6383|mechanicdb:v1:obd:code:1775|obd-procedure-0338||48284c3ee40185b23eefdf3178ad0057
mechanicdb:v1:obd:fix:6384|fix|6384|mechanicdb:v1:obd:code:1775|obd-procedure-0339||6835acc74b19441cbde1feca4dca2f03
mechanicdb:v1:obd:fix:7054|fix|7054|mechanicdb:v1:obd:code:1944|obd-procedure-0396||d22791762fb2b8b35027b6a4fd76aa00
mechanicdb:v1:obd:fix:7055|fix|7055|mechanicdb:v1:obd:code:1944|obd-procedure-0397||2a2da29fbde417e1d2489682f69a82a8
mechanicdb:v1:obd:fix:7056|fix|7056|mechanicdb:v1:obd:code:1944|obd-procedure-0398||998ddadc45d767509e2b6bbd12f67b0d
mechanicdb:v1:obd:fix:7057|fix|7057|mechanicdb:v1:obd:code:1944|obd-procedure-0399||f188cdb56864e9595dd548afee7510b8
mechanicdb:v1:obd:fix:7074|fix|7074|mechanicdb:v1:obd:code:1949|obd-procedure-0403||30d9b15e4e2b8d678c25d9b9c15c2967
mechanicdb:v1:obd:fix:7075|fix|7075|mechanicdb:v1:obd:code:1949|obd-procedure-0404||4ad1df5c6254e9fbdc4d56998a2185fa
mechanicdb:v1:obd:fix:7076|fix|7076|mechanicdb:v1:obd:code:1949|obd-procedure-0405||606ea34b05fd5647acbeb28ec858f844
mechanicdb:v1:obd:fix:7077|fix|7077|mechanicdb:v1:obd:code:1949|obd-procedure-0406||8aa54927517ade942cfc4e3471a3a92f
mechanicdb:v1:obd:fix:7078|fix|7078|mechanicdb:v1:obd:code:1950|obd-procedure-0403||bc9339b7b8c68f002d62f3359d90ae07
mechanicdb:v1:obd:fix:7079|fix|7079|mechanicdb:v1:obd:code:1950|obd-procedure-0404||2391929e9db33916d295f48ca882a2cc
mechanicdb:v1:obd:fix:7080|fix|7080|mechanicdb:v1:obd:code:1950|obd-procedure-0405||defb19c13566e8e51a0881afb27b5084
mechanicdb:v1:obd:fix:7081|fix|7081|mechanicdb:v1:obd:code:1950|obd-procedure-0406||0821ce39bfdaefb2b547bb15abaaf4e8
mechanicdb:v1:obd:fix:7082|fix|7082|mechanicdb:v1:obd:code:1951|obd-procedure-0403||fd990e125968f1a2d8719565bc4df0ad
mechanicdb:v1:obd:fix:7083|fix|7083|mechanicdb:v1:obd:code:1951|obd-procedure-0404||7694eb253a9da5905b6ef998a9ab7c03
mechanicdb:v1:obd:fix:7084|fix|7084|mechanicdb:v1:obd:code:1951|obd-procedure-0405||42fef76c26a57d4237ca55ba6e447fdb
mechanicdb:v1:obd:fix:7085|fix|7085|mechanicdb:v1:obd:code:1951|obd-procedure-0406||b0fcd8f068463ae5ba1c71f6606dd5a8
mechanicdb:v1:obd:fix:7395|fix|7395|mechanicdb:v1:obd:code:2042|obd-procedure-0479||7939fb284dee5c3dcdd95fc277b282ee
mechanicdb:v1:obd:fix:7396|fix|7396|mechanicdb:v1:obd:code:2042|obd-procedure-0480||6d81e9655d1d9f4c7e3f04d2d5612416
mechanicdb:v1:obd:fix:7397|fix|7397|mechanicdb:v1:obd:code:2042|obd-procedure-0481||a21ed6708e5b95c12b1f5391a683d6e0
mechanicdb:v1:obd:fix:7398|fix|7398|mechanicdb:v1:obd:code:2042|obd-procedure-0482||d4882a64ef3ec0632ed8da7da5b6fa97
mechanicdb:v1:obd:fix:7399|fix|7399|mechanicdb:v1:obd:code:2043|obd-procedure-0479||05ce2f92f1e90e71c055b8d6138f5fab
mechanicdb:v1:obd:fix:7400|fix|7400|mechanicdb:v1:obd:code:2043|obd-procedure-0480||15e87976072a859a428a61f1fc160e88
mechanicdb:v1:obd:fix:7401|fix|7401|mechanicdb:v1:obd:code:2043|obd-procedure-0481||9f569c1b07e99c1dffa87dd339a84111
mechanicdb:v1:obd:fix:7402|fix|7402|mechanicdb:v1:obd:code:2043|obd-procedure-0482||530bbed5bcd89a621fcb124278dc8814
mechanicdb:v1:obd:fix:7950|fix|7950|mechanicdb:v1:obd:code:2201|obd-procedure-0530||5a93c4d36b5e2fc49e9181f24f3a06b3
mechanicdb:v1:obd:fix:7951|fix|7951|mechanicdb:v1:obd:code:2201|obd-procedure-0531||805fc9f11104abde21aa8875883ba820
mechanicdb:v1:obd:fix:7952|fix|7952|mechanicdb:v1:obd:code:2201|obd-procedure-0532||88c5e5bda91da00724c900f8c799d664
mechanicdb:v1:obd:fix:7965|fix|7965|mechanicdb:v1:obd:code:2206|obd-procedure-0530||2c1bfd6dcaff6e0e6955eba4de475b45
mechanicdb:v1:obd:fix:7966|fix|7966|mechanicdb:v1:obd:code:2206|obd-procedure-0531||4c316ae7c832382ff39b78ab288bb72e
mechanicdb:v1:obd:fix:7967|fix|7967|mechanicdb:v1:obd:code:2206|obd-procedure-0532||71334157dc68b4085823d6b38346a05e
mechanicdb:v1:obd:fix:8840|fix|8840|mechanicdb:v1:obd:code:2456|obd-procedure-0574||d3b8deda20cdab6faaab80b16e2e1696
mechanicdb:v1:obd:fix:8841|fix|8841|mechanicdb:v1:obd:code:2456|obd-procedure-0575||f5f10c21a3c697448bcc5281ee7e0e6b
mechanicdb:v1:obd:fix:8842|fix|8842|mechanicdb:v1:obd:code:2456|obd-procedure-0576||547f492118f6508a1557e82df2a96e03
mechanicdb:v1:obd:fix:8857|fix|8857|mechanicdb:v1:obd:code:2461|obd-procedure-0584||739a5ac6f6c4dc7d60e83d23ad2c8068
mechanicdb:v1:obd:fix:8858|fix|8858|mechanicdb:v1:obd:code:2461|obd-procedure-0586||d1514331e2be99fa102051f717b7fa0c
mechanicdb:v1:obd:fix:8859|fix|8859|mechanicdb:v1:obd:code:2461|obd-procedure-0585||9c38fc3a56176ac43deaff049b5578eb
mechanicdb:v1:obd:fix:8860|fix|8860|mechanicdb:v1:obd:code:2462|obd-procedure-0584||311bb62bd4da8d64f9c77943562ecb46
mechanicdb:v1:obd:fix:8861|fix|8861|mechanicdb:v1:obd:code:2462|obd-procedure-0586||74905d6d27bf7bc0009a4f45538a3603
mechanicdb:v1:obd:fix:8862|fix|8862|mechanicdb:v1:obd:code:2462|obd-procedure-0585||88c49ef4ee69382754633c45f9c6746d
mechanicdb:v1:obd:fix:8910|fix|8910|mechanicdb:v1:obd:code:2477|obd-procedure-0590||0363a112263ea630365ab84dd7d11113
mechanicdb:v1:obd:fix:8911|fix|8911|mechanicdb:v1:obd:code:2477|obd-procedure-0591||c12eb376f2198905a3df9284f25b26c9
mechanicdb:v1:obd:fix:8912|fix|8912|mechanicdb:v1:obd:code:2477|obd-procedure-0592||e6ce5940dd6bfe8f4080a24b5fac46d0
mechanicdb:v1:obd:fix:8944|fix|8944|mechanicdb:v1:obd:code:2488|obd-procedure-0596||f90a7038f28e2ddaf749431c8809ec85
mechanicdb:v1:obd:fix:8945|fix|8945|mechanicdb:v1:obd:code:2488|obd-procedure-0597||317ef22c2703bc8f6cd551e7f91063b3
mechanicdb:v1:obd:fix:8946|fix|8946|mechanicdb:v1:obd:code:2488|obd-procedure-0598||b25960ac84cee601656cdafa15ae758c
mechanicdb:v1:obd:fix:9065|fix|9065|mechanicdb:v1:obd:code:2521|obd-procedure-0610||1b3f012d19daa7be720a8dd786b29731
mechanicdb:v1:obd:fix:9066|fix|9066|mechanicdb:v1:obd:code:2521|obd-procedure-0733||76157251ad32222cc22376fc4b262b9a
mechanicdb:v1:obd:fix:9067|fix|9067|mechanicdb:v1:obd:code:2521|obd-procedure-0611||6d5c0257b62be4409ad5ae8d3227fb32
mechanicdb:v1:obd:fix:9068|fix|9068|mechanicdb:v1:obd:code:2521|obd-procedure-0612||247e7291255be43a7bb4964b4b08c8c3
mechanicdb:v1:obd:fix:9073|fix|9073|mechanicdb:v1:obd:code:2523|obd-procedure-0610||52bf982ae25a30963dd8bf81477a9dd0
mechanicdb:v1:obd:fix:9074|fix|9074|mechanicdb:v1:obd:code:2523|obd-procedure-0733||25034b1b67c87628963c5f724b2f40a2
mechanicdb:v1:obd:fix:9075|fix|9075|mechanicdb:v1:obd:code:2523|obd-procedure-0611||ddbdb4bbd651a381ad431f790d35c9dc
mechanicdb:v1:obd:fix:9076|fix|9076|mechanicdb:v1:obd:code:2523|obd-procedure-0612||328cc403da3586522cfc0ee4be07fe4a
mechanicdb:v1:obd:fix:9145|fix|9145|mechanicdb:v1:obd:code:2541|obd-procedure-0616||d786d6ace7577be404695ee28eef2fb1
mechanicdb:v1:obd:fix:9146|fix|9146|mechanicdb:v1:obd:code:2541|obd-procedure-0731||80dbd4e30b351fb75a0cb8a97ab23c73
mechanicdb:v1:obd:fix:9147|fix|9147|mechanicdb:v1:obd:code:2541|obd-procedure-0617||6b462c3c6fcc39009061cb603c7accdc
mechanicdb:v1:obd:fix:9148|fix|9148|mechanicdb:v1:obd:code:2541|obd-procedure-0618||87509cd3651bd5e49bd08d6e3f38feee
mechanicdb:v1:obd:fix:15367|fix|15367|mechanicdb:v1:obd:code:4374|obd-procedure-1037||3093bdd5036ed92f98a563631c8fdc5d
mechanicdb:v1:obd:fix:15368|fix|15368|mechanicdb:v1:obd:code:4374|obd-procedure-1038||b550449ad1dc8c604d33fb8299f6b5d1
mechanicdb:v1:obd:fix:15369|fix|15369|mechanicdb:v1:obd:code:4374|obd-procedure-1039||8cf0f9aa119f8fa6c0d4ed36f8f1bca2
mechanicdb:v1:obd:fix:15370|fix|15370|mechanicdb:v1:obd:code:4374|obd-procedure-1040||77b78281236f02e3560a7fc687301ca5
mechanicdb:v1:obd:fix:15889|fix|15889|mechanicdb:v1:obd:code:4522|obd-procedure-0126||e0882c5a43b7c209d84168c48dea52d5
mechanicdb:v1:obd:fix:15890|fix|15890|mechanicdb:v1:obd:code:4522|obd-procedure-0127||4c5af9272b44993515bc20bd8578e5f2
mechanicdb:v1:obd:fix:15891|fix|15891|mechanicdb:v1:obd:code:4522|obd-procedure-0128||2bcbdc6de2d6ab8be3ebb711aa4e20af
mechanicdb:v1:obd:fix:15892|fix|15892|mechanicdb:v1:obd:code:4523|obd-procedure-0129||aaf0721cae5712a4c565c781a700d7a4
mechanicdb:v1:obd:fix:15893|fix|15893|mechanicdb:v1:obd:code:4523|obd-procedure-0130||00fefd37daca60167adf51cb80827cff
mechanicdb:v1:obd:fix:15894|fix|15894|mechanicdb:v1:obd:code:4523|obd-procedure-0131||41a42d208d6cb05ee2dd1a5b4e8aeb10
mechanicdb:v1:obd:fix:16272|fix|16272|mechanicdb:v1:obd:code:4629|obd-procedure-1111||cfbd3bfeecd3b54315a6964a90df7da6
mechanicdb:v1:obd:fix:16273|fix|16273|mechanicdb:v1:obd:code:4629|obd-procedure-1112||e465c8af55261e9e919991a7ac02b8d6
mechanicdb:v1:obd:fix:16274|fix|16274|mechanicdb:v1:obd:code:4629|obd-procedure-1113||8ab68b06dd1d8961f000d233082bafdf
mechanicdb:v1:obd:fix:16275|fix|16275|mechanicdb:v1:obd:code:4629|obd-procedure-1114||cb697e518131a645bedcfb733267af47
mechanicdb:v1:obd:fix:16439|fix|16439|mechanicdb:v1:obd:code:4681|obd-procedure-0099||78fe734931bd9ef5b275eeab030288a2
mechanicdb:v1:obd:fix:16440|fix|16440|mechanicdb:v1:obd:code:4681|obd-procedure-0100||55787a45aecbf2d6625d82b7685dced0
mechanicdb:v1:obd:fix:16441|fix|16441|mechanicdb:v1:obd:code:4681|obd-procedure-0101||5fa22be99f7c7a2bb55fec98f7a11e7c
mechanicdb:v1:obd:fix:16448|fix|16448|mechanicdb:v1:obd:code:4684|obd-procedure-0099||2189d9a94d943c648b16e302c61b0687
mechanicdb:v1:obd:fix:16449|fix|16449|mechanicdb:v1:obd:code:4684|obd-procedure-0100||7212b07a5a584d80d7a9f8da25fdce3a
mechanicdb:v1:obd:fix:16450|fix|16450|mechanicdb:v1:obd:code:4684|obd-procedure-0101||a87a941906c7914312aa9022fa60a53a
mechanicdb:v1:obd:fix:16678|fix|16678|mechanicdb:v1:obd:code:4757|obd-procedure-0102||ca208d4a0d20c5a50a41de9f18c2349a
mechanicdb:v1:obd:fix:16679|fix|16679|mechanicdb:v1:obd:code:4757|obd-procedure-0103||1f14a7f913ccb2ff14a308383f9aac56
mechanicdb:v1:obd:fix:16680|fix|16680|mechanicdb:v1:obd:code:4757|obd-procedure-0104||110c842bf6a47c50818144ef27f8e4f8
mechanicdb:v1:obd:fix:16696|fix|16696|mechanicdb:v1:obd:code:4763|obd-procedure-0126||ef99d0e998816e9b7e2521c3d5e253e6
mechanicdb:v1:obd:fix:16697|fix|16697|mechanicdb:v1:obd:code:4763|obd-procedure-0127||feda36e267ef33b6a332b81a157ea282
mechanicdb:v1:obd:fix:16698|fix|16698|mechanicdb:v1:obd:code:4763|obd-procedure-0128||81a02fa125b5228fcb6a519051d537d6
mechanicdb:v1:obd:fix:16739|fix|16739|mechanicdb:v1:obd:code:4777|obd-procedure-0111||c749751b775ceefe8e3d766d38629265
mechanicdb:v1:obd:fix:16740|fix|16740|mechanicdb:v1:obd:code:4777|obd-procedure-0112||4e53606d72725ce0f892f1ec583543ae
mechanicdb:v1:obd:fix:16741|fix|16741|mechanicdb:v1:obd:code:4777|obd-procedure-0113||c0d72ab8698f9ce37c2e96c979ccd4a8
mechanicdb:v1:obd:fix:17493|fix|17493|mechanicdb:v1:obd:code:4996|obd-procedure-0111||9d1c3b6ca8dcfa52eb79b92dab1bcd0e
mechanicdb:v1:obd:fix:17494|fix|17494|mechanicdb:v1:obd:code:4996|obd-procedure-0112||7d4942933fd735413add355b12d1724b
mechanicdb:v1:obd:fix:17495|fix|17495|mechanicdb:v1:obd:code:4996|obd-procedure-0113||a87d5e77b15c57b45f0c2ef8ecfccf8e
mechanicdb:v1:obd:fix:28288|fix|28288|mechanicdb:v1:obd:code:8138|obd-procedure-2011||7d1055cbed970d587dc16617f48ed45c
mechanicdb:v1:obd:fix:28289|fix|28289|mechanicdb:v1:obd:code:8138|obd-procedure-2012||610e7c01e9e460b237ff1e8205f3a5c4
mechanicdb:v1:obd:fix:28290|fix|28290|mechanicdb:v1:obd:code:8138|obd-procedure-2013||60dd0817507ed8c5edd1e3e63e8d18fe
mechanicdb:v1:obd:fix:28291|fix|28291|mechanicdb:v1:obd:code:8138|obd-procedure-2014||9bc4edfaf494b70b9308b78636d4ca6e
mechanicdb:v1:obd:fix:28292|fix|28292|mechanicdb:v1:obd:code:8139|obd-procedure-2011||2958f7fe7a35f4a282bc4e9e8e831669
mechanicdb:v1:obd:fix:28293|fix|28293|mechanicdb:v1:obd:code:8139|obd-procedure-2012||59239aa5ab020a8963ad7e90b3bf7152
mechanicdb:v1:obd:fix:28294|fix|28294|mechanicdb:v1:obd:code:8139|obd-procedure-2013||a5dd16dd8768736d10537c45c23adf2e
mechanicdb:v1:obd:fix:28295|fix|28295|mechanicdb:v1:obd:code:8139|obd-procedure-2014||b7b6509a08ec59609e131fbf45e62579
mechanicdb:v1:obd:fix:28420|fix|28420|mechanicdb:v1:obd:code:8171|obd-procedure-2019||07f76acf935eed6ad1490bc80a01234e
mechanicdb:v1:obd:fix:28421|fix|28421|mechanicdb:v1:obd:code:8171|obd-procedure-2020||8be8147006ad9c0018531de85d6da643
mechanicdb:v1:obd:fix:28422|fix|28422|mechanicdb:v1:obd:code:8171|obd-procedure-2021||425500fccedd057e86d981661619adf5
mechanicdb:v1:obd:fix:28423|fix|28423|mechanicdb:v1:obd:code:8171|obd-procedure-2022||3bf7cfac8af3780ca78b16624dd92d64
mechanicdb:v1:obd:fix:33105|fix|33105|mechanicdb:v1:obd:code:9344|obd-procedure-1746||463bfa83cd608073c016fcfd5d9e3e81
mechanicdb:v1:obd:fix:33106|fix|33106|mechanicdb:v1:obd:code:9344|obd-procedure-1747||ca95e66e03f49b134642645e938cbe25
mechanicdb:v1:obd:fix:33107|fix|33107|mechanicdb:v1:obd:code:9344|obd-procedure-1748||186f1054c877de5b4a4636ac122aac68
mechanicdb:v1:obd:fix:33111|fix|33111|mechanicdb:v1:obd:code:9346|obd-procedure-0126||68c19532c4bafee9ba31f7e172b48ed2
mechanicdb:v1:obd:fix:33112|fix|33112|mechanicdb:v1:obd:code:9346|obd-procedure-0127||6705846490f1052113dfe4abdccaac26
mechanicdb:v1:obd:fix:33113|fix|33113|mechanicdb:v1:obd:code:9346|obd-procedure-0128||7adc1adb0521319d1f4785dd04586414
mechanicdb:v1:obd:fix:33120|fix|33120|mechanicdb:v1:obd:code:9349|obd-procedure-0129||e57bdacd6b21a616ab7884f30ff41a8b
mechanicdb:v1:obd:fix:33121|fix|33121|mechanicdb:v1:obd:code:9349|obd-procedure-0130||d36a197696b8f4229d2b5759966e29ec
mechanicdb:v1:obd:fix:33122|fix|33122|mechanicdb:v1:obd:code:9349|obd-procedure-0131||98156dbf09dbff9a0b13fe1281bef791
mechanicdb:v1:obd:fix:37252|fix|37252|mechanicdb:v1:obd:code:10510|obd-procedure-0012||6504aedce6a26ed3a8ca5a46dbdfee79
mechanicdb:v1:obd:fix:37253|fix|37253|mechanicdb:v1:obd:code:10510|obd-procedure-0013||bbd44894fd562cba2191f9d1e9602c6a
mechanicdb:v1:obd:fix:37254|fix|37254|mechanicdb:v1:obd:code:10510|obd-procedure-0014||34e5485112765cd1e0fd17c6f4ac3c61
mechanicdb:v1:obd:fix:37860|fix|37860|mechanicdb:v1:obd:code:10676|obd-procedure-2137||0dc0d1650334924364fa02cada673dfd
mechanicdb:v1:obd:fix:37861|fix|37861|mechanicdb:v1:obd:code:10676|obd-procedure-2138||80efd7b9dd8a64c90b528f7fdc8ffc58
mechanicdb:v1:obd:fix:37862|fix|37862|mechanicdb:v1:obd:code:10676|obd-procedure-2139||eeb8a9595bf194a32c83981bd458d83d
mechanicdb:v1:obd:fix:37863|fix|37863|mechanicdb:v1:obd:code:10676|obd-procedure-2140||af8c776d82231b9932d0dbbdcebbf1d3
mechanicdb:v1:obd:fix:39642|fix|39642|mechanicdb:v1:obd:code:11169|obd-procedure-2011||5bc81d839ade63c53165c25625de7bb0
mechanicdb:v1:obd:fix:39643|fix|39643|mechanicdb:v1:obd:code:11169|obd-procedure-2012||e253af0ae9145e4c329aa78ce1191b9a
mechanicdb:v1:obd:fix:39644|fix|39644|mechanicdb:v1:obd:code:11169|obd-procedure-2013||8af5f2cae4116602dde636ffec3de390
mechanicdb:v1:obd:fix:39645|fix|39645|mechanicdb:v1:obd:code:11169|obd-procedure-2014||cab0997c244afdd398593245f23e695e
mechanicdb:v1:obd:fix:39683|fix|39683|mechanicdb:v1:obd:code:11181|obd-procedure-2098||49d98d440aedb23634ee6d404dc2c991
mechanicdb:v1:obd:fix:39684|fix|39684|mechanicdb:v1:obd:code:11181|obd-procedure-2099||0e870b25698e7c5876c8aa8fa809a6cf
mechanicdb:v1:obd:fix:39685|fix|39685|mechanicdb:v1:obd:code:11181|obd-procedure-2100||9a52f692d7f4cd0e2bc1e1a955385388
mechanicdb:v1:obd:fix:39778|fix|39778|mechanicdb:v1:obd:code:11210|obd-procedure-0117||0ec8260037e7171e01aaef5231753cb3
mechanicdb:v1:obd:fix:39779|fix|39779|mechanicdb:v1:obd:code:11210|obd-procedure-0118||825d3693590c8f14f1874e39b0298a9e
mechanicdb:v1:obd:fix:39780|fix|39780|mechanicdb:v1:obd:code:11210|obd-procedure-0119||5274473acb966e53bd8889b0d6761d18
mechanicdb:v1:obd:fix:42988|fix|42988|mechanicdb:v1:obd:code:12109|obd-procedure-0248||e5fe7590ba686a4214445f6d22d596f2
mechanicdb:v1:obd:fix:42989|fix|42989|mechanicdb:v1:obd:code:12109|obd-procedure-0249||10252a2fb4668a647ba2e89c07aea61f
mechanicdb:v1:obd:fix:42990|fix|42990|mechanicdb:v1:obd:code:12109|obd-procedure-0250||4be35169d30606714d621bbed302b896
mechanicdb:v1:obd:fix:42991|fix|42991|mechanicdb:v1:obd:code:12109|obd-procedure-0251||d2ab419c37fb49381be1b93e66042b43
mechanicdb:v1:obd:fix:44256|fix|44256|mechanicdb:v1:obd:code:12446|obd-procedure-2192||5f78b2845fbc950e1776f08a5e2fda3b
mechanicdb:v1:obd:fix:44257|fix|44257|mechanicdb:v1:obd:code:12446|obd-procedure-2193||edd29f2c30c836a332bae02e472bfefe
mechanicdb:v1:obd:fix:44258|fix|44258|mechanicdb:v1:obd:code:12446|obd-procedure-2194||ba146af4e64458a00903a1e5f6c42969
mechanicdb:v1:obd:fix:44259|fix|44259|mechanicdb:v1:obd:code:12446|obd-procedure-2195||791b7c05909a397f15faf93bcb807e02
mechanicdb:v1:obd:fix:46192|fix|46192|mechanicdb:v1:obd:code:12990|obd-procedure-2098||2dc8f29da55b94ad2bb115e7239e598b
mechanicdb:v1:obd:fix:46193|fix|46193|mechanicdb:v1:obd:code:12990|obd-procedure-2099||6969cf55eeddc1e49b9de22e9e5f46dd
mechanicdb:v1:obd:fix:46194|fix|46194|mechanicdb:v1:obd:code:12990|obd-procedure-2100||e8fdc5a1b4ffb688487b65843ae7c441
mechanicdb:v1:obd:fix:50273|fix|50273|mechanicdb:v1:obd:code:14131|obd-procedure-0248||386e6397be858df1e73d47cb00de8477
mechanicdb:v1:obd:fix:50274|fix|50274|mechanicdb:v1:obd:code:14131|obd-procedure-0249||3ef7cab48ac8b46165b1f6a15b72f65f
mechanicdb:v1:obd:fix:50275|fix|50275|mechanicdb:v1:obd:code:14131|obd-procedure-0250||89e16aa34c85869d346b0290a8962f6a
mechanicdb:v1:obd:fix:50276|fix|50276|mechanicdb:v1:obd:code:14131|obd-procedure-0251||9e656d3957884cf10ad9bcc825291c47
mechanicdb:v1:obd:fix:54547|fix|54547|mechanicdb:v1:obd:code:15314|obd-procedure-1176||690aaa779c41fad18d61746ec18d37df
mechanicdb:v1:obd:fix:54548|fix|54548|mechanicdb:v1:obd:code:15314|obd-procedure-1177||05fedcc952aa7fa2071444fb03b2e818
mechanicdb:v1:obd:fix:54549|fix|54549|mechanicdb:v1:obd:code:15314|obd-procedure-1178||77a5d3133e05223509cfa46fe026c5bb
mechanicdb:v1:obd:fix:54550|fix|54550|mechanicdb:v1:obd:code:15314|obd-procedure-1179||d8855643326134ff13e200ede736e5c2
mechanicdb:v1:obd:fix:54589|fix|54589|mechanicdb:v1:obd:code:15327|obd-procedure-0031||1db90a89febe3760d754cb4d0cf6ab98
mechanicdb:v1:obd:fix:54590|fix|54590|mechanicdb:v1:obd:code:15327|obd-procedure-0032||dbaa3ef7700d15f5d8c2c2f8ae4971b5
mechanicdb:v1:obd:fix:54591|fix|54591|mechanicdb:v1:obd:code:15327|obd-procedure-0033||366ffeab41628265b6ac129203347b9c
mechanicdb:v1:obd:fix:54784|fix|54784|mechanicdb:v1:obd:code:15386|obd-procedure-0123||0a11a05975153ee0c8157b7b8c3ea0f7
mechanicdb:v1:obd:fix:54785|fix|54785|mechanicdb:v1:obd:code:15386|obd-procedure-0124||4d157324037ae1e0cc648b45c2e04a2f
mechanicdb:v1:obd:fix:54786|fix|54786|mechanicdb:v1:obd:code:15386|obd-procedure-0125||f7010d7cd5b31a5878aad22702730cb9
mechanicdb:v1:obd:part:863|part|863|mechanicdb:v1:obd:fix:849|obd-procedure-1919|obd-part-2307|0443586bd2a0a4e9dbfb77b17fbf6fd1
mechanicdb:v1:obd:part:864|part|864|mechanicdb:v1:obd:fix:850|obd-procedure-1920|obd-part-2382|63a61d1688d99d255e9adeebb49d37d0
mechanicdb:v1:obd:part:865|part|865|mechanicdb:v1:obd:fix:851|obd-procedure-1921|obd-part-2308|668944f7fbbee917d1cbe130d4829d69
mechanicdb:v1:obd:part:866|part|866|mechanicdb:v1:obd:fix:852|obd-procedure-1922|obd-part-2309|66acca7ec2f210eac9296a7255046ede
mechanicdb:v1:obd:part:879|part|879|mechanicdb:v1:obd:fix:865|obd-procedure-1919|obd-part-2307|ae5ab3ae4ab707fe9f410267d4e1e601
mechanicdb:v1:obd:part:880|part|880|mechanicdb:v1:obd:fix:866|obd-procedure-1920|obd-part-2382|f8a0b01105d58d47ff0abdb4a2a183c3
mechanicdb:v1:obd:part:881|part|881|mechanicdb:v1:obd:fix:867|obd-procedure-1921|obd-part-2308|60ab02c502547f944a73771c98219d5c
mechanicdb:v1:obd:part:882|part|882|mechanicdb:v1:obd:fix:868|obd-procedure-1922|obd-part-2309|65356bbc74749fcc964b7d97cbd8cf38
mechanicdb:v1:obd:part:923|part|923|mechanicdb:v1:obd:fix:909|obd-procedure-1827|obd-part-2347|2d7cb52eba61ab8188cf5abcb9573294
mechanicdb:v1:obd:part:924|part|924|mechanicdb:v1:obd:fix:910|obd-procedure-1828|obd-part-2248|42908660fc65415c23d8fa14224048c9
mechanicdb:v1:obd:part:925|part|925|mechanicdb:v1:obd:fix:911|obd-procedure-1829|obd-part-2249|9a3a86927345a25a295c960eb3da65ad
mechanicdb:v1:obd:part:926|part|926|mechanicdb:v1:obd:fix:912|obd-procedure-1830|obd-part-2250|2a05ff9d68f8533fa0d1b7618c7e392e
mechanicdb:v1:obd:part:2872|part|2872|mechanicdb:v1:obd:fix:2710|obd-procedure-0024|obd-part-0034|163b023d971953a1bea3559a36464a24
mechanicdb:v1:obd:part:2873|part|2873|mechanicdb:v1:obd:fix:2710|obd-procedure-0024|obd-part-0035|e33b2f50f3a4a2ab0a6012fc29741083
mechanicdb:v1:obd:part:2874|part|2874|mechanicdb:v1:obd:fix:2711|obd-procedure-0025|obd-part-0036|1108fb21c6f2888b00fdc46571817988
mechanicdb:v1:obd:part:2875|part|2875|mechanicdb:v1:obd:fix:2712|obd-procedure-0026|obd-part-0037|3c5935b359303992d72b8f1614e3de22
mechanicdb:v1:obd:part:2876|part|2876|mechanicdb:v1:obd:fix:2713|obd-procedure-0027|obd-part-0038|cba9d5f371e62ae4c1d0fbad419b7a5b
mechanicdb:v1:obd:part:2897|part|2897|mechanicdb:v1:obd:fix:2729|obd-procedure-0012|obd-part-0017|7d32b07aac75274b9292db99f76922d0
mechanicdb:v1:obd:part:2898|part|2898|mechanicdb:v1:obd:fix:2729|obd-procedure-0012|obd-part-0018|7705508bd988ca0ffe692e9dd20c2c2d
mechanicdb:v1:obd:part:2899|part|2899|mechanicdb:v1:obd:fix:2730|obd-procedure-0013|obd-part-0019|0bfccb9a0559a8cbfbbc79767497707b
mechanicdb:v1:obd:part:2900|part|2900|mechanicdb:v1:obd:fix:2731|obd-procedure-0014|obd-part-0020|dbeb831eeccdca1bbb4cc228e0d9bf3c
mechanicdb:v1:obd:part:3901|part|3901|mechanicdb:v1:obd:fix:3481|obd-procedure-0001|obd-part-0001|610876625dcce5c13c991eab01875707
mechanicdb:v1:obd:part:3902|part|3902|mechanicdb:v1:obd:fix:3482|obd-procedure-0002|obd-part-0002|0095e6a3dee764081dba52dfa057cf5e
mechanicdb:v1:obd:part:3903|part|3903|mechanicdb:v1:obd:fix:3482|obd-procedure-0002|obd-part-0003|0bc61a5f6781920eec740de120ab0037
mechanicdb:v1:obd:part:3904|part|3904|mechanicdb:v1:obd:fix:3483|obd-procedure-0003|obd-part-0004|946dfb5317202d25bd3ef00ae79ce7a3
mechanicdb:v1:obd:part:3905|part|3905|mechanicdb:v1:obd:fix:3484|obd-procedure-0004|obd-part-0005|359d2cb717b1daab5b36b84655e9ed74
mechanicdb:v1:obd:part:3906|part|3906|mechanicdb:v1:obd:fix:3485|obd-procedure-0001|obd-part-0001|e74ba32357bd3317e4280c8f4024d137
mechanicdb:v1:obd:part:3907|part|3907|mechanicdb:v1:obd:fix:3486|obd-procedure-0002|obd-part-0002|afbed1d22378efa6db217349c510492a
mechanicdb:v1:obd:part:3908|part|3908|mechanicdb:v1:obd:fix:3486|obd-procedure-0002|obd-part-0003|3a048c504f5dd61ce8937fe306d6b056
mechanicdb:v1:obd:part:3909|part|3909|mechanicdb:v1:obd:fix:3487|obd-procedure-0003|obd-part-0004|2e5531eaa391de7f451fc3877d0c5855
mechanicdb:v1:obd:part:3910|part|3910|mechanicdb:v1:obd:fix:3488|obd-procedure-0004|obd-part-0005|d62a3cff5f1b0ab5d5f5583361f213c3
mechanicdb:v1:obd:part:3925|part|3925|mechanicdb:v1:obd:fix:3500|obd-procedure-0093|obd-part-0122|5f12f35b29332f01e54910886308622f
mechanicdb:v1:obd:part:3926|part|3926|mechanicdb:v1:obd:fix:3501|obd-procedure-0094|obd-part-0123|0ca19364ee474e15d33bf3293fc689c4
mechanicdb:v1:obd:part:3927|part|3927|mechanicdb:v1:obd:fix:3501|obd-procedure-0094|obd-part-0124|d462fbaeab798af6726938cd1cc589b5
mechanicdb:v1:obd:part:3928|part|3928|mechanicdb:v1:obd:fix:3502|obd-procedure-0095|obd-part-0125|ff1e8c780a028ad7ead3d81b18fb8c9e
mechanicdb:v1:obd:part:3980|part|3980|mechanicdb:v1:obd:fix:3545|obd-procedure-0069|obd-part-0095|4a967cd22f44e67e2d5ca15fd235882a
mechanicdb:v1:obd:part:3981|part|3981|mechanicdb:v1:obd:fix:3546|obd-procedure-0070|obd-part-0096|94a46d6435c07deb9ac763bba16e431d
mechanicdb:v1:obd:part:3982|part|3982|mechanicdb:v1:obd:fix:3547|obd-procedure-0071|obd-part-0097|cc69255f70e5a5af05683fb0c481879f
mechanicdb:v1:obd:part:3983|part|3983|mechanicdb:v1:obd:fix:3548|obd-procedure-0069|obd-part-0095|817c87f13940ae61328f93741a73dd65
mechanicdb:v1:obd:part:3984|part|3984|mechanicdb:v1:obd:fix:3549|obd-procedure-0070|obd-part-0096|9f421ac73d64a7b717a6b109d877a7f0
mechanicdb:v1:obd:part:3985|part|3985|mechanicdb:v1:obd:fix:3550|obd-procedure-0071|obd-part-0097|86a08e2ded4d0166375ba28c643d3ee1
mechanicdb:v1:obd:part:3998|part|3998|mechanicdb:v1:obd:fix:3560|obd-procedure-0096|obd-part-0126|7dc4766c459efc8e3ed94569f738c11e
mechanicdb:v1:obd:part:3999|part|3999|mechanicdb:v1:obd:fix:3561|obd-procedure-0097|obd-part-0127|ce13fe63cd3938401b773efb5745c865
mechanicdb:v1:obd:part:4000|part|4000|mechanicdb:v1:obd:fix:3561|obd-procedure-0097|obd-part-0128|83f81a2c6d0495f228d36d55d12996da
mechanicdb:v1:obd:part:4001|part|4001|mechanicdb:v1:obd:fix:3562|obd-procedure-0098|obd-part-0129|de94d69fc3af97fc0eb7506ffcf062dc
mechanicdb:v1:obd:part:4034|part|4034|mechanicdb:v1:obd:fix:3587|obd-procedure-0099|obd-part-0130|349a021c3ae610e0bc5c41a1d8833731
mechanicdb:v1:obd:part:4035|part|4035|mechanicdb:v1:obd:fix:3588|obd-procedure-0100|obd-part-0131|bad6ae9ebde916cf05d6ef046ed5fa00
mechanicdb:v1:obd:part:4036|part|4036|mechanicdb:v1:obd:fix:3588|obd-procedure-0100|obd-part-0132|2162825b486d880cf3009c56a58c1093
mechanicdb:v1:obd:part:4037|part|4037|mechanicdb:v1:obd:fix:3589|obd-procedure-0101|obd-part-0133|cc1c156e0c0bcfb4ab94538507971821
mechanicdb:v1:obd:part:4063|part|4063|mechanicdb:v1:obd:fix:3608|obd-procedure-0102|obd-part-0134|359cf3c742bbb424be27693dabfbc4e4
mechanicdb:v1:obd:part:4064|part|4064|mechanicdb:v1:obd:fix:3609|obd-procedure-0103|obd-part-0135|4cf0ef2965ff9f8d1832285d0a64518b
mechanicdb:v1:obd:part:4065|part|4065|mechanicdb:v1:obd:fix:3609|obd-procedure-0103|obd-part-0136|cfbd0205e0c49953d56636ed287e2e0f
mechanicdb:v1:obd:part:4066|part|4066|mechanicdb:v1:obd:fix:3610|obd-procedure-0104|obd-part-0137|1ef4094e97a346f9e6b875ed8ee8d7dd
mechanicdb:v1:obd:part:4067|part|4067|mechanicdb:v1:obd:fix:3610|obd-procedure-0104|obd-part-0138|977b1d1accdffaa6cffdb1d0e5f01554
mechanicdb:v1:obd:part:4100|part|4100|mechanicdb:v1:obd:fix:3635|obd-procedure-0111|obd-part-0146|23ec4dca4299c9ce1165fbe9b9663a08
mechanicdb:v1:obd:part:4101|part|4101|mechanicdb:v1:obd:fix:3636|obd-procedure-0112|obd-part-0147|e424b347ee387e519eb9e418e4e47a3f
mechanicdb:v1:obd:part:4102|part|4102|mechanicdb:v1:obd:fix:3636|obd-procedure-0112|obd-part-0148|284d5141224952d06b330dd789513849
mechanicdb:v1:obd:part:4103|part|4103|mechanicdb:v1:obd:fix:3637|obd-procedure-0113|obd-part-0149|83034f3bffc10cfdf443224e5be06a75
mechanicdb:v1:obd:part:4108|part|4108|mechanicdb:v1:obd:fix:3641|obd-procedure-0117|obd-part-0154|0b064181c3b4736bafd745140b13d52e
mechanicdb:v1:obd:part:4109|part|4109|mechanicdb:v1:obd:fix:3642|obd-procedure-0118|obd-part-0155|b50c6fb3004335563919786b752dff1e
mechanicdb:v1:obd:part:4110|part|4110|mechanicdb:v1:obd:fix:3642|obd-procedure-0118|obd-part-0156|78ad6bba0ecc282da45797d02df2b68e
mechanicdb:v1:obd:part:4111|part|4111|mechanicdb:v1:obd:fix:3643|obd-procedure-0119|obd-part-0157|a94ca3f25a37d7d6bffeccdae6ffa326
mechanicdb:v1:obd:part:4116|part|4116|mechanicdb:v1:obd:fix:3647|obd-procedure-0031|obd-part-0043|34a172a4f76ab5681de31177da8c0d8a
mechanicdb:v1:obd:part:4117|part|4117|mechanicdb:v1:obd:fix:3647|obd-procedure-0031|obd-part-0044|e0960c808b101844a95430c41baede75
mechanicdb:v1:obd:part:4118|part|4118|mechanicdb:v1:obd:fix:3648|obd-procedure-0032|obd-part-0045|002e0870005b8cd74c900380ab1bb414
mechanicdb:v1:obd:part:4119|part|4119|mechanicdb:v1:obd:fix:3648|obd-procedure-0032|obd-part-0046|438b5562d9ed37582af770dafccac76b
mechanicdb:v1:obd:part:4120|part|4120|mechanicdb:v1:obd:fix:3649|obd-procedure-0033|obd-part-0047|93cdfc881f7ec2a96c5989680dcc7e4f
mechanicdb:v1:obd:part:4129|part|4129|mechanicdb:v1:obd:fix:3656|obd-procedure-0111|obd-part-0146|980093cc82aa6659eaa0414f2e4282cc
mechanicdb:v1:obd:part:4130|part|4130|mechanicdb:v1:obd:fix:3657|obd-procedure-0112|obd-part-0147|fbaf527751775a91f168108ba7c1b38c
mechanicdb:v1:obd:part:4131|part|4131|mechanicdb:v1:obd:fix:3657|obd-procedure-0112|obd-part-0148|8e764766b8b148544e1cb8a2b45f48eb
mechanicdb:v1:obd:part:4132|part|4132|mechanicdb:v1:obd:fix:3658|obd-procedure-0113|obd-part-0149|98e8260a2c083c6ec10ff1456e93ac3b
mechanicdb:v1:obd:part:4165|part|4165|mechanicdb:v1:obd:fix:3683|obd-procedure-0031|obd-part-0043|1567525dc55e998392771af42c3bbbd1
mechanicdb:v1:obd:part:4166|part|4166|mechanicdb:v1:obd:fix:3683|obd-procedure-0031|obd-part-0044|03a1c6e0ffa5748d40c5a6bbdeaf4070
mechanicdb:v1:obd:part:4167|part|4167|mechanicdb:v1:obd:fix:3684|obd-procedure-0032|obd-part-0045|86f3d718b52f2493801548d0bee9c035
mechanicdb:v1:obd:part:4168|part|4168|mechanicdb:v1:obd:fix:3684|obd-procedure-0032|obd-part-0046|084811828dfa99d0c4fca2f1bc688bef
mechanicdb:v1:obd:part:4169|part|4169|mechanicdb:v1:obd:fix:3685|obd-procedure-0033|obd-part-0047|183e5cc0964240702ddf13063e41b7c5
mechanicdb:v1:obd:part:4369|part|4369|mechanicdb:v1:obd:fix:3827|obd-procedure-0126|obd-part-0166|3c5438822787c1f1acae459125a4f968
mechanicdb:v1:obd:part:4370|part|4370|mechanicdb:v1:obd:fix:3827|obd-procedure-0126|obd-part-0167|1da8f7e05d664e3a032ee90899fcd796
mechanicdb:v1:obd:part:4371|part|4371|mechanicdb:v1:obd:fix:3828|obd-procedure-0127|obd-part-0168|e4f8f730778872da2488f3490042cb97
mechanicdb:v1:obd:part:4372|part|4372|mechanicdb:v1:obd:fix:3828|obd-procedure-0127|obd-part-0169|a6109683c44b6b89a681a047ff7af0d4
mechanicdb:v1:obd:part:4373|part|4373|mechanicdb:v1:obd:fix:3829|obd-procedure-0128|obd-part-0170|d2ee5d7c589d1790f201327b4c288251
mechanicdb:v1:obd:part:4374|part|4374|mechanicdb:v1:obd:fix:3829|obd-procedure-0128|obd-part-0171|d3a5c9d1946167d6095525bdb78f0e72
mechanicdb:v1:obd:part:4375|part|4375|mechanicdb:v1:obd:fix:3830|obd-procedure-0129|obd-part-0172|83b5a403b67ae9d58723ad859b19c6dc
mechanicdb:v1:obd:part:4376|part|4376|mechanicdb:v1:obd:fix:3831|obd-procedure-0130|obd-part-0173|a90183afc2e4d52c3b0b285d6c29a7ac
mechanicdb:v1:obd:part:4377|part|4377|mechanicdb:v1:obd:fix:3831|obd-procedure-0130|obd-part-0174|08bb0bbdb48fd4948d644a7bddc2caff
mechanicdb:v1:obd:part:4378|part|4378|mechanicdb:v1:obd:fix:3832|obd-procedure-0131|obd-part-0175|7d0b9c752379f3772206d9537527b8e8
mechanicdb:v1:obd:part:4379|part|4379|mechanicdb:v1:obd:fix:3832|obd-procedure-0131|obd-part-0176|2aa21bd79beca215c9adf2a916868d22
mechanicdb:v1:obd:part:4383|part|4383|mechanicdb:v1:obd:fix:3836|obd-procedure-0126|obd-part-0166|d18b7ad04596a39183bb3c45229ae874
mechanicdb:v1:obd:part:4384|part|4384|mechanicdb:v1:obd:fix:3836|obd-procedure-0126|obd-part-0167|f2d75fbc105f496cd18c5e6a23814d24
mechanicdb:v1:obd:part:4385|part|4385|mechanicdb:v1:obd:fix:3837|obd-procedure-0127|obd-part-0168|6b79db9cc4c9948c3d4994ebd3e85ce4
mechanicdb:v1:obd:part:4386|part|4386|mechanicdb:v1:obd:fix:3837|obd-procedure-0127|obd-part-0169|cb2e03939d4c2df64c0553254e3e853f
mechanicdb:v1:obd:part:4387|part|4387|mechanicdb:v1:obd:fix:3838|obd-procedure-0128|obd-part-0170|ea6f1771b2537c294cd2e360b8b0f3c6
mechanicdb:v1:obd:part:4388|part|4388|mechanicdb:v1:obd:fix:3838|obd-procedure-0128|obd-part-0171|1456b4f0ec7b8cb0af44f6722c9b4bc4
mechanicdb:v1:obd:part:4389|part|4389|mechanicdb:v1:obd:fix:3839|obd-procedure-0129|obd-part-0172|29da4cc7ef8977dbb025a8a54aa0377b
mechanicdb:v1:obd:part:4390|part|4390|mechanicdb:v1:obd:fix:3840|obd-procedure-0130|obd-part-0173|a6aca7764e1c33c775fc991d385ecaf8
mechanicdb:v1:obd:part:4391|part|4391|mechanicdb:v1:obd:fix:3840|obd-procedure-0130|obd-part-0174|dc3ce8799ffe3c38c80f00459f9a84de
mechanicdb:v1:obd:part:4392|part|4392|mechanicdb:v1:obd:fix:3841|obd-procedure-0131|obd-part-0175|98cacf30207523399eb923a12ac23425
mechanicdb:v1:obd:part:4393|part|4393|mechanicdb:v1:obd:fix:3841|obd-procedure-0131|obd-part-0176|67a00baf1387f9338ba81114516ad474
mechanicdb:v1:obd:part:6093|part|6093|mechanicdb:v1:obd:fix:5039|obd-procedure-0236|obd-part-0316|df3b15d96353f620161c867c846ae680
mechanicdb:v1:obd:part:6094|part|6094|mechanicdb:v1:obd:fix:5039|obd-procedure-0236|obd-part-0317|eca88504542ee2912eb7a0936d24271d
mechanicdb:v1:obd:part:6095|part|6095|mechanicdb:v1:obd:fix:5040|obd-procedure-0237|obd-part-0318|7103cb6c94fa8537a94173e10d71a988
mechanicdb:v1:obd:part:6096|part|6096|mechanicdb:v1:obd:fix:5040|obd-procedure-0237|obd-part-0319|9d5f5bc4df461a4acf95a95cbef2372d
mechanicdb:v1:obd:part:6097|part|6097|mechanicdb:v1:obd:fix:5041|obd-procedure-0238|obd-part-0320|c21ab2b4dedb35abe762bca9d9c44c14
mechanicdb:v1:obd:part:6098|part|6098|mechanicdb:v1:obd:fix:5042|obd-procedure-0239|obd-part-0321|85d1eea2ee9fb9ba457d1d40306076f6
mechanicdb:v1:obd:part:6099|part|6099|mechanicdb:v1:obd:fix:5042|obd-procedure-0239|obd-part-0322|cb81f00eccebe90c57a0f7e87eb2a8da
mechanicdb:v1:obd:part:6100|part|6100|mechanicdb:v1:obd:fix:5043|obd-procedure-0240|obd-part-0323|fd2a4314078adfb60877b2c607f29bd3
mechanicdb:v1:obd:part:6101|part|6101|mechanicdb:v1:obd:fix:5043|obd-procedure-0240|obd-part-0324|7a71dc733b743279148838203f84767c
mechanicdb:v1:obd:part:6102|part|6102|mechanicdb:v1:obd:fix:5044|obd-procedure-0241|obd-part-0325|408618ad7f9d067309251fe8766b296f
mechanicdb:v1:obd:part:6103|part|6103|mechanicdb:v1:obd:fix:5044|obd-procedure-0241|obd-part-0326|bf413cb3c27c0f81110543a618ff2af4
mechanicdb:v1:obd:part:6104|part|6104|mechanicdb:v1:obd:fix:5045|obd-procedure-0242|obd-part-0327|bddaf7cec146ffa6ec74b3f375aa34d7
mechanicdb:v1:obd:part:6105|part|6105|mechanicdb:v1:obd:fix:5045|obd-procedure-0242|obd-part-0328|b3cfa5fe64bdf623da0a797b2b50075b
mechanicdb:v1:obd:part:6106|part|6106|mechanicdb:v1:obd:fix:5046|obd-procedure-0243|obd-part-0329|3d812dc0eb197b48a715d5300da565d2
mechanicdb:v1:obd:part:6107|part|6107|mechanicdb:v1:obd:fix:5046|obd-procedure-0243|obd-part-0330|9852f795c5fa5f9c05066ebbe3072a30
mechanicdb:v1:obd:part:6108|part|6108|mechanicdb:v1:obd:fix:5047|obd-procedure-0240|obd-part-0323|7da32dead47ae14a0148f49af7d942f5
mechanicdb:v1:obd:part:6109|part|6109|mechanicdb:v1:obd:fix:5047|obd-procedure-0240|obd-part-0324|4559bc1956aebdcde36f1cffdf7a5bf5
mechanicdb:v1:obd:part:6110|part|6110|mechanicdb:v1:obd:fix:5048|obd-procedure-0241|obd-part-0325|f886db7b94d7faa4a7f2a6daa4645844
mechanicdb:v1:obd:part:6111|part|6111|mechanicdb:v1:obd:fix:5048|obd-procedure-0241|obd-part-0326|10d5a93ed543debb9f1576554953b111
mechanicdb:v1:obd:part:6112|part|6112|mechanicdb:v1:obd:fix:5049|obd-procedure-0242|obd-part-0327|600f8a5d99c4eca561eea82378d8d106
mechanicdb:v1:obd:part:6113|part|6113|mechanicdb:v1:obd:fix:5049|obd-procedure-0242|obd-part-0328|e1a2d0c743e25ef7a1827896824cf061
mechanicdb:v1:obd:part:6114|part|6114|mechanicdb:v1:obd:fix:5050|obd-procedure-0243|obd-part-0329|ca664228e88a05a1d8329e43d59e9fe8
mechanicdb:v1:obd:part:6115|part|6115|mechanicdb:v1:obd:fix:5050|obd-procedure-0243|obd-part-0330|081d5985818d2709900ffbc322ec8143
mechanicdb:v1:obd:part:6116|part|6116|mechanicdb:v1:obd:fix:5051|obd-procedure-0240|obd-part-0323|a0f71c59a93708774c90fd274c124461
mechanicdb:v1:obd:part:6117|part|6117|mechanicdb:v1:obd:fix:5051|obd-procedure-0240|obd-part-0324|7a3444741bc941fe8521e3dd1830df0f
mechanicdb:v1:obd:part:6118|part|6118|mechanicdb:v1:obd:fix:5052|obd-procedure-0241|obd-part-0325|ed82a1d69e887858fb82767dc0d58da0
mechanicdb:v1:obd:part:6119|part|6119|mechanicdb:v1:obd:fix:5052|obd-procedure-0241|obd-part-0326|71f459de67c08aad46199a75fa69f940
mechanicdb:v1:obd:part:6120|part|6120|mechanicdb:v1:obd:fix:5053|obd-procedure-0242|obd-part-0327|bf21eee43b9762497ae90c3093f11e88
mechanicdb:v1:obd:part:6121|part|6121|mechanicdb:v1:obd:fix:5053|obd-procedure-0242|obd-part-0328|6716b5648dd34fd07011e99b88ccb557
mechanicdb:v1:obd:part:6122|part|6122|mechanicdb:v1:obd:fix:5054|obd-procedure-0243|obd-part-0329|6af6fa85afed48ecc514e3e761ee45b1
mechanicdb:v1:obd:part:6123|part|6123|mechanicdb:v1:obd:fix:5054|obd-procedure-0243|obd-part-0330|f8f929c56fa7ea14b4696340686433bf
mechanicdb:v1:obd:part:6124|part|6124|mechanicdb:v1:obd:fix:5055|obd-procedure-0240|obd-part-0323|cf2726c06cd5ef5bcd79cb352cd465d1
mechanicdb:v1:obd:part:6125|part|6125|mechanicdb:v1:obd:fix:5055|obd-procedure-0240|obd-part-0324|cbde572f87103a21b65495985b0305ab
mechanicdb:v1:obd:part:6126|part|6126|mechanicdb:v1:obd:fix:5056|obd-procedure-0241|obd-part-0325|22c30b630a254bf656ffed534fb16230
mechanicdb:v1:obd:part:6127|part|6127|mechanicdb:v1:obd:fix:5056|obd-procedure-0241|obd-part-0326|03414af26eba6a750bb7742072ef8ea9
mechanicdb:v1:obd:part:6128|part|6128|mechanicdb:v1:obd:fix:5057|obd-procedure-0242|obd-part-0327|c268e658497baf8a3ebec76251b4f27d
mechanicdb:v1:obd:part:6129|part|6129|mechanicdb:v1:obd:fix:5057|obd-procedure-0242|obd-part-0328|b3301b15034ac7039db2fa5079b331f8
mechanicdb:v1:obd:part:6130|part|6130|mechanicdb:v1:obd:fix:5058|obd-procedure-0243|obd-part-0329|5c9f948ba62e0a42fb3cebcb6f3836b5
mechanicdb:v1:obd:part:6131|part|6131|mechanicdb:v1:obd:fix:5058|obd-procedure-0243|obd-part-0330|084c50107d5ce5b30c0911de97bd3b53
mechanicdb:v1:obd:part:6132|part|6132|mechanicdb:v1:obd:fix:5059|obd-procedure-0240|obd-part-0323|21c3bf8457874280fb62bf7feda79ff6
mechanicdb:v1:obd:part:6133|part|6133|mechanicdb:v1:obd:fix:5059|obd-procedure-0240|obd-part-0324|85c03c832998ac8dd1d914ee3511b8c3
mechanicdb:v1:obd:part:6134|part|6134|mechanicdb:v1:obd:fix:5060|obd-procedure-0241|obd-part-0325|fa01f27e2ce0743df4c9431589cd7ab4
mechanicdb:v1:obd:part:6135|part|6135|mechanicdb:v1:obd:fix:5060|obd-procedure-0241|obd-part-0326|ebcb886cab2a1d4c6ba5d5bd10f85e7c
mechanicdb:v1:obd:part:6136|part|6136|mechanicdb:v1:obd:fix:5061|obd-procedure-0242|obd-part-0327|93ecc7a24c145475eaa2445cf30e472d
mechanicdb:v1:obd:part:6137|part|6137|mechanicdb:v1:obd:fix:5061|obd-procedure-0242|obd-part-0328|6a964726e86bea8532db2deb88922512
mechanicdb:v1:obd:part:6138|part|6138|mechanicdb:v1:obd:fix:5062|obd-procedure-0243|obd-part-0329|8fe8de328721ab64963880e6e1d8c47e
mechanicdb:v1:obd:part:6139|part|6139|mechanicdb:v1:obd:fix:5062|obd-procedure-0243|obd-part-0330|a790461f259c59674f1e8201ad6dabed
mechanicdb:v1:obd:part:6140|part|6140|mechanicdb:v1:obd:fix:5063|obd-procedure-0240|obd-part-0323|4af0ced3b886f76120f13d86aebf0367
mechanicdb:v1:obd:part:6141|part|6141|mechanicdb:v1:obd:fix:5063|obd-procedure-0240|obd-part-0324|39ffeb0440c295c0dafa78c7098731d2
mechanicdb:v1:obd:part:6142|part|6142|mechanicdb:v1:obd:fix:5064|obd-procedure-0241|obd-part-0325|ea979e0949d26897daf460d0c502d44a
mechanicdb:v1:obd:part:6143|part|6143|mechanicdb:v1:obd:fix:5064|obd-procedure-0241|obd-part-0326|2891a0471be7b26491c2f572d49b09fe
mechanicdb:v1:obd:part:6144|part|6144|mechanicdb:v1:obd:fix:5065|obd-procedure-0242|obd-part-0327|1778528ebc018339579f243300c97335
mechanicdb:v1:obd:part:6145|part|6145|mechanicdb:v1:obd:fix:5065|obd-procedure-0242|obd-part-0328|805dad96a7c5b7d3a0c8f65707468759
mechanicdb:v1:obd:part:6146|part|6146|mechanicdb:v1:obd:fix:5066|obd-procedure-0243|obd-part-0329|9dd8f99f68f50ac18a094e497ed3a9f7
mechanicdb:v1:obd:part:6147|part|6147|mechanicdb:v1:obd:fix:5066|obd-procedure-0243|obd-part-0330|34dbaca09119cc76fdd340132b32eec6
mechanicdb:v1:obd:part:6314|part|6314|mechanicdb:v1:obd:fix:5187|obd-procedure-0252|obd-part-0340|68f8b4803828e8ae848426036a3c52c2
mechanicdb:v1:obd:part:6315|part|6315|mechanicdb:v1:obd:fix:5188|obd-procedure-0253|obd-part-0341|2567e8df800183746885b54ac7fc03cb
mechanicdb:v1:obd:part:6316|part|6316|mechanicdb:v1:obd:fix:5189|obd-procedure-0254|obd-part-0342|40edda68c0084021f737c2e32b8f1eb3
mechanicdb:v1:obd:part:6317|part|6317|mechanicdb:v1:obd:fix:5190|obd-procedure-0255|obd-part-0343|464f851121eed379a6f0e1b261d35f19
mechanicdb:v1:obd:part:6380|part|6380|mechanicdb:v1:obd:fix:5251|obd-procedure-0256|obd-part-0344|cbcaa49ecfff9fc443e97c4b8e4174d7
mechanicdb:v1:obd:part:6381|part|6381|mechanicdb:v1:obd:fix:5252|obd-procedure-0257|obd-part-0345|5024eef209eba41da11986dd444f671c
mechanicdb:v1:obd:part:6382|part|6382|mechanicdb:v1:obd:fix:5253|obd-procedure-0258|obd-part-0346|a2bb158077496871fe4934bf4894b23b
mechanicdb:v1:obd:part:6383|part|6383|mechanicdb:v1:obd:fix:5254|obd-procedure-0259|obd-part-0347|f9ffdbc46c4517fdf1c05db0d053db36
mechanicdb:v1:obd:part:6424|part|6424|mechanicdb:v1:obd:fix:5294|obd-procedure-0264|obd-part-0352|46f6ae3a537473320e1ed7eb0291ac22
mechanicdb:v1:obd:part:6425|part|6425|mechanicdb:v1:obd:fix:5295|obd-procedure-0265|obd-part-0353|ad0ee21332662e4b8a339dcae35d39f4
mechanicdb:v1:obd:part:6426|part|6426|mechanicdb:v1:obd:fix:5295|obd-procedure-0265|obd-part-0354|e5b018db2141735bdb527a7c1d38acca
mechanicdb:v1:obd:part:6427|part|6427|mechanicdb:v1:obd:fix:5296|obd-procedure-0266|obd-part-0355|ca0bd6c4f6d335fe8e73dc95bcf1b1d3
mechanicdb:v1:obd:part:6428|part|6428|mechanicdb:v1:obd:fix:5297|obd-procedure-0267|obd-part-0356|14cec57d7a4ac119edfcf9dc47846444
mechanicdb:v1:obd:part:6429|part|6429|mechanicdb:v1:obd:fix:5298|obd-procedure-0264|obd-part-0352|a1ab9e9a260f34de4dc69bf2f73adde0
mechanicdb:v1:obd:part:6430|part|6430|mechanicdb:v1:obd:fix:5299|obd-procedure-0265|obd-part-0353|e0bfff718cd84702459944afb1aea1db
mechanicdb:v1:obd:part:6431|part|6431|mechanicdb:v1:obd:fix:5299|obd-procedure-0265|obd-part-0354|a3631c0c18180a4736a76e9ba12b66f2
mechanicdb:v1:obd:part:6432|part|6432|mechanicdb:v1:obd:fix:5300|obd-procedure-0266|obd-part-0355|00b0440f5e710684da528f66a923c1f0
mechanicdb:v1:obd:part:6433|part|6433|mechanicdb:v1:obd:fix:5301|obd-procedure-0267|obd-part-0356|42c60f5d4bc2f343f7938c8162185316
mechanicdb:v1:obd:part:7427|part|7427|mechanicdb:v1:obd:fix:6037|obd-procedure-0300|obd-part-0395|db86c4a7e6833c2ffb5bf7365b0a20ca
mechanicdb:v1:obd:part:7428|part|7428|mechanicdb:v1:obd:fix:6037|obd-procedure-0300|obd-part-0396|df0872c37193d437baf2848cf5086c55
mechanicdb:v1:obd:part:7429|part|7429|mechanicdb:v1:obd:fix:6038|obd-procedure-0301|obd-part-0397|891d1fba3360e1a557ddac92d9483982
mechanicdb:v1:obd:part:7430|part|7430|mechanicdb:v1:obd:fix:6039|obd-procedure-0302|obd-part-0398|e0c03213dbd13ede663c92b7c89cfcb0
mechanicdb:v1:obd:part:7431|part|7431|mechanicdb:v1:obd:fix:6040|obd-procedure-0303|obd-part-0399|04d5535619931df94db57d243293db77
mechanicdb:v1:obd:part:7432|part|7432|mechanicdb:v1:obd:fix:6041|obd-procedure-0300|obd-part-0395|526a9a43c6aa5743bd3c9e674cf18d60
mechanicdb:v1:obd:part:7433|part|7433|mechanicdb:v1:obd:fix:6041|obd-procedure-0300|obd-part-0396|793a4f45aa43a4cfcf771f4dbf3862e6
mechanicdb:v1:obd:part:7434|part|7434|mechanicdb:v1:obd:fix:6042|obd-procedure-0301|obd-part-0397|8b2d56bf44097ce995879335e1169a34
mechanicdb:v1:obd:part:7435|part|7435|mechanicdb:v1:obd:fix:6043|obd-procedure-0302|obd-part-0398|7fb4da4ddd66c2c6ae1de34a546b5b3c
mechanicdb:v1:obd:part:7436|part|7436|mechanicdb:v1:obd:fix:6044|obd-procedure-0303|obd-part-0399|a187ba515777d5f935087b298109de17
mechanicdb:v1:obd:part:7437|part|7437|mechanicdb:v1:obd:fix:6045|obd-procedure-0304|obd-part-0400|345c64d3a8e059e95158c9a67defb0cc
mechanicdb:v1:obd:part:7438|part|7438|mechanicdb:v1:obd:fix:6046|obd-procedure-0305|obd-part-0401|643acb98221ff77ab70ff4b395a46332
mechanicdb:v1:obd:part:7439|part|7439|mechanicdb:v1:obd:fix:6046|obd-procedure-0305|obd-part-0402|7c2eaac1a0beca57b20e98bb3daeb733
mechanicdb:v1:obd:part:7440|part|7440|mechanicdb:v1:obd:fix:6047|obd-procedure-0306|obd-part-0403|f006fcad42c83e7602f925b71b4e695e
mechanicdb:v1:obd:part:7441|part|7441|mechanicdb:v1:obd:fix:6048|obd-procedure-0307|obd-part-0404|1238de5d37ab653d90a6b8c46f76f0bc
mechanicdb:v1:obd:part:7507|part|7507|mechanicdb:v1:obd:fix:6101|obd-procedure-0316|obd-part-0415|4057ce58436ec0988d8cecbfb1d5eb3a
mechanicdb:v1:obd:part:7508|part|7508|mechanicdb:v1:obd:fix:6101|obd-procedure-0316|obd-part-0416|647385799ca578dd12e067525f8e77eb
mechanicdb:v1:obd:part:7509|part|7509|mechanicdb:v1:obd:fix:6102|obd-procedure-0317|obd-part-0417|d71ab13319d9c3c841d43ae436ff5f26
mechanicdb:v1:obd:part:7510|part|7510|mechanicdb:v1:obd:fix:6103|obd-procedure-0318|obd-part-0418|4ec0b63ccfa3bd4e134e7ebc3529415e
mechanicdb:v1:obd:part:7511|part|7511|mechanicdb:v1:obd:fix:6104|obd-procedure-0319|obd-part-0419|8b885e36f02b23d2cf8e82ad241f5b95
mechanicdb:v1:obd:part:7582|part|7582|mechanicdb:v1:obd:fix:6161|obd-procedure-0320|obd-part-0420|8e2a5e7229c20d6bc7c06e05ce85451b
mechanicdb:v1:obd:part:7583|part|7583|mechanicdb:v1:obd:fix:6162|obd-procedure-0321|obd-part-0421|dc9c9a7ddc9c035e307adac29b723bca
mechanicdb:v1:obd:part:7584|part|7584|mechanicdb:v1:obd:fix:6163|obd-procedure-0322|obd-part-0422|e669d00c8025b82b4de0bd5af79b5522
mechanicdb:v1:obd:part:7585|part|7585|mechanicdb:v1:obd:fix:6164|obd-procedure-0323|obd-part-0423|ee4c20b4ea09118fcc20d24dde96942e
mechanicdb:v1:obd:part:7586|part|7586|mechanicdb:v1:obd:fix:6164|obd-procedure-0323|obd-part-0424|b8c958d4d48f689477a3e6ba9351b8bb
mechanicdb:v1:obd:part:7662|part|7662|mechanicdb:v1:obd:fix:6225|obd-procedure-0320|obd-part-0420|2df94ae8fecab4403b1e6a88654a8519
mechanicdb:v1:obd:part:7663|part|7663|mechanicdb:v1:obd:fix:6226|obd-procedure-0321|obd-part-0421|a8698565a460b85de90287482ea42c37
mechanicdb:v1:obd:part:7664|part|7664|mechanicdb:v1:obd:fix:6227|obd-procedure-0322|obd-part-0422|e254be9c68ec77a54eb3e4f75ba21f47
mechanicdb:v1:obd:part:7665|part|7665|mechanicdb:v1:obd:fix:6228|obd-procedure-0323|obd-part-0423|d8e8d2cbceeed3b6554f4bbad4c3526e
mechanicdb:v1:obd:part:7666|part|7666|mechanicdb:v1:obd:fix:6228|obd-procedure-0323|obd-part-0424|6ee23df3a4ab29ba51f401fa1eb755f2
mechanicdb:v1:obd:part:7740|part|7740|mechanicdb:v1:obd:fix:6289|obd-procedure-0336|obd-part-0439|612e97d21aa3cd966d64ca8e75156861
mechanicdb:v1:obd:part:7741|part|7741|mechanicdb:v1:obd:fix:6290|obd-procedure-0337|obd-part-0440|3f0a2617844f8d36d28c2e95ca1dc2f3
mechanicdb:v1:obd:part:7742|part|7742|mechanicdb:v1:obd:fix:6291|obd-procedure-0338|obd-part-0441|76bd8b9d6fafd0d9f0f575804895d246
mechanicdb:v1:obd:part:7743|part|7743|mechanicdb:v1:obd:fix:6292|obd-procedure-0339|obd-part-0442|756e311cd9d85de33632ff8f322ae26a
mechanicdb:v1:obd:part:7744|part|7744|mechanicdb:v1:obd:fix:6293|obd-procedure-0344|obd-part-0447|d848e6a3a13ded8070bd9612644c160b
mechanicdb:v1:obd:part:7745|part|7745|mechanicdb:v1:obd:fix:6294|obd-procedure-0345|obd-part-0448|26a2b177dec4ae0467c1f26d43324322
mechanicdb:v1:obd:part:7746|part|7746|mechanicdb:v1:obd:fix:6295|obd-procedure-0346|obd-part-0449|67b04ead8604ed98892df631b06ac0c2
mechanicdb:v1:obd:part:7747|part|7747|mechanicdb:v1:obd:fix:6296|obd-procedure-0347|obd-part-0450|5b9b48e256b874b91e372c8a559ae7db
mechanicdb:v1:obd:part:7748|part|7748|mechanicdb:v1:obd:fix:6297|obd-procedure-0336|obd-part-0439|e0d2d25de8e293375bc569c8eb958cd1
mechanicdb:v1:obd:part:7749|part|7749|mechanicdb:v1:obd:fix:6298|obd-procedure-0337|obd-part-0440|7654f60cfd00e78af44440ba5b126e1d
mechanicdb:v1:obd:part:7750|part|7750|mechanicdb:v1:obd:fix:6299|obd-procedure-0338|obd-part-0441|a868a0d32241c803ed5620b0b0a087b0
mechanicdb:v1:obd:part:7751|part|7751|mechanicdb:v1:obd:fix:6300|obd-procedure-0339|obd-part-0442|c26ef2783fb7d6b15623966f3f644301
mechanicdb:v1:obd:part:7764|part|7764|mechanicdb:v1:obd:fix:6313|obd-procedure-0352|obd-part-0455|f4407b0b8166ec455f010f2967ba9258
mechanicdb:v1:obd:part:7765|part|7765|mechanicdb:v1:obd:fix:6314|obd-procedure-0353|obd-part-0456|f8eba7e33c1814118819176a74fe24c2
mechanicdb:v1:obd:part:7766|part|7766|mechanicdb:v1:obd:fix:6315|obd-procedure-0354|obd-part-0457|5f18f11c786b69eccbc0ca32737a8fe4
mechanicdb:v1:obd:part:7767|part|7767|mechanicdb:v1:obd:fix:6316|obd-procedure-0355|obd-part-0458|d50669fc4bb55ff328420a892a25d6e0
mechanicdb:v1:obd:part:7835|part|7835|mechanicdb:v1:obd:fix:6373|obd-procedure-0340|obd-part-0443|4ba6dd88f02bd2f0c1e0bbc9ff9a384e
mechanicdb:v1:obd:part:7836|part|7836|mechanicdb:v1:obd:fix:6374|obd-procedure-0341|obd-part-0444|bb95b02906c08416e1f693f0f6bc9565
mechanicdb:v1:obd:part:7837|part|7837|mechanicdb:v1:obd:fix:6375|obd-procedure-0342|obd-part-0445|ca0124a9660040859c53d10080534b52
mechanicdb:v1:obd:part:7838|part|7838|mechanicdb:v1:obd:fix:6376|obd-procedure-0343|obd-part-0446|79539a3cb613c4219c3dd43ec8d83e33
mechanicdb:v1:obd:part:7839|part|7839|mechanicdb:v1:obd:fix:6377|obd-procedure-0336|obd-part-0439|96948cf62245407cc705175b96fa0d0a
mechanicdb:v1:obd:part:7840|part|7840|mechanicdb:v1:obd:fix:6378|obd-procedure-0337|obd-part-0440|227cbefc5b930b61b5f20f2614509a1d
mechanicdb:v1:obd:part:7841|part|7841|mechanicdb:v1:obd:fix:6379|obd-procedure-0338|obd-part-0441|81928ea95869c19536d6141036e3abdc
mechanicdb:v1:obd:part:7842|part|7842|mechanicdb:v1:obd:fix:6380|obd-procedure-0339|obd-part-0442|9274deb1930b61f64e2f0f01355003e6
mechanicdb:v1:obd:part:7843|part|7843|mechanicdb:v1:obd:fix:6381|obd-procedure-0336|obd-part-0439|910a43458bc5ca30661220815a861a92
mechanicdb:v1:obd:part:7844|part|7844|mechanicdb:v1:obd:fix:6382|obd-procedure-0337|obd-part-0440|737a4b9fcd6efee1229d54c4aec1cff2
mechanicdb:v1:obd:part:7845|part|7845|mechanicdb:v1:obd:fix:6383|obd-procedure-0338|obd-part-0441|08db5c5813e94d9b5017423ba3777444
mechanicdb:v1:obd:part:7846|part|7846|mechanicdb:v1:obd:fix:6384|obd-procedure-0339|obd-part-0442|933ab5034217d305c4bd6f0f7beff54d
mechanicdb:v1:obd:part:8615|part|8615|mechanicdb:v1:obd:fix:7054|obd-procedure-0396|obd-part-0504|f2951e0b101f218e5faee01076c0e5b4
mechanicdb:v1:obd:part:8616|part|8616|mechanicdb:v1:obd:fix:7055|obd-procedure-0397|obd-part-0505|699a016e52cc3f24616bb3f351ea16d7
mechanicdb:v1:obd:part:8617|part|8617|mechanicdb:v1:obd:fix:7056|obd-procedure-0398|obd-part-0506|b1f3a2c283920d03b95783768806f1dc
mechanicdb:v1:obd:part:8618|part|8618|mechanicdb:v1:obd:fix:7056|obd-procedure-0398|obd-part-0507|bae11d6d2cfdc05a3c341bca8f84ebe6
mechanicdb:v1:obd:part:8619|part|8619|mechanicdb:v1:obd:fix:7057|obd-procedure-0399|obd-part-0508|416997d1101098e94ee2d661c94df31d
mechanicdb:v1:obd:part:8639|part|8639|mechanicdb:v1:obd:fix:7074|obd-procedure-0403|obd-part-0512|ae7091efa82053690be242c5d77836e4
mechanicdb:v1:obd:part:8640|part|8640|mechanicdb:v1:obd:fix:7075|obd-procedure-0404|obd-part-0513|bd07837e3ca3dc26f336851f86f16d22
mechanicdb:v1:obd:part:8641|part|8641|mechanicdb:v1:obd:fix:7075|obd-procedure-0404|obd-part-0514|294a0acbae4825989fa2dbb98f68cd0e
mechanicdb:v1:obd:part:8642|part|8642|mechanicdb:v1:obd:fix:7076|obd-procedure-0405|obd-part-0515|d7770b902d269b252b1ca6bf2dc16be0
mechanicdb:v1:obd:part:8643|part|8643|mechanicdb:v1:obd:fix:7076|obd-procedure-0405|obd-part-0516|6da28ac3634924de40beb6c5105bdb34
mechanicdb:v1:obd:part:8644|part|8644|mechanicdb:v1:obd:fix:7077|obd-procedure-0406|obd-part-0517|0c2419f8865a8245544ff19fa8252b0c
mechanicdb:v1:obd:part:8645|part|8645|mechanicdb:v1:obd:fix:7078|obd-procedure-0403|obd-part-0512|533c951209244ce9ca061e62af6b2cfb
mechanicdb:v1:obd:part:8646|part|8646|mechanicdb:v1:obd:fix:7079|obd-procedure-0404|obd-part-0513|afd194ba627f1563efad2bb446a35134
mechanicdb:v1:obd:part:8647|part|8647|mechanicdb:v1:obd:fix:7079|obd-procedure-0404|obd-part-0514|a816473f02946aec7a870e220e7319d0
mechanicdb:v1:obd:part:8648|part|8648|mechanicdb:v1:obd:fix:7080|obd-procedure-0405|obd-part-0515|a6c1c43a3890532831463019a7aace19
mechanicdb:v1:obd:part:8649|part|8649|mechanicdb:v1:obd:fix:7080|obd-procedure-0405|obd-part-0516|f52d171cf9a2e5037fc14c9f80ea54ce
mechanicdb:v1:obd:part:8650|part|8650|mechanicdb:v1:obd:fix:7081|obd-procedure-0406|obd-part-0517|882a27ce08476a83f1e4e579224a0984
mechanicdb:v1:obd:part:8651|part|8651|mechanicdb:v1:obd:fix:7082|obd-procedure-0403|obd-part-0512|dbc98af862d6f0ea6582b77330b9379f
mechanicdb:v1:obd:part:8652|part|8652|mechanicdb:v1:obd:fix:7083|obd-procedure-0404|obd-part-0513|6f2fdfe1a8f94cea054a30bd70e91d2a
mechanicdb:v1:obd:part:8653|part|8653|mechanicdb:v1:obd:fix:7083|obd-procedure-0404|obd-part-0514|2ff19e1d79d4f121849d2bcced977519
mechanicdb:v1:obd:part:8654|part|8654|mechanicdb:v1:obd:fix:7084|obd-procedure-0405|obd-part-0515|8c550b994f645204176cdb7dfd47dcf7
mechanicdb:v1:obd:part:8655|part|8655|mechanicdb:v1:obd:fix:7084|obd-procedure-0405|obd-part-0516|0f69d205eb0eeaf7d3460c8f5ce9aea6
mechanicdb:v1:obd:part:8656|part|8656|mechanicdb:v1:obd:fix:7085|obd-procedure-0406|obd-part-0517|91739b5df405660da6c288f3d49a1674
mechanicdb:v1:obd:part:9035|part|9035|mechanicdb:v1:obd:fix:7395|obd-procedure-0479|obd-part-0601|61d8753ebe81a8354ceadd25ff838947
mechanicdb:v1:obd:part:9036|part|9036|mechanicdb:v1:obd:fix:7396|obd-procedure-0480|obd-part-0602|601ea5d07da42dc4acb5f8f6c1c9d16c
mechanicdb:v1:obd:part:9037|part|9037|mechanicdb:v1:obd:fix:7397|obd-procedure-0481|obd-part-0603|c403044b48c8c5527f274c82a9409d7e
mechanicdb:v1:obd:part:9038|part|9038|mechanicdb:v1:obd:fix:7398|obd-procedure-0482|obd-part-0604|ad525fa4c6e9453a3666804966f0208f
mechanicdb:v1:obd:part:9039|part|9039|mechanicdb:v1:obd:fix:7399|obd-procedure-0479|obd-part-0601|354d2b0daf4c305c4d1abadaf78473b9
mechanicdb:v1:obd:part:9040|part|9040|mechanicdb:v1:obd:fix:7400|obd-procedure-0480|obd-part-0602|65c57b2ef78dbeb99095ba3aa2c5fb93
mechanicdb:v1:obd:part:9041|part|9041|mechanicdb:v1:obd:fix:7401|obd-procedure-0481|obd-part-0603|c88966babf7be9d8b6188389c046ef20
mechanicdb:v1:obd:part:9042|part|9042|mechanicdb:v1:obd:fix:7402|obd-procedure-0482|obd-part-0604|e2af3b72c47537c20d28e465750b2842
mechanicdb:v1:obd:part:9626|part|9626|mechanicdb:v1:obd:fix:7950|obd-procedure-0530|obd-part-0656|8fdd5c98f97c951624f81f58e3835775
mechanicdb:v1:obd:part:9627|part|9627|mechanicdb:v1:obd:fix:7951|obd-procedure-0531|obd-part-0657|adbd0b1a2d1a5915efc3f3e2a1623989
mechanicdb:v1:obd:part:9628|part|9628|mechanicdb:v1:obd:fix:7952|obd-procedure-0532|obd-part-0658|8decb665e655ddfc17b38365a8b2e5ae
mechanicdb:v1:obd:part:9641|part|9641|mechanicdb:v1:obd:fix:7965|obd-procedure-0530|obd-part-0656|8f591b29de5897f978956d9a84ba8b55
mechanicdb:v1:obd:part:9642|part|9642|mechanicdb:v1:obd:fix:7966|obd-procedure-0531|obd-part-0657|3d7fffcd7b610f92e7b6ba404d39813c
mechanicdb:v1:obd:part:9643|part|9643|mechanicdb:v1:obd:fix:7967|obd-procedure-0532|obd-part-0658|95899db336af34707a909e7b156f2c8c
mechanicdb:v1:obd:part:10560|part|10560|mechanicdb:v1:obd:fix:8840|obd-procedure-0574|obd-part-0701|e63aa1a3fb76a663c078f851f597c6c5
mechanicdb:v1:obd:part:10561|part|10561|mechanicdb:v1:obd:fix:8840|obd-procedure-0574|obd-part-0702|bfff485d491fb42c535f38c9471265ae
mechanicdb:v1:obd:part:10562|part|10562|mechanicdb:v1:obd:fix:8841|obd-procedure-0575|obd-part-0703|91d5eacc44f94d6aec4fa6c3d4039305
mechanicdb:v1:obd:part:10563|part|10563|mechanicdb:v1:obd:fix:8842|obd-procedure-0576|obd-part-0704|2e199e8429dc0f27b3c2424f16f7cb8e
mechanicdb:v1:obd:part:10580|part|10580|mechanicdb:v1:obd:fix:8857|obd-procedure-0584|obd-part-0712|7dee7efc25bb82bd89acd0de271c093c
mechanicdb:v1:obd:part:10581|part|10581|mechanicdb:v1:obd:fix:8858|obd-procedure-0586|obd-part-0714|d77d037c75d158a7e7b214373408be9a
mechanicdb:v1:obd:part:10582|part|10582|mechanicdb:v1:obd:fix:8859|obd-procedure-0585|obd-part-0713|cb5c46b49599490f5f486890db8976d9
mechanicdb:v1:obd:part:10583|part|10583|mechanicdb:v1:obd:fix:8860|obd-procedure-0584|obd-part-0712|658037b047c2c293f37eca1f0c9c1230
mechanicdb:v1:obd:part:10584|part|10584|mechanicdb:v1:obd:fix:8861|obd-procedure-0586|obd-part-0714|79c03ad34b2571266890d840e0695b0f
mechanicdb:v1:obd:part:10585|part|10585|mechanicdb:v1:obd:fix:8862|obd-procedure-0585|obd-part-0713|9ca56bfd4bf1c8ec4171c6ece5ff3e9e
mechanicdb:v1:obd:part:10643|part|10643|mechanicdb:v1:obd:fix:8910|obd-procedure-0590|obd-part-0718|028eba1eeaf6398cbd32698945293211
mechanicdb:v1:obd:part:10644|part|10644|mechanicdb:v1:obd:fix:8911|obd-procedure-0591|obd-part-0719|02e1fe375ec7b098a7e246f58eafa939
mechanicdb:v1:obd:part:10645|part|10645|mechanicdb:v1:obd:fix:8911|obd-procedure-0591|obd-part-0720|88a5fa243d3949c77e59693c525880e6
mechanicdb:v1:obd:part:10646|part|10646|mechanicdb:v1:obd:fix:8912|obd-procedure-0592|obd-part-0721|d60a89720ba5f69abe9390aa29d23f22
mechanicdb:v1:obd:part:10681|part|10681|mechanicdb:v1:obd:fix:8944|obd-procedure-0596|obd-part-0725|fd5f75adc51d7f89e7e18e7f7f98265b
mechanicdb:v1:obd:part:10682|part|10682|mechanicdb:v1:obd:fix:8945|obd-procedure-0597|obd-part-0726|bc9568cfc30a7b49856c10ba7e8a7ced
mechanicdb:v1:obd:part:10683|part|10683|mechanicdb:v1:obd:fix:8945|obd-procedure-0597|obd-part-0727|ebd7b7eea6f0b9e23359d162b25e6d7c
mechanicdb:v1:obd:part:10684|part|10684|mechanicdb:v1:obd:fix:8946|obd-procedure-0598|obd-part-0728|dd04b32c52613eff44c75b1d2d7b2847
mechanicdb:v1:obd:part:10815|part|10815|mechanicdb:v1:obd:fix:9065|obd-procedure-0610|obd-part-0741|7d336119f2d71657fb4d679499524624
mechanicdb:v1:obd:part:10816|part|10816|mechanicdb:v1:obd:fix:9065|obd-procedure-0610|obd-part-0742|0e014d0c1e84890015d975313272f472
mechanicdb:v1:obd:part:10817|part|10817|mechanicdb:v1:obd:fix:9066|obd-procedure-0733|obd-part-0874|55ea477d58fc10a431e77b2f9d61c465
mechanicdb:v1:obd:part:10818|part|10818|mechanicdb:v1:obd:fix:9067|obd-procedure-0611|obd-part-0743|da3de91ba9c1941b67587aa87e82f8c9
mechanicdb:v1:obd:part:10819|part|10819|mechanicdb:v1:obd:fix:9068|obd-procedure-0612|obd-part-0744|bdcd92b6a44e36a33c305b99e2b04546
mechanicdb:v1:obd:part:10825|part|10825|mechanicdb:v1:obd:fix:9073|obd-procedure-0610|obd-part-0741|42971ded0ecbd2009a332ba5897716a8
mechanicdb:v1:obd:part:10826|part|10826|mechanicdb:v1:obd:fix:9073|obd-procedure-0610|obd-part-0742|78ed8ef92cc94ca6022b18826161fdcf
mechanicdb:v1:obd:part:10827|part|10827|mechanicdb:v1:obd:fix:9074|obd-procedure-0733|obd-part-0874|ee6a1faeaf6f905d62ca6576f99af354
mechanicdb:v1:obd:part:10828|part|10828|mechanicdb:v1:obd:fix:9075|obd-procedure-0611|obd-part-0743|ade54937daea6812c31883f1942f6dd4
mechanicdb:v1:obd:part:10829|part|10829|mechanicdb:v1:obd:fix:9076|obd-procedure-0612|obd-part-0744|a7b012106136e196d1c94cd3acea1e3f
mechanicdb:v1:obd:part:10909|part|10909|mechanicdb:v1:obd:fix:9145|obd-procedure-0616|obd-part-0749|64b7ccf99b6b5086e6609af430e96667
mechanicdb:v1:obd:part:10910|part|10910|mechanicdb:v1:obd:fix:9145|obd-procedure-0616|obd-part-0750|8db217b4e7c7bdc706d4e7896b3ad255
mechanicdb:v1:obd:part:10911|part|10911|mechanicdb:v1:obd:fix:9146|obd-procedure-0731|obd-part-0872|cf359d3db36a6b0ea0fed771f8d93f01
mechanicdb:v1:obd:part:10912|part|10912|mechanicdb:v1:obd:fix:9147|obd-procedure-0617|obd-part-0751|8074aec45439fe42ec62d6277c6cbb5b
mechanicdb:v1:obd:part:10913|part|10913|mechanicdb:v1:obd:fix:9148|obd-procedure-0618|obd-part-0752|de62683b2a8d12edd8c8a90c1bf19329
mechanicdb:v1:obd:part:19702|part|19702|mechanicdb:v1:obd:fix:15367|obd-procedure-1037|obd-part-1334|d7a2530ea710f3aa220d1c523d1d9562
mechanicdb:v1:obd:part:19703|part|19703|mechanicdb:v1:obd:fix:15367|obd-procedure-1037|obd-part-1335|9c9480110a98b6d635cf87bfebd36707
mechanicdb:v1:obd:part:19704|part|19704|mechanicdb:v1:obd:fix:15368|obd-procedure-1038|obd-part-1336|7f157b0ae33f96974c78583c1f448404
mechanicdb:v1:obd:part:19705|part|19705|mechanicdb:v1:obd:fix:15369|obd-procedure-1039|obd-part-1337|09e61abf79ffdc681e9d76728b53a8ce
mechanicdb:v1:obd:part:19706|part|19706|mechanicdb:v1:obd:fix:15370|obd-procedure-1040|obd-part-1338|0e05eb6e076007c906865466938cf132
mechanicdb:v1:obd:part:19707|part|19707|mechanicdb:v1:obd:fix:15370|obd-procedure-1040|obd-part-1339|beaa766434c94d76a1eb3e1a3595773b
mechanicdb:v1:obd:part:20488|part|20488|mechanicdb:v1:obd:fix:15889|obd-procedure-0126|obd-part-0166|a7677af781c749d1737d82ca0e114a51
mechanicdb:v1:obd:part:20489|part|20489|mechanicdb:v1:obd:fix:15889|obd-procedure-0126|obd-part-0167|70165f84e86aa1cd00f3c8d3bd114426
mechanicdb:v1:obd:part:20490|part|20490|mechanicdb:v1:obd:fix:15890|obd-procedure-0127|obd-part-0168|059b7c254b8e05ccaad16eb20c25b938
mechanicdb:v1:obd:part:20491|part|20491|mechanicdb:v1:obd:fix:15890|obd-procedure-0127|obd-part-0169|3debca04e733c1dcc751273f86cb5e30
mechanicdb:v1:obd:part:20492|part|20492|mechanicdb:v1:obd:fix:15891|obd-procedure-0128|obd-part-0170|5e52cd6fea471331697996533fd17183
mechanicdb:v1:obd:part:20493|part|20493|mechanicdb:v1:obd:fix:15891|obd-procedure-0128|obd-part-0171|963ef1e61a5c2ce9aa3f8d8f883654cc
mechanicdb:v1:obd:part:20494|part|20494|mechanicdb:v1:obd:fix:15892|obd-procedure-0129|obd-part-0172|2068b0bce664fea8bc9d1ed584a8eb76
mechanicdb:v1:obd:part:20495|part|20495|mechanicdb:v1:obd:fix:15893|obd-procedure-0130|obd-part-0173|0600b7d083cb2b0d4ebe5f88056ee1c8
mechanicdb:v1:obd:part:20496|part|20496|mechanicdb:v1:obd:fix:15893|obd-procedure-0130|obd-part-0174|31555d12f0acc08f30f4598f6b72d556
mechanicdb:v1:obd:part:20497|part|20497|mechanicdb:v1:obd:fix:15894|obd-procedure-0131|obd-part-0175|eb82c36d8d02d804607cee786d9c160f
mechanicdb:v1:obd:part:20498|part|20498|mechanicdb:v1:obd:fix:15894|obd-procedure-0131|obd-part-0176|215956531ac2cd6cce6a4742e3e27af6
mechanicdb:v1:obd:part:21033|part|21033|mechanicdb:v1:obd:fix:16272|obd-procedure-1111|obd-part-1436|d3d1c8a8b83ffec99cbe7cf2ead1b066
mechanicdb:v1:obd:part:21034|part|21034|mechanicdb:v1:obd:fix:16273|obd-procedure-1112|obd-part-1437|3b65edbcb376983d09261f32b55d25c4
mechanicdb:v1:obd:part:21035|part|21035|mechanicdb:v1:obd:fix:16273|obd-procedure-1112|obd-part-1438|5baa12953db81ffeb9e9bf7fb07273fe
mechanicdb:v1:obd:part:21036|part|21036|mechanicdb:v1:obd:fix:16274|obd-procedure-1113|obd-part-1439|e44fe2206fee1f59049d921a5d799554
mechanicdb:v1:obd:part:21037|part|21037|mechanicdb:v1:obd:fix:16275|obd-procedure-1114|obd-part-1440|66dc11bee3d12efa00cf6449dc59bfe2
mechanicdb:v1:obd:part:21038|part|21038|mechanicdb:v1:obd:fix:16275|obd-procedure-1114|obd-part-1441|39e2b041f9f71b4387f5a3fea5083261
mechanicdb:v1:obd:part:21248|part|21248|mechanicdb:v1:obd:fix:16439|obd-procedure-0099|obd-part-0130|b8b0ee4c31dd529c05601a9cc3ba2ae2
mechanicdb:v1:obd:part:21249|part|21249|mechanicdb:v1:obd:fix:16440|obd-procedure-0100|obd-part-0131|8c543ee78d680afdf8995e75208604a0
mechanicdb:v1:obd:part:21250|part|21250|mechanicdb:v1:obd:fix:16440|obd-procedure-0100|obd-part-0132|f0b0cf0958f21f0b5546b39e949fe3d2
mechanicdb:v1:obd:part:21251|part|21251|mechanicdb:v1:obd:fix:16441|obd-procedure-0101|obd-part-0133|1db9121ab77b2038d35d4a2b15b602d7
mechanicdb:v1:obd:part:21260|part|21260|mechanicdb:v1:obd:fix:16448|obd-procedure-0099|obd-part-0130|959693890f695ef5130b40d7ad8a523c
mechanicdb:v1:obd:part:21261|part|21261|mechanicdb:v1:obd:fix:16449|obd-procedure-0100|obd-part-0131|8c40d9e0ddd4d16b58a9d0e653587c65
mechanicdb:v1:obd:part:21262|part|21262|mechanicdb:v1:obd:fix:16449|obd-procedure-0100|obd-part-0132|e5664024c5a857e0a3be7a45c135cd61
mechanicdb:v1:obd:part:21263|part|21263|mechanicdb:v1:obd:fix:16450|obd-procedure-0101|obd-part-0133|672033a7dc11ec2805a251c20177a3e0
mechanicdb:v1:obd:part:21572|part|21572|mechanicdb:v1:obd:fix:16678|obd-procedure-0102|obd-part-0134|bddf69dcd2f54f2de4a16a6980e73e49
mechanicdb:v1:obd:part:21573|part|21573|mechanicdb:v1:obd:fix:16679|obd-procedure-0103|obd-part-0135|ba2009e187543ebb70656847b3ebfc9b
mechanicdb:v1:obd:part:21574|part|21574|mechanicdb:v1:obd:fix:16679|obd-procedure-0103|obd-part-0136|be2a8ceba122f6596cc67369f1c17e3d
mechanicdb:v1:obd:part:21575|part|21575|mechanicdb:v1:obd:fix:16680|obd-procedure-0104|obd-part-0137|7d4ac00422c783f7f358034f7c165a9e
mechanicdb:v1:obd:part:21576|part|21576|mechanicdb:v1:obd:fix:16680|obd-procedure-0104|obd-part-0138|bfac4cc33ef3df88f0520212a465f16d
mechanicdb:v1:obd:part:21597|part|21597|mechanicdb:v1:obd:fix:16696|obd-procedure-0126|obd-part-0166|df7eb5b0b6ca67d86570a096f0bdf17d
mechanicdb:v1:obd:part:21598|part|21598|mechanicdb:v1:obd:fix:16696|obd-procedure-0126|obd-part-0167|39f29c56817eda2ed508666067714e2f
mechanicdb:v1:obd:part:21599|part|21599|mechanicdb:v1:obd:fix:16697|obd-procedure-0127|obd-part-0168|2c0e62ec9aeb6ab192865afe16d61092
mechanicdb:v1:obd:part:21600|part|21600|mechanicdb:v1:obd:fix:16697|obd-procedure-0127|obd-part-0169|da91cde0f1b897bfd576247b8bca6827
mechanicdb:v1:obd:part:21601|part|21601|mechanicdb:v1:obd:fix:16698|obd-procedure-0128|obd-part-0170|440b50841e796d8544f87a9c2054207f
mechanicdb:v1:obd:part:21602|part|21602|mechanicdb:v1:obd:fix:16698|obd-procedure-0128|obd-part-0171|6d4f6ddbafa8efacc9f5ad1afc05a36e
mechanicdb:v1:obd:part:21661|part|21661|mechanicdb:v1:obd:fix:16739|obd-procedure-0111|obd-part-0146|f9882006c40e7d9516479a5dee901399
mechanicdb:v1:obd:part:21662|part|21662|mechanicdb:v1:obd:fix:16740|obd-procedure-0112|obd-part-0147|4f33291995b7dcac5f464e18dab837d8
mechanicdb:v1:obd:part:21663|part|21663|mechanicdb:v1:obd:fix:16740|obd-procedure-0112|obd-part-0148|33e93688565699e9a977128000fcac54
mechanicdb:v1:obd:part:21664|part|21664|mechanicdb:v1:obd:fix:16741|obd-procedure-0113|obd-part-0149|b6bbe753d40c449f0f4f86e7faab92d0
mechanicdb:v1:obd:part:22823|part|22823|mechanicdb:v1:obd:fix:17493|obd-procedure-0111|obd-part-0146|86a6706121b9f326a98649005bc9fca7
mechanicdb:v1:obd:part:22824|part|22824|mechanicdb:v1:obd:fix:17494|obd-procedure-0112|obd-part-0147|999b1c5f6ddaf72e4d625591b749fa7d
mechanicdb:v1:obd:part:22825|part|22825|mechanicdb:v1:obd:fix:17494|obd-procedure-0112|obd-part-0148|ee1f2bb9fa6f0bcd101a1ce455980be3
mechanicdb:v1:obd:part:22826|part|22826|mechanicdb:v1:obd:fix:17495|obd-procedure-0113|obd-part-0149|84bb53f1a84dc198958332841516791b
mechanicdb:v1:obd:part:36842|part|36842|mechanicdb:v1:obd:fix:28288|obd-procedure-2011|obd-part-2476|6f8fba1e149c50b98c21f256251463a2
mechanicdb:v1:obd:part:36843|part|36843|mechanicdb:v1:obd:fix:28288|obd-procedure-2011|obd-part-2477|5ee487e974960af34d7d2740507370c2
mechanicdb:v1:obd:part:36844|part|36844|mechanicdb:v1:obd:fix:28289|obd-procedure-2012|obd-part-2478|fc9ed0e2031f48faac048767eb936905
mechanicdb:v1:obd:part:36845|part|36845|mechanicdb:v1:obd:fix:28289|obd-procedure-2012|obd-part-2479|96ab5f8424ac2afd5a83ed959f7bf9e1
mechanicdb:v1:obd:part:36846|part|36846|mechanicdb:v1:obd:fix:28290|obd-procedure-2013|obd-part-2480|27a4925e54b3fcd4bac18095598a4ec1
mechanicdb:v1:obd:part:36847|part|36847|mechanicdb:v1:obd:fix:28290|obd-procedure-2013|obd-part-2481|32d5457b0d9abc48c75a30e93d4378d5
mechanicdb:v1:obd:part:36848|part|36848|mechanicdb:v1:obd:fix:28291|obd-procedure-2014|obd-part-2482|c56745da402e6ee8e0e3494dfd0ce854
mechanicdb:v1:obd:part:36849|part|36849|mechanicdb:v1:obd:fix:28291|obd-procedure-2014|obd-part-2483|cff23bac73c0aeb4462fe00bdd7ec2a5
mechanicdb:v1:obd:part:36850|part|36850|mechanicdb:v1:obd:fix:28292|obd-procedure-2011|obd-part-2476|0c31cbab9b5b1de2abd6c3f1989a9def
mechanicdb:v1:obd:part:36851|part|36851|mechanicdb:v1:obd:fix:28292|obd-procedure-2011|obd-part-2477|40fa1fe60faa63d7921a2ad8c0642df6
mechanicdb:v1:obd:part:36852|part|36852|mechanicdb:v1:obd:fix:28293|obd-procedure-2012|obd-part-2478|53a99f39146e58c3bca3e1a62191899a
mechanicdb:v1:obd:part:36853|part|36853|mechanicdb:v1:obd:fix:28293|obd-procedure-2012|obd-part-2479|2d8f51408f7c8b598199d216a7d5aeb0
mechanicdb:v1:obd:part:36854|part|36854|mechanicdb:v1:obd:fix:28294|obd-procedure-2013|obd-part-2480|347ad3d3ba330a972bcf8b61beb963df
mechanicdb:v1:obd:part:36855|part|36855|mechanicdb:v1:obd:fix:28294|obd-procedure-2013|obd-part-2481|9f62b1a96cc78c22438449cdf6cdca76
mechanicdb:v1:obd:part:36856|part|36856|mechanicdb:v1:obd:fix:28295|obd-procedure-2014|obd-part-2482|551ac3cfb4798a8e28cb681856fb4fca
mechanicdb:v1:obd:part:36857|part|36857|mechanicdb:v1:obd:fix:28295|obd-procedure-2014|obd-part-2483|664ffb941936f3cbab43f06f2802b2c4
mechanicdb:v1:obd:part:37103|part|37103|mechanicdb:v1:obd:fix:28420|obd-procedure-2019|obd-part-2492|ad1542cbb0263d6750bc040b026b227c
mechanicdb:v1:obd:part:37104|part|37104|mechanicdb:v1:obd:fix:28420|obd-procedure-2019|obd-part-2493|8ce68c6e9631ff0eb953e8b747cfff09
mechanicdb:v1:obd:part:37105|part|37105|mechanicdb:v1:obd:fix:28421|obd-procedure-2020|obd-part-2494|977dea0c41faad1fa282105322db2e8d
mechanicdb:v1:obd:part:37106|part|37106|mechanicdb:v1:obd:fix:28421|obd-procedure-2020|obd-part-2495|282cb9c2b806c4755f0ac70536c046dc
mechanicdb:v1:obd:part:37107|part|37107|mechanicdb:v1:obd:fix:28422|obd-procedure-2021|obd-part-2496|5d035c7973c63ee8ff09167fccea6bc3
mechanicdb:v1:obd:part:37108|part|37108|mechanicdb:v1:obd:fix:28422|obd-procedure-2021|obd-part-2497|9ba9bf0ff8abe297b60b87d767b276ad
mechanicdb:v1:obd:part:37109|part|37109|mechanicdb:v1:obd:fix:28422|obd-procedure-2021|obd-part-2498|846c2c0b26054292392f67417b50937b
mechanicdb:v1:obd:part:37110|part|37110|mechanicdb:v1:obd:fix:28423|obd-procedure-2022|obd-part-2499|d492eb28b6074cfd12b7a691a08b453d
mechanicdb:v1:obd:part:37111|part|37111|mechanicdb:v1:obd:fix:28423|obd-procedure-2022|obd-part-2500|fef23ecb235c7aebb70aa21c6cc27e66
mechanicdb:v1:obd:part:45037|part|45037|mechanicdb:v1:obd:fix:33105|obd-procedure-1746|obd-part-2160|9b70eb3d6f4ebf252478fc1a4220149a
mechanicdb:v1:obd:part:45038|part|45038|mechanicdb:v1:obd:fix:33106|obd-procedure-1747|obd-part-2161|cd368aa653141bfa2ee8f2ffbd919b90
mechanicdb:v1:obd:part:45039|part|45039|mechanicdb:v1:obd:fix:33107|obd-procedure-1748|obd-part-2162|45add7c0df268c02af8077070591e344
mechanicdb:v1:obd:part:45044|part|45044|mechanicdb:v1:obd:fix:33111|obd-procedure-0126|obd-part-0166|c7fd711e9273ca94b7144bbca70c353f
mechanicdb:v1:obd:part:45045|part|45045|mechanicdb:v1:obd:fix:33111|obd-procedure-0126|obd-part-0167|2dc021120f3f066291ee72f3d50ec379
mechanicdb:v1:obd:part:45046|part|45046|mechanicdb:v1:obd:fix:33112|obd-procedure-0127|obd-part-0168|4b702ed38dd9e68e9a36a09c3d777f51
mechanicdb:v1:obd:part:45047|part|45047|mechanicdb:v1:obd:fix:33112|obd-procedure-0127|obd-part-0169|12a91b75ec82c534977a253d8dc4aa23
mechanicdb:v1:obd:part:45048|part|45048|mechanicdb:v1:obd:fix:33113|obd-procedure-0128|obd-part-0170|ea901324a7c3b1fc74d3a459f138f41f
mechanicdb:v1:obd:part:45049|part|45049|mechanicdb:v1:obd:fix:33113|obd-procedure-0128|obd-part-0171|e9f1827aabb5cc26a110a9cc0006e86b
mechanicdb:v1:obd:part:45061|part|45061|mechanicdb:v1:obd:fix:33120|obd-procedure-0129|obd-part-0172|ee3522d7e125e8921d61458503af7433
mechanicdb:v1:obd:part:45062|part|45062|mechanicdb:v1:obd:fix:33121|obd-procedure-0130|obd-part-0173|b6d0cf35642ad7bcf6de1db8b468a70e
mechanicdb:v1:obd:part:45063|part|45063|mechanicdb:v1:obd:fix:33121|obd-procedure-0130|obd-part-0174|0a163a8f8a71e855f2ef6572724b74e2
mechanicdb:v1:obd:part:45064|part|45064|mechanicdb:v1:obd:fix:33122|obd-procedure-0131|obd-part-0175|01957251232facce10f6a30ae68c876c
mechanicdb:v1:obd:part:45065|part|45065|mechanicdb:v1:obd:fix:33122|obd-procedure-0131|obd-part-0176|1b5f50d057d4899c3bd822a162e542cd
mechanicdb:v1:obd:part:50448|part|50448|mechanicdb:v1:obd:fix:37252|obd-procedure-0012|obd-part-0017|96487f5c9dc4e4bf7d7acf9e200c7102
mechanicdb:v1:obd:part:50449|part|50449|mechanicdb:v1:obd:fix:37252|obd-procedure-0012|obd-part-0018|7784b9eb424713fce59de572aa2aacf5
mechanicdb:v1:obd:part:50450|part|50450|mechanicdb:v1:obd:fix:37253|obd-procedure-0013|obd-part-0019|b7a70a944820a062438371e9a97cd92d
mechanicdb:v1:obd:part:50451|part|50451|mechanicdb:v1:obd:fix:37254|obd-procedure-0014|obd-part-0020|b990386ecbdabca41d5267ab7dd7a771
mechanicdb:v1:obd:part:51162|part|51162|mechanicdb:v1:obd:fix:37860|obd-procedure-2137|obd-part-2669|e6a0c12a561506ee01ff021f5b1f5399
mechanicdb:v1:obd:part:51163|part|51163|mechanicdb:v1:obd:fix:37861|obd-procedure-2138|obd-part-2670|0112decf01267f4a62e9f36c1980fd48
mechanicdb:v1:obd:part:51164|part|51164|mechanicdb:v1:obd:fix:37861|obd-procedure-2138|obd-part-2671|fe0ad2ea1acb56a4c85f4903fe7d5cb7
mechanicdb:v1:obd:part:51165|part|51165|mechanicdb:v1:obd:fix:37861|obd-procedure-2138|obd-part-2672|5dfae831a0b55af57ec77a5fcf0ccaf7
mechanicdb:v1:obd:part:51166|part|51166|mechanicdb:v1:obd:fix:37862|obd-procedure-2139|obd-part-2673|d5b5b3a2e9f376194313e0b58ab28843
mechanicdb:v1:obd:part:51167|part|51167|mechanicdb:v1:obd:fix:37862|obd-procedure-2139|obd-part-2674|66e705425238f0e2aa9fb9a47f85df89
mechanicdb:v1:obd:part:51168|part|51168|mechanicdb:v1:obd:fix:37863|obd-procedure-2140|obd-part-2675|c47f700a69209d4d7d825e87a8d2ad25
mechanicdb:v1:obd:part:51169|part|51169|mechanicdb:v1:obd:fix:37863|obd-procedure-2140|obd-part-2676|5bd1030230383eb94761b0b5736c86ec
mechanicdb:v1:obd:part:51170|part|51170|mechanicdb:v1:obd:fix:37863|obd-procedure-2140|obd-part-2677|b6ef1d6dde3a205c17734de52a4de855
mechanicdb:v1:obd:part:53429|part|53429|mechanicdb:v1:obd:fix:39642|obd-procedure-2011|obd-part-2476|96ab00490334dbb10c8ae3cf8364fc61
mechanicdb:v1:obd:part:53430|part|53430|mechanicdb:v1:obd:fix:39642|obd-procedure-2011|obd-part-2477|e3660442035eba20d0b2eea5f8c1f1b4
mechanicdb:v1:obd:part:53431|part|53431|mechanicdb:v1:obd:fix:39643|obd-procedure-2012|obd-part-2478|652c128786fe27d07b732536a16193b7
mechanicdb:v1:obd:part:53432|part|53432|mechanicdb:v1:obd:fix:39643|obd-procedure-2012|obd-part-2479|ae46db707be9933c5130847f2ba41e5b
mechanicdb:v1:obd:part:53433|part|53433|mechanicdb:v1:obd:fix:39644|obd-procedure-2013|obd-part-2480|0eef5e5926d703adb794263f3dcd3b48
mechanicdb:v1:obd:part:53434|part|53434|mechanicdb:v1:obd:fix:39644|obd-procedure-2013|obd-part-2481|aebe03a74934ab5c9d5c39f0d6d77dde
mechanicdb:v1:obd:part:53435|part|53435|mechanicdb:v1:obd:fix:39645|obd-procedure-2014|obd-part-2482|384ae4acbc9be07ba1feab0fb9946c63
mechanicdb:v1:obd:part:53436|part|53436|mechanicdb:v1:obd:fix:39645|obd-procedure-2014|obd-part-2483|330240aed498f6fff0e01253ffc938dd
mechanicdb:v1:obd:part:53484|part|53484|mechanicdb:v1:obd:fix:39683|obd-procedure-2098|obd-part-2626|a024c58620030f9a445d50bc0b6ac3c1
mechanicdb:v1:obd:part:53485|part|53485|mechanicdb:v1:obd:fix:39684|obd-procedure-2099|obd-part-2627|832014c1e9901647a67f5f40af783b8d
mechanicdb:v1:obd:part:53486|part|53486|mechanicdb:v1:obd:fix:39685|obd-procedure-2100|obd-part-2628|270b46829854293246f2aedbc31ab860
mechanicdb:v1:obd:part:53602|part|53602|mechanicdb:v1:obd:fix:39778|obd-procedure-0117|obd-part-0154|336c6a6011917eeb47bac6f918cb50d4
mechanicdb:v1:obd:part:53603|part|53603|mechanicdb:v1:obd:fix:39779|obd-procedure-0118|obd-part-0155|f9203d27ce958bbccbc0bea66346a37c
mechanicdb:v1:obd:part:53604|part|53604|mechanicdb:v1:obd:fix:39779|obd-procedure-0118|obd-part-0156|3537b3f08d4ba413017a45e100d7367c
mechanicdb:v1:obd:part:53605|part|53605|mechanicdb:v1:obd:fix:39780|obd-procedure-0119|obd-part-0157|fb3004cc601db9d225f122e94f72ddc1
mechanicdb:v1:obd:part:57715|part|57715|mechanicdb:v1:obd:fix:42988|obd-procedure-0248|obd-part-0335|80069d75bee8b1b811183789146de311
mechanicdb:v1:obd:part:57716|part|57716|mechanicdb:v1:obd:fix:42989|obd-procedure-0249|obd-part-0336|0ef7a5f6a8523b5cc003f7450b39ab19
mechanicdb:v1:obd:part:57717|part|57717|mechanicdb:v1:obd:fix:42989|obd-procedure-0249|obd-part-0337|ebc39e833167e2996610b5aecd1155c6
mechanicdb:v1:obd:part:57718|part|57718|mechanicdb:v1:obd:fix:42990|obd-procedure-0250|obd-part-0338|0caa62654f8db2efd1766797d0ab96a7
mechanicdb:v1:obd:part:57719|part|57719|mechanicdb:v1:obd:fix:42991|obd-procedure-0251|obd-part-0339|8a03651388475ee78f1a8bc73b3649d0
mechanicdb:v1:obd:part:59300|part|59300|mechanicdb:v1:obd:fix:44256|obd-procedure-2192|obd-part-2748|a2196d5aee6e92a460da9c5e91f3ad0e
mechanicdb:v1:obd:part:59301|part|59301|mechanicdb:v1:obd:fix:44256|obd-procedure-2192|obd-part-2749|7d567bed69ae821d395b03a574d37a8d
mechanicdb:v1:obd:part:59302|part|59302|mechanicdb:v1:obd:fix:44257|obd-procedure-2193|obd-part-2750|203adfda864021f7a734284d1429c808
mechanicdb:v1:obd:part:59303|part|59303|mechanicdb:v1:obd:fix:44258|obd-procedure-2194|obd-part-2751|06d4c2fe158b6737bc980cc53bfb4f64
mechanicdb:v1:obd:part:59304|part|59304|mechanicdb:v1:obd:fix:44258|obd-procedure-2194|obd-part-2752|c2b4e1994c9c20e7834e5980ae7a9e3d
mechanicdb:v1:obd:part:59305|part|59305|mechanicdb:v1:obd:fix:44258|obd-procedure-2194|obd-part-2753|e8d187cdba70420056d5d9964ac0a2b9
mechanicdb:v1:obd:part:59306|part|59306|mechanicdb:v1:obd:fix:44259|obd-procedure-2195|obd-part-2754|62b3c99093ee473407970df0f145d323
mechanicdb:v1:obd:part:59307|part|59307|mechanicdb:v1:obd:fix:44259|obd-procedure-2195|obd-part-2755|11176ea04f7504d4f1f5d746bd43a4de
mechanicdb:v1:obd:part:61813|part|61813|mechanicdb:v1:obd:fix:46192|obd-procedure-2098|obd-part-2626|fc1ae14f7d3ce0fb6f4166cefa6d3d10
mechanicdb:v1:obd:part:61814|part|61814|mechanicdb:v1:obd:fix:46193|obd-procedure-2099|obd-part-2627|5ec73340f7f529458d83389cac125da9
mechanicdb:v1:obd:part:61815|part|61815|mechanicdb:v1:obd:fix:46194|obd-procedure-2100|obd-part-2628|f4fe38603d94b4992638a37dc98fd6d6
mechanicdb:v1:obd:part:67035|part|67035|mechanicdb:v1:obd:fix:50273|obd-procedure-0248|obd-part-0335|79ad464fcadba50f8460b06e1c5fad47
mechanicdb:v1:obd:part:67036|part|67036|mechanicdb:v1:obd:fix:50274|obd-procedure-0249|obd-part-0336|36652756ccdd8409095db50ad78ea852
mechanicdb:v1:obd:part:67037|part|67037|mechanicdb:v1:obd:fix:50274|obd-procedure-0249|obd-part-0337|0af2d537c8495ee042de0589cac9e166
mechanicdb:v1:obd:part:67038|part|67038|mechanicdb:v1:obd:fix:50275|obd-procedure-0250|obd-part-0338|8f3466c99e9a19a5297dc49027ef376f
mechanicdb:v1:obd:part:67039|part|67039|mechanicdb:v1:obd:fix:50276|obd-procedure-0251|obd-part-0339|c4fdbbcf146626b0af49bb5fb2c7ce9d
mechanicdb:v1:obd:part:72411|part|72411|mechanicdb:v1:obd:fix:54547|obd-procedure-1176|obd-part-1527|7d39afaa47ff75b9ec951b3c859f7158
mechanicdb:v1:obd:part:72412|part|72412|mechanicdb:v1:obd:fix:54548|obd-procedure-1177|obd-part-1528|5c000dcd7a7c4dc5670c40e42abd1236
mechanicdb:v1:obd:part:72413|part|72413|mechanicdb:v1:obd:fix:54549|obd-procedure-1178|obd-part-1529|5f72f3d5175f67a88cae24e77e6b5631
mechanicdb:v1:obd:part:72414|part|72414|mechanicdb:v1:obd:fix:54550|obd-procedure-1179|obd-part-1530|429e346e5fb35920ff027bd4f0425738
mechanicdb:v1:obd:part:72464|part|72464|mechanicdb:v1:obd:fix:54589|obd-procedure-0031|obd-part-0043|335ab29efc512937b8092f9f4581a1de
mechanicdb:v1:obd:part:72465|part|72465|mechanicdb:v1:obd:fix:54589|obd-procedure-0031|obd-part-0044|5f43b78fad1e0c0a0fbbdcab6d634398
mechanicdb:v1:obd:part:72466|part|72466|mechanicdb:v1:obd:fix:54590|obd-procedure-0032|obd-part-0045|8ca08d6ceea1c7d59bd408dddcbfd4c2
mechanicdb:v1:obd:part:72467|part|72467|mechanicdb:v1:obd:fix:54590|obd-procedure-0032|obd-part-0046|8460981c2f4b034ddfea96b486f08c25
mechanicdb:v1:obd:part:72468|part|72468|mechanicdb:v1:obd:fix:54591|obd-procedure-0033|obd-part-0047|80c42c4b97bda174bb6de73dbeec9530
mechanicdb:v1:obd:part:72741|part|72741|mechanicdb:v1:obd:fix:54784|obd-procedure-0123|obd-part-0163|a0c8d31b5286e5bb0e8806d06a166473
mechanicdb:v1:obd:part:72742|part|72742|mechanicdb:v1:obd:fix:54785|obd-procedure-0124|obd-part-0164|260d019a9577054673542a602b3750e4
mechanicdb:v1:obd:part:72743|part|72743|mechanicdb:v1:obd:fix:54786|obd-procedure-0125|obd-part-0165|7021b8c8cfbf5f30b2b80dd35bf70623
